0000000000000000 0 0 262,0
8888888888888888 0 0 65798,2,4,14
8080808080808080 0 0 131334,2,4,6,14,16
8000800080008000 0 0 196870,2,4,6,8,14,16,18
0888088808880888 0 0 262406,2,4,6,14,8,16,18,14,20
2a802a802a802a80 0 0 196870,4,6,14,8,2,16,18
f888f888f888f888 0 0 327942,2,4,6,8,14,16,18,14,20,16,22
7888788878887888 0 0 196870,2,4,6,8,16,14,18
8000000080000000 0 0 262406,2,4,6,8,14,16,10,18,20
0080808000808080 0 0 327942,2,4,6,14,8,16,10,18,20,16,22
0888800008888000 0 0 262406,2,4,6,8,16,10,14,18,20
aa2a2a80aa2a2a80 0 0 459014,4,6,14,8,2,16,8,18,20,2,10,22,24,18,26
8808080888080808 0 0 393478,2,4,6,14,8,16,10,18,20,14,22,16,24
2888a0002888a000 0 0 262406,4,10,6,8,16,14,2,18,20
f7788000f7788000 0 0 524550,6,8,2,4,14,10,8,6,20,10,22,16,18,24,26,10,28
a8202020a8202020 0 0 327942,8,10,14,6,4,16,18,6,2,20,22
bd686868bd686868 0 0 524550,8,10,14,4,2,16,4,6,18,6,20,2,22,24,26,14,28
aa808080aa808080 0 0 393478,4,6,8,10,14,16,16,14,20,18,2,22,24
7e6868687e686868 0 0 590086,8,10,14,4,14,2,16,18,2,6,20,6,22,16,24,26,28,14,30
2208a2082208a208 0 0 459014,2,4,6,14,10,16,16,8,20,14,18,2,22,24,26
0888888808888888 0 0 327942,2,4,6,14,8,16,10,18,20,14,22
ea404040ea404040 0 0 327942,4,6,8,10,16,14,2,18,20,14,22
73d28c8873d28c88 0 0 590086,2,4,10,4,16,14,8,18,20,10,6,2,22,24,20,14,28,26,30
ea808080ea808080 0 0 393478,4,6,14,2,8,10,18,2,16,20,22,2,24
a28280a0a28280a0 0 0 393478,6,8,14,10,4,2,16,18,20,6,2,22,24
13284c8813284c88 0 0 524550,2,6,14,2,4,16,14,8,18,10,22,4,20,24,26,18,28
a2220888a2220888 0 0 327942,6,8,4,14,16,4,18,10,2,20,22
aae6da80aae6da80 0 0 786694,4,6,14,10,4,2,16,18,20,14,22,6,10,24,26,6,28,2,8,30,32,20,34,14,36
58d8788858d87888 0 0 590086,2,4,8,2,6,16,18,6,10,20,14,6,22,2,24,26,28,18,30
8c88ac288c88ac28 0 0 524550,6,10,14,4,2,16,4,8,18,6,20,2,22,24,26,20,28
8880f8808880f880 0 0 459014,2,4,14,6,8,16,10,18,20,14,6,22,24,18,26
9ee8e8889ee8e888 0 0 721158,2,4,14,6,16,8,10,18,6,8,22,20,10,2,26,4,28,20,24,30,32,14,34
4268c2684268c268 0 0 590086,4,6,10,14,8,4,18,14,16,2,20,22,24,6,2,26,28,14,30
16704c8016704c80 0 0 459014,2,10,14,4,8,16,2,4,20,10,6,22,24,18,26
7888888878888888 0 0 262406,6,8,10,14,2,4,18,16,20
4966bac04966bac0 0 0 655622,2,8,4,6,14,10,16,2,18,20,10,6,14,8,26,4,24,28,30,22,32
372840a0372840a0 0 0 590086,2,4,14,2,6,16,4,6,20,18,22,10,14,8,24,26,28,18,30
5208d2885208d288 0 0 459014,2,4,10,14,16,8,6,2,18,20,16,14,24,22,26
7ca004287ca00428 0 0 655622,8,2,4,14,10,16,10,2,20,16,8,22,6,4,24,2,26,28,30,18,32
f8880888f8880888 0 0 327942,2,4,14,10,6,16,8,18,20,14,22
2ec0ae402ec0ae40 0 0 524550,8,6,4,14,16,8,2,18,10,20,22,16,4,24,26,20,28
58362ec058362ec0 0 0 721158,6,10,10,8,16,14,4,2,18,20,22,8,2,24,26,6,14,4,28,30,32,22,34
0eb8f6c00eb8f6c0 0 0 852230,6,10,2,8,16,10,14,2,18,20,16,4,24,8,22,4,14,6,30,28,26,32,34,14,36,24,38
567cea40567cea40 0 0 655622,2,8,10,14,16,4,18,2,6,20,22,10,6,4,24,26,22,14,30,28,32
f8887888f8887888 0 0 393478,2,4,6,8,14,16,10,18,20,14,22,16,24
e72890a0e72890a0 0 0 524550,4,10,14,6,2,16,8,4,6,20,22,10,8,24,26,18,28
268cea40268cea40 0 0 393478,4,6,14,8,2,16,4,10,18,14,22,20,24
6248eac06248eac0 0 0 459014,2,8,6,14,16,10,2,18,20,6,4,22,24,14,26
8000000000000000 0 0 327942,2,4,6,8,10,12,14,16,18,20,22
a6cbdc20aa74a060 0 0 1900806,10,6,6,4,16,2,14,18,8,6,22,2,20,12,26,8,28,6,30,2,24,32,34,12,36,10,38,8,40,2,5,42,34,2,10,47,44,12,50,10,52,4,48,34,56,12,55,58,60,20,62,34,64,12,66,10,68,6,70
33edcb6617bab440 0 0 2556166,12,8,14,6,16,2,8,6,20,4,18,22,10,6,26,4,28,2,24,12,32,10,34,6,36,4,38,2,31,40,26,2,42,12,46,8,44,49,14,4,52,2,48,6,56,4,58,2,54,61,50,10,64,2,62,42,68,12,70,6,72,4,74,2,67,77,78,24,80,50,82,62,84,10,86,6,88,4,91
26dcd50cf5164000 0 0 2162950,10,6,14,4,12,10,18,6,16,20,18,4,22,4,26,2,24,29,10,4,30,12,34,10,36,8,38,6,32,40,10,8,44,6,46,2,36,49,42,12,52,4,54,2,50,30,58,12,60,10,62,8,64,4,57,66,68,22,70,50,72,10,74,8,76,6,78
6ed83624d1dc4c40 0 0 2556166,12,10,14,8,16,4,12,8,18,21,10,6,24,4,22,12,28,8,30,6,32,4,34,2,26,36,12,6,40,2,38,12,44,6,42,46,20,6,50,4,44,8,54,4,56,2,52,59,48,10,62,2,60,38,66,12,68,10,70,6,72,4,74,2,65,77,78,22,80,38,82,48,84,10,86,6,88,2,91
cd114bca60aca648 0 0 2556166,12,10,14,6,16,2,12,8,20,6,22,4,24,2,18,26,12,6,30,2,28,12,34,10,36,4,32,39,10,6,40,12,44,10,46,8,48,4,42,50,8,2,40,10,56,8,58,2,55,61,52,12,64,6,66,4,68,2,62,40,72,12,74,8,76,2,71,79,80,28,82,62,84,10,86,8,88,6,91
91ca49768a760688 0 0 2162950,10,8,9,14,12,10,18,6,16,12,22,10,24,6,26,4,28,2,20,30,10,4,32,12,36,8,38,2,34,40,12,8,44,4,36,10,48,6,50,4,46,53,42,10,56,2,54,32,60,10,62,6,64,2,58,67,68,16,70,54,72,12,74,10,76,8,78
d36650ccdf30a660 0 0 2031878,8,4,12,6,16,4,14,19,20,8,22,2,4,25,12,2,26,10,30,4,29,32,10,4,26,12,38,8,40,2,36,43,34,12,46,8,48,6,50,2,44,26,54,8,56,6,58,2,52,60,62,20,64,26,66,34,68,6,70,4,72,2,74
85173ff0a3567ec0 0 0 2359558,10,6,14,4,16,2,10,8,20,6,22,4,19,25,26,12,28,8,30,6,32,2,4,34,12,10,38,6,36,8,42,4,41,44,36,10,48,8,50,2,8,53,46,12,56,10,58,2,54,36,62,12,64,10,66,8,68,6,70,2,61,73,74,26,76,46,78,12,80,8,82,4,84
b3d4720688867a68 0 0 1835270,10,8,14,6,14,16,18,12,20,10,22,4,24,2,2,26,12,10,30,8,32,6,28,4,36,2,34,38,12,6,42,4,44,2,36,46,40,12,50,8,48,28,54,10,52,56,58,18,60,28,62,10,64,8,66,2,68
61151140ffc278e0 0 0 2162950,12,8,14,6,16,4,6,19,4,2,20,8,23,25,12,10,28,8,30,2,26,8,34,6,36,2,32,38,8,6,42,4,26,6,46,2,45,49,40,12,52,8,54,4,56,2,50,26,60,12,62,10,64,8,58,67,68,20,70,26,72,10,74,8,76,2,79
f256cedefbe4b0a0 0 0 2294022,8,6,14,4,12,17,6,4,18,8,22,4,21,24,12,8,28,2,26,12,32,10,34,6,36,4,31,38,12,10,26,10,44,6,46,4,48,2,43,51,40,10,54,8,56,6,52,26,60,10,62,8,64,4,66,2,58,68,70,18,72,40,74,52,76,8,78,4,80,2,83
d6ac2e24f2082080 0 0 2490630,12,8,14,4,16,2,10,8,20,4,22,2,19,24,12,6,26,12,30,8,32,4,29,34,12,10,38,6,40,4,42,2,36,12,46,6,48,4,50,2,45,52,20,2,36,10,58,2,56,60,54,12,64,10,66,8,68,2,62,36,72,10,74,8,70,77,78,26,80,54,82,62,84,12,86,2,88
9117f9d2ca300028 0 0 2490630,4,2,12,8,15,17,18,10,20,8,22,6,24,4,26,2,4,29,8,4,30,12,34,8,36,6,38,4,40,2,32,43,10,8,46,6,48,2,30,8,52,4,51,54,44,10,58,8,60,4,62,2,56,30,66,12,68,10,70,8,72,2,64,75,76,18,78,30,80,12,82,8,84,4,86,2,89
922ced620d665288 0 0 2425094,12,2,8,6,16,4,18,2,14,21,4,2,22,6,26,2,25,29,10,8,32,2,30,12,36,6,38,4,35,40,12,10,44,6,46,2,36,8,50,6,52,4,54,2,49,57,42,10,60,8,62,6,64,2,58,30,68,6,70,4,66,72,74,22,76,42,78,58,80,10,82,8,84,6,86
aa50e09ab5fc6e28 0 0 2162950,8,6,14,4,16,2,10,8,20,6,18,23,12,6,26,2,24,12,30,8,32,6,34,4,36,2,28,38,8,4,42,2,40,4,44,46,22,4,50,2,40,12,54,2,53,56,48,12,60,6,62,4,58,40,66,8,64,68,70,24,72,40,74,4,76,2,78
32c5565c706ece08 0 0 2687238,12,10,14,4,16,2,6,4,18,21,14,6,24,4,22,12,28,10,30,6,32,4,34,2,27,36,14,8,40,4,42,2,38,10,46,8,45,49,40,6,38,12,54,10,56,8,58,6,60,4,62,2,53,65,50,10,68,8,70,2,66,38,74,12,76,6,78,4,80,2,72,82,84,22,86,38,88,50,90,12,92,10,94
e1e11e08a3e046a0 0 0 2556166,12,8,14,4,10,6,17,18,20,12,22,10,24,8,26,6,6,29,10,8,32,6,34,2,30,8,38,6,40,4,36,43,32,4,38,4,48,2,47,50,44,12,54,8,56,6,58,4,60,2,52,30,64,12,66,10,68,6,70,4,62,72,74,20,76,30,78,44,80,12,82,10,84,6,86,4,88,2,90
489c9800fae0b808 0 0 2031878,12,10,14,6,16,4,18,2,14,8,22,4,24,2,21,27,12,6,28,12,32,8,34,6,36,4,31,39,40,8,42,4,44,2,17,46,42,2,13,50,48,10,54,2,52,40,58,2,56,60,62,28,64,12,66,10,68,6,70,4,72,2,75
fe48e0c22ac86000 0 0 2097414,12,10,14,8,16,4,18,2,3,20,16,6,22,4,25,27,12,8,30,6,28,12,34,10,36,8,38,4,32,41,12,6,44,2,28,10,48,4,50,2,47,53,42,8,56,6,58,4,54,28,62,10,64,6,66,2,60,69,70,22,72,28,74,42,77
badac890c908e000 0 0 2425094,12,10,14,8,16,4,18,2,16,6,21,23,22,4,26,2,24,6,30,2,29,32,8,2,34,12,38,10,40,4,42,2,36,45,10,6,48,4,50,2,40,8,54,6,53,57,46,10,60,8,62,4,64,2,58,34,68,12,70,10,72,6,74,4,76,2,67,79,80,24,82,34,84,8,86
fb97bec405bcfa80 0 0 2425094,12,10,14,4,8,6,18,2,17,20,14,8,24,4,26,2,22,8,30,6,32,4,28,34,12,8,38,4,36,10,42,8,44,6,46,4,48,2,41,51,38,6,36,12,56,10,58,6,60,4,54,62,52,8,64,36,68,10,70,6,72,4,67,74,76,22,78,64,80,10,82,8,84,2,86
df42264c955e9060 0 0 1704198,10,8,14,6,9,17,18,10,20,6,22,4,24,2,2,27,12,10,30,8,28,12,34,2,32,37,30,4,40,2,35,42,38,6,46,4,44,28,50,10,52,6,54,4,49,57,58,18,60,28,62,4,64
914dfe5830e20820 0 0 1900806,8,6,12,8,16,6,18,4,15,20,14,2,22,4,26,2,24,28,10,4,30,4,34,2,33,36,12,6,40,2,30,10,44,4,46,2,43,48,38,12,52,6,50,30,56,10,58,6,60,2,54,63,64,22,66,50,68,10,70
826c3206bcbc6a40 0 0 2490630,12,4,14,2,10,8,18,6,20,4,17,22,8,6,24,10,28,8,30,6,32,4,34,2,26,36,12,10,40,8,42,4,44,2,38,12,48,10,50,8,46,52,42,2,48,8,56,58,54,4,62,2,60,38,66,12,68,10,70,8,72,6,74,4,76,2,64,79,80,24,82,12,84,10,86,6,88
1e64c8e0ba868668 0 0 2687238,12,10,14,2,12,8,18,4,16,20,14,4,22,8,26,4,28,2,24,30,14,8,34,6,36,4,32,12,40,10,42,8,44,6,46,2,39,49,10,6,52,4,32,10,56,4,54,59,50,10,62,8,64,6,66,2,60,32,70,12,72,10,74,4,76,2,68,79,80,22,82,50,84,60,86,12,88,8,90,6,92,4,94
932b1abef1444000 0 0 2359558,8,4,14,2,12,4,18,2,17,21,22,12,24,4,12,27,12,10,30,8,32,4,28,4,34,37,28,12,40,10,42,8,44,6,46,4,15,49,38,12,52,10,54,8,56,6,58,4,50,28,62,12,64,10,66,8,68,4,70,2,61,72,74,22,76,28,78,38,80,10,82,6,84
a5d03dba6880a4a8 0 0 2490630,12,10,14,8,10,8,18,6,20,2,16,23,14,6,26,4,24,10,30,6,32,4,29,34,26,2,36,12,40,8,42,6,44,2,38,47,12,4,50,2,40,6,52,55,48,10,58,8,60,6,56,36,64,12,66,10,68,8,70,6,72,4,63,75,76,24,78,36,80,48,82,8,84,6,86,2,89
d810dbc631322e88 0 0 2228486,10,4,14,2,10,2,17,18,20,8,22,6,24,4,26,2,10,29,8,2,30,2,32,34,8,6,38,2,30,12,42,8,44,6,46,2,40,48,36,12,52,10,54,8,56,6,50,30,60,10,62,6,64,4,66,2,58,69,70,20,72,50,74,12,76,10,78,8,80
16b4164eeae898c0 0 0 2097414,10,8,14,6,14,4,16,19,4,2,20,12,24,8,26,4,28,2,23,31,32,8,34,6,36,4,4,39,6,2,32,12,44,6,46,2,42,48,40,8,52,6,50,32,56,12,58,10,60,6,62,2,55,65,66,20,68,32,70,12,72,10,74,8,77
03787ea20778f0a8 0 0 2359558,10,8,14,6,16,4,6,2,19,20,22,12,24,10,26,8,28,6,30,4,32,2,15,34,36,12,38,6,40,4,42,2,12,45,10,6,48,4,38,8,50,53,46,10,56,8,58,6,60,4,54,36,64,10,66,8,68,4,63,70,72,22,74,36,76,46,78,6,80,4,82,2,84
e6417fa00dee2cc0 0 0 1835270,8,4,14,2,6,2,17,18,20,4,22,2,14,25,12,10,28,8,30,4,26,12,34,8,36,6,38,4,33,40,30,2,40,2,44,47,42,12,50,2,48,26,54,8,56,6,58,4,60,2,52,62,64,20,66,2,68
a0339b88d71c36a8 0 0 2162950,6,2,3,14,12,10,18,4,20,2,16,12,24,8,23,26,8,6,28,12,32,10,34,8,36,6,38,4,30,40,10,8,44,6,46,4,48,2,28,10,50,52,42,10,56,6,58,2,54,28,62,12,60,65,66,16,68,54,70,10,72,8,74,6,76,2,78
2aa3b80cfd48f6e8 0 0 2162950,10,8,14,4,14,2,16,18,14,6,20,4,22,24,12,4,28,2,26,6,32,2,30,34,12,10,38,8,40,6,42,2,32,4,44,46,36,12,50,10,52,4,48,26,56,12,58,8,55,61,62,20,64,26,66,36,68,12,70,10,72,8,74,6,76,4,79
eeb8109c1a00d060 0 0 2228486,12,6,14,4,12,10,18,6,20,2,16,23,18,8,26,6,28,4,24,12,32,6,31,35,32,10,38,6,40,4,36,10,43,45,36,8,48,4,46,4,52,2,51,54,10,6,58,4,60,2,56,12,64,6,66,4,68,2,63,71,72,24,74,36,76,46,78,2,80
9bfa448812b47400 0 0 2097414,12,6,14,4,12,10,18,6,20,2,17,23,10,2,24,12,26,29,24,6,32,2,30,10,36,6,38,4,35,41,36,8,44,6,46,4,48,2,42,4,51,52,8,6,56,2,54,12,60,10,62,2,58,65,66,24,68,42,70,8,72,4,74,2,77
87b3c0289854f060 0 0 2490630,12,10,14,6,16,4,18,2,12,8,22,2,20,25,14,8,28,6,30,4,26,12,34,10,36,6,38,4,32,40,26,8,44,6,42,12,48,8,50,6,52,4,54,2,46,57,42,10,60,8,62,6,64,4,58,12,68,8,70,6,72,2,67,75,76,12,78,6,80,4,82,2,16,85,86,58,88
c575fe929e485aa0 0 0 2425094,12,10,14,8,16,4,18,2,12,8,22,6,24,4,26,2,20,28,30,12,32,8,34,6,10,37,30,8,40,4,42,2,38,8,44,47,46,6,48,12,52,8,54,2,51,56,10,2,58,12,62,10,64,6,66,4,61,68,70,30,72,38,74,48,76,58,78,12,80,10,82,8,84,6,86
bd0183c81d628cc8 0 0 1966342,12,10,4,14,16,12,18,8,20,6,22,2,13,25,16,8,28,6,30,4,32,2,26,10,36,8,38,2,34,40,26,12,44,8,46,6,48,2,42,10,52,8,54,6,51,57,58,10,60,4,2,63,64,16,66,42,68,8,70,4,72
111f735e6ac06000 0 0 1769734,2,7,14,8,16,4,18,2,10,21,14,2,22,12,26,6,28,4,24,30,22,10,34,4,32,8,38,4,40,2,36,43,6,4,44,12,48,6,50,4,47,52,54,14,56,22,58,32,60,12,62,10,64,2,66
a6843d900bd20e28 0 0 1769734,10,8,14,6,16,4,16,2,18,21,22,12,24,4,26,2,2,28,22,10,32,6,34,2,30,10,36,39,38,8,40,8,44,4,42,46,6,4,50,2,48,12,54,10,56,4,52,59,60,22,62,30,64,40,66
6ae3972c38d80c48 0 0 2228486,10,8,14,6,16,4,17,18,12,8,22,2,20,8,26,6,25,28,20,12,32,6,34,4,30,12,38,8,40,6,42,4,44,2,37,47,38,6,50,4,48,12,54,8,53,56,8,4,58,10,62,8,64,4,66,2,60,68,70,20,72,48,74,58,76,8,78,4,80
3cd69a5a44605e20 0 0 2621702,12,8,14,6,16,4,18,2,12,4,22,2,21,24,8,6,28,4,30,2,26,12,34,10,36,2,32,39,26,8,42,2,40,12,46,6,48,4,45,50,46,10,54,8,56,4,58,2,52,10,62,6,64,4,66,2,61,69,70,10,72,8,74,4,76,2,30,78,80,26,82,40,84,52,86,12,88,8,90,6,92
ea804ec233c86c68 0 0 2425094,10,6,14,2,4,16,12,10,20,8,18,6,24,2,23,26,28,8,30,6,32,4,34,2,24,36,28,12,40,8,42,2,38,12,46,8,48,6,50,4,52,2,45,55,6,2,56,8,60,6,62,4,64,2,58,66,68,18,70,28,72,38,74,56,76,12,78,8,80,6,82,4,84,2,87
285f7754ab565680 0 0 2031878,10,8,14,4,14,6,18,4,16,21,22,12,24,6,26,4,3,28,22,10,32,2,30,12,36,6,38,2,34,41,36,10,44,6,42,10,48,6,47,50,6,4,54,2,52,12,58,8,60,6,62,2,56,64,66,22,68,42,70,10,72,2,74
fd4f21ecf564de40 0 0 2621702,12,8,14,6,16,4,18,2,12,6,22,4,21,25,26,10,28,8,30,2,3,33,30,6,36,4,38,2,34,8,42,6,44,4,40,46,34,10,50,8,52,6,54,2,48,12,58,8,60,6,62,4,57,64,66,12,68,10,70,8,72,4,5,75,76,26,78,34,80,48,82,66,84,12,86,8,88,4,90,2,92
6ee677ecba609848 0 0 2425094,12,10,14,6,10,4,18,2,16,21,10,8,24,6,26,2,22,12,30,10,32,8,34,6,36,4,28,39,22,10,42,8,40,8,46,6,48,4,50,2,45,52,40,4,54,12,58,10,60,8,62,4,57,65,24,4,66,8,70,6,68,72,74,40,76,54,78,8,80,6,82,4,84,2,86
a290a76202325a48 0 0 2162950,12,2,12,4,15,16,18,12,20,10,22,2,8,25,20,6,28,4,30,2,26,12,34,8,36,6,38,4,40,2,32,42,26,2,44,10,48,8,50,4,52,2,47,55,12,8,56,12,60,6,62,2,58,64,66,18,68,44,70,56,72,12,74,10,76,8,79
6fe37eccd9747ce0 0 0 2359558,10,6,14,4,16,2,3,19,10,8,22,4,24,2,20,10,28,6,30,2,27,33,20,12,36,8,34,10,40,8,42,6,44,2,38,47,34,12,50,10,52,8,54,4,56,2,48,4,60,2,59,63,22,6,64,10,68,2,66,71,72,48,74,12,76,10,78,6,80,4,82,2,85
4667bedccfdacc40 0 0 2162950,10,2,12,10,16,6,18,4,14,21,10,4,24,2,22,12,28,10,30,8,32,2,27,34,32,6,38,4,40,2,36,12,44,8,46,2,42,49,44,4,52,2,50,12,56,8,54,58,60,8,62,6,11,65,66,22,68,50,70,60,72,12,74,4,76,2,79
cb7bcc8471645420 0 0 2031878,12,2,8,2,15,16,12,6,20,2,18,10,24,8,26,2,22,28,18,12,32,10,34,8,36,2,30,8,40,4,39,42,30,12,46,4,48,2,44,12,52,10,54,2,51,57,10,4,60,2,58,12,64,6,66,4,62,68,70,18,72,44,74
ea3c85da9e6a3240 0 0 2162950,12,8,14,4,15,16,4,2,18,8,22,4,20,25,18,10,28,8,30,6,32,4,26,6,35,37,26,8,40,4,42,2,38,12,46,4,48,2,44,51,8,6,54,4,52,12,58,8,60,6,62,4,64,2,56,66,68,26,70,38,72,52,74,10,76,4,79
9863a9726f667488 0 0 2556166,10,8,14,6,16,2,12,10,20,6,22,4,24,2,18,26,12,8,30,2,28,10,34,4,36,2,33,39,34,8,42,4,44,2,40,12,48,10,50,8,46,53,40,10,56,6,58,4,54,10,60,62,30,4,66,2,64,12,70,6,72,4,68,74,76,40,78,54,80,64,82,8,84,6,86,4,88,2,91
b4c61a8ece3c3e00 0 0 2097414,12,6,2,14,16,10,18,8,20,2,8,22,16,8,26,6,28,4,30,2,24,10,34,4,33,37,24,8,40,2,38,6,44,4,46,2,42,49,8,4,52,2,50,12,56,10,58,8,60,6,62,4,55,65,66,24,68,38,70,50,72,12,74,8,76
cc92a66634521860 0 0 2359558,12,10,14,6,16,4,8,18,12,8,22,2,20,10,26,8,25,29,20,6,32,4,30,8,36,4,34,39,30,12,42,10,44,8,46,6,48,4,50,2,40,12,54,8,52,57,10,4,58,12,62,8,64,4,66,2,60,68,70,40,72,58,74,12,76,10,78,8,80,6,82,4,85
3604e6d69da04228 0 0 2228486,12,10,14,8,16,6,18,4,20,2,16,23,6,4,24,10,28,8,30,2,26,32,24,12,36,10,38,4,40,2,34,10,44,8,46,6,48,2,42,51,52,10,54,6,56,2,47,59,60,12,62,6,7,64,66,24,68,52,70,12,72,10,74,8,76,6,78,2,81
7d98a14ac28e84a0 0 0 1769734,4,2,10,8,14,16,18,12,20,6,22,4,4,25,20,10,28,8,26,12,32,8,34,4,30,36,34,6,40,4,38,12,44,10,46,4,43,48,50,8,52,6,54,2,2,57,58,18,60,38,62,12,64,8,66
bd033938c278d2a8 0 0 2425094,12,10,14,8,16,6,18,4,20,2,10,8,24,6,26,4,28,2,23,30,14,6,34,4,36,2,32,10,40,8,39,43,42,6,46,4,44,12,50,10,52,8,54,4,56,2,49,59,44,2,60,12,63,65,66,12,68,8,70,4,72,2,25,74,76,44,78,60,80,10,82,8,84,4,87
da7808bcd8142020 0 0 2294022,10,6,14,2,14,4,18,2,16,21,12,10,24,8,26,6,28,2,22,6,32,2,31,35,22,2,36,12,40,10,42,6,44,4,38,46,36,10,50,6,48,12,54,8,56,4,52,58,6,2,60,12,64,8,66,6,68,2,63,70,72,22,74,48,76,12,78,8,80,4,82
93c091b2765a9888 0 0 2687238,12,10,14,4,16,2,10,6,20,4,22,2,19,25,14,6,28,2,26,12,32,10,34,8,36,4,38,2,30,40,26,8,44,4,46,2,42,12,50,8,48,53,42,10,56,8,58,6,54,4,62,2,61,65,14,8,68,4,70,2,66,12,74,10,76,8,78,6,80,2,72,83,84,54,86,12,88,8,90,6,92,2,95
bbb4209cbfc0dc60 0 0 1835270,12,6,14,2,15,16,12,10,20,8,22,2,18,6,26,4,24,29,30,12,32,10,34,6,26,36,38,10,40,8,42,6,44,4,33,47,6,4,48,12,52,8,54,6,56,4,51,59,60,30,62,38,64,8,66,6,68
f46ba5d0b7641ea8 0 0 2097414,12,10,14,8,16,4,18,2,2,21,22,10,24,6,26,2,6,28,24,8,32,6,34,4,36,2,30,6,40,4,39,42,30,10,46,2,44,6,50,2,48,52,4,2,54,12,58,4,60,2,56,62,64,22,66,30,68,44,70,54,72,4,74,2,76
d26bb666fb4286c0 0 0 2294022,10,8,14,6,16,4,18,2,4,20,4,2,22,12,26,8,28,6,25,30,22,8,34,4,36,2,32,6,40,4,42,2,38,44,32,12,48,6,50,4,46,12,54,8,56,6,58,4,60,2,53,63,6,4,64,10,68,2,67,70,72,46,74,12,76,10,78,6,80,4,83
7ca00c96b0a690c0 0 0 2097414,10,8,14,2,4,16,12,10,20,8,22,4,24,2,18,12,28,6,27,31,30,4,34,2,32,10,38,6,37,41,38,4,42,12,46,4,45,49,50,10,52,8,54,6,56,2,2,58,60,18,62,32,64,42,66,12,68,10,70,6,72,4,74,2,77
ee0a237413d232c0 0 0 2162950,12,10,9,14,16,10,18,4,2,20,18,8,24,6,26,2,22,6,30,2,29,32,22,12,36,8,38,6,34,12,42,8,44,6,41,47,8,6,50,2,48,10,54,8,56,4,58,2,53,61,62,16,64,22,66,34,68,48,70,12,72,8,74,6,76,4,79
df4d4000e8fa4888 0 0 1900806,12,8,14,6,15,16,12,10,20,8,22,4,24,2,24,27,6,2,8,6,32,4,30,34,4,2,28,18,40,12,42,8,44,6,46,4,39,48,36,12,52,8,54,6,56,4,58,2,50,18,62,8,64,6,66,4,61,68,70
dc05ff064708a8c8 0 0 1638662,4,2,10,14,12,8,18,6,20,4,18,4,24,2,22,26,8,4,30,2,7,33,28,16,36,10,38,8,3,41,34,12,44,8,46,6,42,16,50,12,52,10,54,6,49,56,58,16,60,12,62
5064452a4c226aa0 0 0 1638662,2,6,12,10,16,4,18,2,12,2,20,22,10,8,26,4,9,29,24,14,32,12,34,10,36,8,38,2,5,40,30,12,44,10,46,2,42,14,50,12,52,10,49,55,56,24,58,12,60,4,62
869665d08d743468 0 0 1835270,8,4,6,4,16,2,14,18,8,6,22,4,12,8,26,4,28,2,24,31,10,8,34,4,36,2,8,39,32,20,42,8,44,2,16,46,40,12,50,4,48,20,54,10,56,6,58,4,53,61,62,20,64,12,66,10,69
f30173543ac8bac8 0 0 1704198,10,8,14,2,12,10,18,8,20,2,16,22,18,2,18,27,6,4,6,30,28,24,34,12,36,10,38,8,40,2,15,42,32,8,46,6,44,24,50,8,52,2,49,54,56,24,58,12,60,8,62,2,64
bd4cdc4c7688e888 0 0 1835270,6,4,14,2,6,17,12,8,20,2,5,23,10,8,9,26,24,18,30,12,32,8,34,6,36,4,38,2,5,40,28,12,44,10,46,4,48,2,42,18,52,12,54,6,56,4,50,59,60,24,62,8,64,4,66,2,69
8080a280f3c0a280 0 0 1376518,3,12,12,10,16,6,18,4,3,20,4,6,10,8,26,6,28,4,30,2,22,14,34,10,36,6,38,4,32,40,24,8,42,14,46,10,45,48,50,14,52,10,54
8880577a7752a8a8 0 0 1376518,10,4,4,14,10,8,18,2,14,21,6,4,6,24,22,16,28,12,30,10,32,8,34,4,2,36,26,8,40,6,38,16,44,12,46,4,43,49,50,12,52,8,55
460f899a0d88e0c0 0 0 1573126,12,10,14,8,16,2,14,18,12,8,10,8,22,24,10,4,3,28,26,20,32,6,13,34,30,6,38,4,40,2,36,20,44,8,46,6,48,2,42,50,52,20,54,12,56,10,58,2,60
d64d6994c99e6a68 0 0 1900806,8,6,14,4,16,2,6,4,19,20,6,2,20,2,25,27,10,8,30,6,32,4,34,2,4,36,28,22,40,12,42,8,44,6,3,46,38,12,50,8,52,6,54,2,48,22,58,12,60,10,62,8,64,4,57,67,68,10,70
1756376698c82868 0 0 1376518,6,4,14,2,2,17,4,2,10,8,22,6,21,24,8,6,17,28,26,18,32,12,34,8,36,6,2,38,30,12,42,8,40,18,46,6,48,2,44,50,52,18,54
98e8761666768888 0 0 1507590,12,10,14,4,10,8,18,4,20,2,16,23,14,8,23,26,6,2,5,30,28,24,34,12,21,36,32,8,40,6,38,24,44,12,46,8,48,4,50,2,43,52,54,12,56,4,58
cf140e084b140208 0 0 1900806,12,8,14,6,15,16,12,10,20,8,22,4,24,2,24,27,6,2,8,4,30,32,28,18,36,12,38,8,40,6,42,4,44,2,4,47,34,12,50,8,52,6,54,4,48,18,58,8,60,4,56,62,64,18,66,8,68,4,70
9e7f70804380da80 0 0 1900806,10,8,14,4,16,2,8,6,20,2,18,23,10,6,26,4,28,2,11,31,4,2,2,35,32,24,38,10,40,8,42,6,44,2,15,46,36,6,48,24,52,12,54,10,56,2,51,58,60,24,62,12,64,8,66,6,68,2,71
6188089639503628 0 0 1573126,8,4,6,14,8,6,18,2,12,8,22,2,20,24,10,4,8,29,6,2,26,16,34,8,36,2,32,38,30,12,40,16,44,10,46,8,48,6,42,51,52,26,54,12,56,8,58,2,60
68026aaaa258d080 0 0 1900806,6,4,14,2,2,16,12,10,20,4,22,2,12,2,24,26,10,8,30,4,9,33,28,18,36,12,38,10,40,8,42,2,5,44,34,12,48,10,50,2,46,18,54,12,56,10,53,59,60,18,62,28,64,12,66,4,68,2,70
6230267c2c2ec2c8 0 0 1835270,10,8,14,2,12,10,18,8,20,2,16,22,18,2,18,27,6,4,6,30,28,24,34,12,36,10,38,8,40,2,15,42,32,8,46,6,44,24,50,8,52,2,49,54,56,24,58,32,60,12,62,8,64,6,66,2,68
e773d6626448ccc0 0 0 1310982,4,6,12,2,8,2,17,18,10,2,9,22,20,14,26,12,28,2,3,31,24,12,34,10,36,8,32,14,40,12,42,8,38,45,46,20,48,32,50,12,53
0a8ae5c0fdd80888 0 0 1310982,3,12,12,10,16,4,3,19,6,4,6,23,10,8,26,4,28,2,20,14,32,10,34,4,31,37,24,8,38,14,42,10,41,44,46,20,48,4,50,2,53
0046b07ce1d0a4e0 0 0 1966342,8,6,14,4,16,2,6,4,19,20,6,2,20,2,25,27,10,8,30,6,32,4,34,2,4,36,28,22,40,12,42,8,44,6,3,46,38,12,50,8,52,6,54,2,48,22,58,12,60,10,62,8,64,4,57,67,68,22,70,10,72
8638336cbd5c8888 0 0 2162950,12,8,14,6,15,16,12,10,20,8,22,2,23,24,6,2,8,6,30,4,32,2,28,35,26,18,38,12,40,8,42,6,44,4,46,2,4,49,36,12,52,8,54,6,56,4,50,18,60,8,62,6,64,4,66,2,58,69,70,26,72,12,74,6,76,2,78
a5ac84e2af2e0660 0 0 1835270,6,2,6,4,15,16,12,8,20,2,5,23,10,8,9,26,24,18,30,12,32,8,34,6,36,4,5,39,28,12,42,10,44,4,46,2,40,18,50,12,52,6,54,4,56,2,48,58,60,18,62,24,64,8,66,2,69
ca303a18c2c23840 0 0 1704198,6,4,14,2,2,17,4,2,10,8,22,6,21,24,8,6,17,28,26,18,32,12,34,8,36,6,38,2,2,41,30,12,44,8,46,2,42,18,50,6,52,2,49,54,56,18,58,30,60,8,62,6,64
96798b9e7a2ac268 0 0 1966342,12,8,10,8,16,2,15,18,12,6,22,4,24,2,18,26,6,4,4,2,30,32,28,20,36,12,38,10,40,8,42,6,16,44,34,8,48,4,50,2,46,20,54,12,56,10,58,4,53,61,62,20,64,12,66,10,68,8,70,4,73
f20f877a8270d220 0 0 1704198,10,6,14,4,4,16,10,8,20,6,22,2,16,25,6,4,6,28,26,18,32,12,34,10,36,6,38,4,2,40,30,8,44,6,42,18,48,12,50,8,52,4,47,55,56,18,58,12,60,8,62,4,65
232493ceb1c698e0 0 0 1966342,10,4,5,14,12,8,18,6,20,2,18,2,22,25,8,6,28,4,6,2,30,32,26,16,36,10,38,8,40,6,42,4,3,45,34,12,48,8,50,6,52,4,46,16,56,12,58,10,54,61,62,26,64,12,66,8,68,6,70,4,72
5cc0280020805440 0 0 1376518,8,4,12,10,14,16,16,8,16,20,8,6,24,2,4,26,22,18,30,12,24,32,28,8,36,4,34,18,40,12,42,10,44,8,46,6,48,2,38,50,52,8,54
35bf0244e040e488 0 0 1638662,8,4,6,14,8,6,18,2,12,8,22,2,20,24,10,4,8,29,6,2,26,16,34,8,36,2,32,38,30,12,40,16,44,10,46,8,48,6,42,51,52,16,54,26,56,12,58,8,60,2,62
1f4d0156220030e8 0 0 2097414,8,6,14,4,16,2,6,4,20,2,19,23,6,20,10,8,28,6,30,2,4,32,26,24,36,12,38,8,40,6,42,4,3,44,34,12,48,8,50,6,52,4,54,2,46,24,58,12,60,10,62,8,64,4,66,2,57,68,70,26,72,10,74,6,76
657f2d1ee1400088 0 0 1376518,12,10,14,2,2,16,6,4,20,2,13,22,8,6,7,26,24,18,30,12,5,33,28,12,36,8,34,18,40,12,42,6,44,4,46,2,38,49,50,18,52,2,54
dd6096284d60c628 0 0 1835270,2,6,12,10,16,8,18,4,20,2,12,2,23,24,10,4,9,28,26,14,32,12,34,10,36,2,5,39,30,12,42,10,44,8,46,2,40,14,50,12,52,10,54,8,48,56,58,26,60,30,62,12,64,10,66,4,68
e8df07da17200220 0 0 1442054,10,8,14,4,16,2,4,19,10,19,6,4,6,24,22,20,28,12,30,10,32,8,34,2,2,37,26,8,40,6,38,20,44,12,46,8,43,49,50,22,52,12,54,8,57
088efdfe8512dac8 0 0 1638662,12,10,14,2,10,8,18,2,17,20,14,8,24,4,26,2,20,29,6,2,5,32,30,22,36,12,38,2,18,40,34,8,44,6,42,22,48,12,50,8,52,4,47,54,56,30,58,12,60,4,62
8a116e7a7a5a5808 0 0 1704198,10,4,14,2,7,16,4,2,14,20,10,8,24,6,26,4,7,28,22,18,32,12,34,10,2,36,30,12,40,8,42,2,38,18,46,12,48,10,50,8,45,53,54,12,56,10,58,8,60,4,62,2,65
d52add7288225aa0 0 0 1442054,3,12,12,10,16,4,3,19,6,4,6,23,10,8,26,4,20,14,30,10,32,4,28,35,24,8,38,2,36,14,42,10,40,44,46,14,48,20,50,10,52,4,54,2,57
c1c0a8fcc3d4aae8 0 0 1900806,8,6,10,6,14,16,10,8,20,6,22,4,24,2,20,4,27,28,2,4,14,2,30,18,36,8,38,4,40,2,34,43,32,6,44,18,48,12,50,10,52,8,54,6,56,4,47,58,60,30,62,12,64,10,66,8,68,4,70
d9e7a6feaa284ca8 0 0 1573126,8,4,6,14,8,6,18,2,12,2,20,22,10,4,8,26,6,2,24,16,32,8,34,2,30,36,28,12,40,8,38,16,44,10,46,8,48,6,42,50,52,24,54,28,56,8,58,2,60
e4b9efba0aa802a8 0 0 1245446,10,8,12,8,14,16,12,2,12,21,6,4,6,24,14,2,22,18,30,12,32,8,29,34,26,8,38,6,40,2,36,18,44,8,43,46,48,36,50
e514d7aaac6e9e20 0 0 2228486,8,6,14,4,16,2,6,4,19,20,6,2,20,2,25,27,10,8,30,6,32,4,34,2,4,36,28,22,40,12,42,8,44,6,3,46,38,12,50,8,52,6,54,2,48,22,58,12,60,10,62,8,64,4,57,67,68,22,70,28,72,10,74,6,76,4,78,2,81
a49c5e5a5b9c8c88 0 0 1900806,12,10,14,6,16,2,12,18,14,8,22,6,10,8,26,6,24,28,8,4,3,32,12,8,30,20,38,6,37,40,34,6,44,4,46,2,42,20,50,10,52,2,48,54,56,20,58,30,60,12,62,10,64,8,66,6,68,2,70
4bc2c9c800c2aa68 0 0 2294022,12,8,14,6,15,16,12,10,20,8,22,4,24,2,24,27,6,2,8,4,32,2,30,35,4,2,28,18,40,12,42,8,44,6,46,4,39,48,36,12,52,8,54,6,56,4,58,2,50,18,62,8,64,4,66,2,61,69,70,18,72,28,74,12,76,8,78,4,80,2,83
f32fafc8a1f208e0 0 0 1966342,10,4,7,15,4,2,14,2,18,21,10,8,24,6,26,4,7,29,22,16,32,12,34,10,36,6,2,38,30,12,42,8,44,6,46,2,40,16,50,12,52,10,54,8,56,6,58,2,48,61,62,16,64,10,66,8,68,6,70,4,73
ad2d582857285828 0 0 1573126,8,6,14,2,12,16,12,8,20,6,12,22,8,4,2,26,24,18,30,12,32,10,8,34,28,8,38,6,40,2,36,18,44,12,46,8,48,4,42,50,52,18,54,24,56,12,58,8,60
a8b2b52a6d488020 0 0 1638662,8,4,6,14,8,6,18,2,12,2,20,22,10,4,8,26,6,2,24,16,32,8,34,2,30,36,28,12,40,8,38,16,44,10,46,8,48,6,42,50,52,16,54,24,56,28,58,8,60,2,62
7225922c94967460 0 0 2097414,6,4,14,2,2,16,12,10,20,8,22,4,24,2,12,2,27,28,10,4,9,32,30,18,36,12,38,10,40,2,5,43,34,12,46,10,48,8,50,2,44,18,54,12,56,10,58,8,52,60,62,18,64,30,66,34,68,12,70,10,72,4,74,2,76
a4d2a4a44000dc40 0 0 1376518,10,8,12,8,14,16,12,2,12,21,6,4,6,24,14,2,22,18,30,12,32,8,29,34,26,8,38,6,40,2,36,18,44,8,43,46,48,26,50,36,52,6,54
441c2cc254563c88 0 0 1507590,12,10,14,4,10,8,16,19,14,8,19,22,6,2,5,26,18,2,24,20,32,12,34,4,36,2,31,38,28,8,42,6,40,20,46,12,48,8,45,50,52,20,54,24,56,12,58
33f7f7a83bc6e428 0 0 1769734,10,8,14,4,4,16,10,4,16,21,6,2,6,4,26,2,24,28,22,18,32,12,34,10,36,8,2,38,30,8,42,6,40,18,46,12,48,8,50,4,52,2,45,55,56,18,58,22,60,12,62,4,64,2,67
0b3a0e0603b260e8 0 0 1966342,6,4,14,2,6,17,12,8,20,2,5,23,10,8,9,26,24,18,30,12,32,8,34,6,36,4,38,2,5,40,28,12,44,10,46,4,48,2,42,18,52,12,54,6,56,4,50,59,60,24,62,28,64,10,66,8,68,4,70,2,73
565422a89a10aa20 0 0 1442054,3,12,12,10,16,6,18,4,3,20,4,6,10,8,26,6,28,4,30,2,22,14,34,10,36,6,38,4,32,40,24,8,42,14,46,10,45,48,50,14,52,24,54,10,56
d6fa55ba092a5040 0 0 2031878,8,6,14,4,16,2,6,4,19,20,6,2,20,2,25,27,10,8,30,6,32,4,34,2,4,36,28,22,40,12,42,8,44,6,3,46,38,12,50,8,52,6,54,2,48,22,58,12,60,10,62,8,64,4,57,67,68,38,70,10,72,4,74
a54f78524a8ac268 0 0 1704198,10,4,14,2,7,16,4,2,14,20,10,8,24,6,26,4,7,28,22,18,32,12,34,10,2,36,30,12,40,8,42,2,38,18,46,12,48,10,50,8,45,53,54,22,56,12,58,10,60,8,62,2,65
3db77b843e483cc0 0 0 2294022,12,8,14,6,15,16,12,10,20,8,22,6,24,2,24,27,6,2,8,6,32,4,34,2,30,36,4,2,28,18,42,12,44,8,46,4,41,49,38,12,52,8,54,4,56,2,50,18,60,8,62,6,64,4,66,2,58,68,70,28,72,38,74,8,76,6,78,4,80,2,82
a9a6bc843c0c7c48 0 0 1966342,6,2,6,4,15,16,12,8,20,2,5,23,10,8,9,26,24,18,30,12,32,8,34,6,36,4,5,39,28,12,42,10,44,4,46,2,40,18,50,12,52,6,54,4,56,2,48,58,60,18,62,24,64,28,66,10,68,8,70,2,73
24ae246868ae6868 0 0 1376518,3,12,12,10,16,4,3,19,6,4,6,23,10,8,26,4,28,2,20,14,32,10,34,4,31,37,24,8,38,14,42,10,41,44,46,20,48,24,50,4,52,2,55
5fa0bfdca1400280 0 0 1638662,12,8,14,4,16,2,2,19,12,6,22,4,24,2,12,10,28,6,30,4,26,32,10,4,4,36,6,2,34,20,42,12,44,2,40,46,38,12,50,4,48,20,54,8,56,2,52,59,60,12,62
57278dd87572aa88 0 0 1310982,12,10,2,14,12,4,18,2,12,2,20,22,8,6,8,26,4,2,24,16,32,2,30,34,28,12,38,8,36,16,42,12,44,4,40,46,48,16,50,12,52
84c480d684928080 0 0 1900806,12,10,14,4,10,8,18,4,20,2,16,23,14,8,26,4,28,2,23,30,6,4,5,34,32,24,38,12,40,4,42,2,21,44,36,8,48,6,46,24,52,12,54,8,56,4,58,2,51,60,62,36,64,12,66,6,68,4,70
bfe820889f48a088 0 0 1769734,8,4,2,14,8,6,18,4,12,8,22,6,24,2,20,26,10,8,30,4,32,2,8,35,6,4,28,16,40,8,42,6,44,4,46,2,38,48,36,12,52,4,50,16,56,10,54,59,60,50,62,12,64,4,66
7ce0f0a0d2a02e60 0 0 2097414,8,6,14,4,16,2,6,4,19,20,6,2,20,2,25,27,10,8,30,6,32,4,34,2,4,36,28,22,40,12,42,8,44,6,3,46,38,12,50,8,52,6,54,2,48,22,58,12,60,10,62,8,64,4,57,67,68,22,70,38,72,10,74,4,76
7b7ac312a0ea1288 0 0 2031878,10,4,7,15,4,2,14,2,18,21,10,8,24,6,26,4,7,29,22,16,32,12,34,10,36,6,2,38,30,12,42,8,44,6,46,2,40,16,50,12,52,10,54,8,56,6,58,2,48,61,62,16,64,22,66,10,68,8,70,6,72,4,75
3ffe2faee2e0a2e0 0 0 1442054,4,6,8,2,12,2,16,18,10,2,16,22,20,14,26,10,3,29,24,12,32,10,34,8,30,14,38,12,40,8,37,42,44,20,46,24,48,12,50,10,52,8,54,2,57
ef9a0e840f4ede60 0 0 1966342,12,8,10,8,16,2,15,18,12,6,22,2,18,25,6,4,28,2,4,2,31,32,26,20,36,12,38,10,40,8,42,6,44,4,16,47,34,8,48,20,52,12,54,10,56,4,51,59,60,20,62,34,64,12,66,10,68,8,70,4,73
a6013e38070a6000 0 0 1704198,12,8,14,4,16,2,2,19,12,6,22,4,24,2,12,10,28,6,30,4,26,32,10,4,4,36,6,2,34,20,42,12,44,2,40,46,38,12,50,4,48,20,54,8,56,2,52,59,60,20,62,12,64
31b8cdcc72744ec0 0 0 2228486,12,8,14,6,16,2,2,19,12,10,10,8,24,6,26,4,22,28,8,4,32,2,6,4,36,2,35,38,28,2,30,20,44,12,46,8,48,6,50,4,52,2,42,54,40,12,58,6,60,2,56,20,64,10,66,8,68,4,63,71,72,20,74,12,76,6,78,2,81
eb687eb6777c60a8 0 0 1966342,12,8,14,6,15,16,12,10,20,8,22,6,24,4,26,2,27,28,6,2,8,4,34,2,32,36,30,18,40,12,42,8,44,4,46,2,4,48,38,12,52,8,54,4,50,18,58,8,60,4,62,2,57,64,66,18,68,30,70,38,72
0f502f1c04a4a468 0 0 2031878,8,4,2,14,8,6,18,4,20,2,12,8,24,6,26,4,23,28,8,10,6,4,34,2,30,16,38,8,40,6,42,4,37,45,32,12,46,16,50,10,52,8,54,4,56,2,49,58,60,30,62,46,64,12,66,10,68,8,70,4,72,2,74
77dfbccec1cc6c88 0 0 2162950,8,6,14,4,16,2,6,4,19,20,6,2,20,2,25,27,10,8,30,6,32,4,34,2,4,36,28,22,40,12,42,8,44,6,3,46,38,12,50,8,52,6,54,2,48,22,58,12,60,10,62,8,64,4,57,67,68,28,70,38,72,10,74,6,76,2,79
445d501c1d040c40 0 0 1507590,10,8,14,6,16,2,5,18,4,2,8,2,23,24,12,8,5,28,26,20,32,8,34,6,36,4,23,38,30,12,42,4,44,2,40,20,47,48,50,20,52,26,54,10,56,2,58
445676eccc9a7620 0 0 1507590,3,12,12,10,16,4,3,19,6,4,6,23,10,8,26,4,20,14,30,10,32,4,28,35,24,8,38,2,36,14,42,10,40,44,46,14,48,20,50,24,52,10,54,4,56,2,59
53bf0ff2f1385880 0 0 1704198,10,4,14,2,7,16,4,2,14,20,10,8,24,6,26,4,7,28,22,18,32,12,34,10,2,36,30,12,40,8,42,2,38,18,46,12,48,10,50,8,45,53,54,18,56,30,58,12,60,10,62,4,65
e2b57d0899b67208 0 0 2097414,8,4,14,2,7,16,12,10,20,4,22,2,20,2,24,27,10,2,4,2,30,32,28,18,36,10,38,8,40,6,42,4,3,45,34,12,48,10,50,6,52,4,46,18,56,12,58,8,54,61,62,18,64,28,66,12,68,10,70,8,72,6,74,2,76
cefc6c046f4efe20 0 0 1966342,10,4,7,15,4,2,14,2,18,21,10,8,24,6,26,4,7,29,22,16,32,12,34,10,36,6,2,38,30,12,42,8,44,6,46,2,40,16,50,12,52,10,54,8,56,6,58,2,48,61,62,22,64,30,66,10,68,6,70,4,73
c45b60d263664860 0 0 2294022,12,6,14,4,2,16,12,8,20,4,12,10,24,6,23,26,10,8,30,6,32,2,4,35,6,4,38,2,28,18,42,12,44,8,46,6,48,4,40,51,36,12,54,8,56,6,58,2,52,18,62,8,64,4,66,2,61,69,70,28,72,12,74,10,76,8,78,4,80,2,83
333fd586a3cad640 0 0 2228486,8,6,14,4,16,2,6,4,19,20,6,2,20,2,25,27,10,8,30,6,32,4,34,2,4,36,28,22,40,12,42,8,44,6,3,46,38,12,50,8,52,6,54,2,48,22,58,12,60,10,62,8,64,4,57,67,68,22,70,28,72,38,74,10,76,6,78,2,81
b3c841b2c6424448 0 0 1638662,8,4,2,14,8,6,18,2,12,6,20,23,10,4,8,26,6,2,24,16,32,8,34,6,30,36,28,12,40,8,38,16,44,10,46,8,48,2,43,50,52,24,54,28,56,38,58,10,60,8,62
6092ea9229e890e8 0 0 1835270,12,6,14,2,2,16,12,10,20,2,10,6,24,4,26,2,23,28,8,6,32,4,34,2,7,36,30,18,40,12,42,6,44,4,46,2,26,49,38,12,52,8,54,2,50,18,58,10,57,60,62,30,64,4,66,2,68
dc78db3ceb1ad0c8 0 0 1573126,12,8,14,4,12,4,18,2,17,20,12,10,24,2,24,27,8,6,8,31,4,2,28,22,36,12,38,2,35,40,32,12,42,22,46,8,48,6,45,51,52,42,54,8,56,6,58,2,61
61da96d28d762c28 0 0 1835270,12,10,14,2,10,8,18,2,17,20,14,8,24,4,26,2,20,29,6,2,5,32,30,22,36,12,38,2,18,40,34,8,44,6,42,22,48,12,50,8,52,4,47,54,56,30,58,34,60,12,62,6,64,4,66,2,68
0022dd72d872d888 0 0 1114374,12,10,3,14,3,12,6,4,6,21,10,8,24,2,18,16,28,10,27,30,22,8,32,16,36,10,38,4,34,41,42,32,44,8,46
ba40bc4c9ccc9ac0 0 0 1442054,12,8,4,14,4,2,6,4,18,20,10,6,24,4,26,2,4,29,22,16,32,8,34,6,36,4,18,38,30,10,42,4,44,2,40,16,47,48,50,22,52,30,54,4,56
c4296cd4c88c06e8 0 0 1507590,8,4,12,10,14,16,16,8,16,20,8,6,24,4,26,2,4,29,22,18,32,12,24,34,30,8,38,4,36,18,42,12,44,10,46,8,48,6,50,4,52,2,40,55,56,30,58
fcc0863c935c6e28 0 0 1704198,10,4,14,2,7,16,4,2,14,20,10,8,24,6,26,4,7,28,22,18,32,12,34,10,2,36,30,12,40,8,42,2,38,18,46,12,48,10,50,8,45,53,54,18,56,22,58,30,60,12,62,10,65
4a99a53a3abc80e0 0 0 1900806,12,6,14,2,2,16,12,10,10,6,22,4,20,25,8,6,28,4,30,2,7,32,24,2,26,18,38,12,40,6,42,4,44,2,37,47,34,12,50,8,52,2,48,18,56,10,58,2,55,61,62,18,64,26,66,12,68,6,70
8bbfe8a47c044040 0 0 1966342,8,6,14,4,6,4,16,18,6,2,18,2,23,25,10,8,28,6,30,4,32,2,4,34,26,20,38,12,40,8,42,6,3,45,36,12,48,8,50,6,52,2,46,20,56,12,58,10,60,8,62,4,64,2,54,67,68,46,70,4,72
fda8874842f62e00 0 0 2359558,12,6,14,4,2,16,12,8,20,4,12,10,24,6,23,26,10,8,30,6,32,2,4,35,6,4,38,2,28,18,42,12,44,8,46,6,48,4,40,51,36,12,54,8,56,6,58,2,52,18,62,8,64,4,66,2,61,69,70,18,72,28,74,12,76,10,78,8,80,4,82,2,85
5fa87fee0d204400 0 0 1835270,6,2,12,10,16,6,18,4,15,20,10,4,24,2,12,8,28,6,26,30,8,4,34,2,2,36,10,6,40,4,42,2,32,22,46,12,48,6,50,2,45,52,38,8,56,2,54,22,60,12,62,10,64,8,58,67,68
63c28c8823828c88 0 0 1376518,12,10,3,14,3,12,6,4,6,21,10,8,24,2,18,16,28,10,27,30,22,8,32,16,36,10,38,4,34,41,42,16,44,18,46,22,48,32,50,10,52,8,54
5b9c733cd6aa7c00 0 0 1507590,12,8,14,4,12,4,18,2,17,20,12,10,24,2,24,27,8,6,8,31,28,22,34,12,4,37,32,12,40,2,38,22,44,8,46,6,42,49,50,28,52,38,54,12,56,4,58
243224e07a7a7aa8 0 0 1704198,12,10,14,4,10,8,16,19,14,8,19,22,6,2,5,26,18,2,24,20,32,12,34,4,36,2,31,38,28,8,42,6,40,20,46,12,48,8,45,50,52,20,54,24,56,28,58,12,60,6,62,2,64
21205e080a082020 0 0 2031878,10,6,4,2,14,16,12,8,20,6,22,4,20,4,26,2,24,28,8,6,7,33,30,18,36,10,38,8,40,4,42,2,3,45,34,12,48,8,50,6,46,18,54,12,56,10,58,6,60,4,62,2,53,64,66,34,68,12,70,8,72,6,75
fc2c0222feae00a0 0 0 1638662,10,8,14,2,6,4,16,18,12,10,22,4,7,24,8,2,3,28,6,2,26,20,34,12,36,8,38,2,32,41,30,8,44,4,42,20,48,12,50,10,52,8,54,6,56,4,58,2,46,61,62
190ca94c21d2c4c8 0 0 2097414,12,10,14,8,16,6,18,4,7,21,10,4,24,2,12,2,26,28,8,6,32,4,2,35,10,6,38,4,30,22,42,12,44,8,46,6,48,2,41,51,36,8,54,6,52,22,58,12,60,10,62,6,57,65,66,22,68,12,70,10,72,8,74,6,77
87c86a9e06f290a8 0 0 2097414,8,6,14,4,6,4,16,18,6,2,18,2,23,25,10,8,28,6,30,4,32,2,4,34,26,20,38,12,40,8,42,6,3,45,36,12,48,8,50,6,52,2,46,20,56,12,58,10,60,8,62,4,64,2,54,67,68,26,70,46,72,6,74,2,77
d251b2a81a40f2a8 0 0 1573126,12,10,14,8,16,2,10,8,20,2,19,23,14,23,6,4,6,29,26,24,32,12,34,8,36,2,21,39,30,8,40,24,44,12,46,8,48,4,50,2,43,52,54,24,56,4,58,2,60
99d1a7f0fa482a88 0 0 1900806,10,4,7,15,14,2,5,19,10,8,22,6,24,4,7,27,20,16,30,12,32,10,34,6,36,2,2,38,28,12,42,8,44,6,46,2,40,16,50,12,52,10,54,8,56,6,49,59,60,20,62,40,64,12,66,10,68,2,71
ff00fba2cd04d040 0 0 1769734,12,8,14,4,16,2,2,19,12,6,22,4,24,2,12,10,28,6,30,4,26,32,10,4,4,36,6,2,34,20,42,12,44,2,40,46,38,12,50,4,48,20,54,8,56,2,52,59,60,38,62,12,64,4,66
d548556aea848448 0 0 1638662,12,8,14,6,16,4,12,4,20,2,18,22,12,10,26,2,26,29,8,6,6,33,4,2,30,24,38,12,40,2,37,42,34,12,44,24,48,6,47,50,52,24,54,30,56,44,58,12,60,6,62
ac0bf11cd880f2e0 0 0 1835270,10,8,14,2,13,17,12,8,20,2,17,22,6,4,5,26,24,18,30,12,32,10,34,4,36,2,15,38,28,8,42,6,40,18,46,12,48,10,50,8,52,4,54,2,44,57,58,40,60,12,62,10,64,8,66,4,69
33efb6e042c8c268 0 0 1900806,10,4,5,14,12,8,18,6,18,21,8,4,24,2,6,2,26,28,22,16,32,10,34,8,36,4,38,2,3,41,30,12,44,8,46,4,48,2,42,16,52,12,54,10,50,57,58,22,60,30,62,12,64,8,66,4,68,2,70
e14f10d88682c800 0 0 1573126,12,10,14,8,16,2,7,18,12,2,10,22,8,4,2,26,10,6,30,2,24,20,34,12,36,8,38,2,33,40,28,8,42,20,46,12,48,10,50,6,52,4,54,2,44,57,58,24,60
9616e262862ca208 0 0 1638662,10,6,7,14,6,4,12,10,20,6,22,4,24,2,18,27,8,2,3,30,18,2,28,16,36,12,38,2,35,40,32,8,44,4,42,16,48,12,50,10,52,8,46,55,56,16,58,10,60,4,62
343a62bce78ccc88 0 0 1966342,8,6,14,4,6,4,16,18,6,2,18,2,23,25,10,8,28,6,30,4,32,2,4,34,26,20,38,12,40,8,42,6,3,45,36,12,48,8,50,6,52,2,46,20,56,12,58,10,60,8,62,4,64,2,54,67,68,36,70,46,72
faf456a8fbea46a8 0 0 1769734,10,4,14,2,7,16,5,14,10,8,22,6,24,4,7,26,20,18,30,12,32,10,34,2,2,36,28,12,40,8,42,2,38,18,46,12,48,10,50,8,52,2,44,55,56,18,58,20,60,38,62,10,64,4,66
1093cd1e24720600 0 0 1507590,12,10,14,8,10,8,18,2,17,21,14,2,21,24,6,4,6,29,26,22,32,12,34,8,19,37,30,8,38,22,42,12,44,8,46,4,41,48,50,26,52,10,54,8,56,4,59
6e3938b21bcce2e8 0 0 1638662,12,8,14,4,12,4,18,2,17,20,12,10,24,2,24,27,8,6,8,31,4,2,28,22,36,12,38,2,35,40,32,12,42,22,46,8,48,6,45,51,52,32,54,42,56,8,58,6,60,2,63
63244ca4efec4ce0 0 0 2359558,12,6,14,2,2,17,12,8,20,2,12,10,24,6,26,4,28,2,22,30,10,8,34,6,36,2,4,38,6,4,32,18,44,12,46,8,48,6,43,51,40,12,54,8,56,6,58,4,60,2,52,18,64,8,66,4,63,68,70,18,72,40,74,12,76,8,78,6,80,4,82,2,85
b838002a28a80a20 0 0 1769734,12,10,12,6,16,2,14,18,12,8,10,8,22,24,8,6,28,4,3,30,14,8,34,6,26,20,38,6,37,40,32,6,44,4,46,2,42,20,50,10,52,2,48,54,56,32,58,8,60,6,62,4,64,2,66
34efb84e5a48c000 0 0 2031878,12,10,14,8,16,6,18,2,7,21,12,6,10,25,8,4,28,2,2,30,10,6,34,2,26,22,38,12,40,8,42,6,44,2,37,47,32,8,50,2,48,22,54,12,56,10,58,4,52,60,62,22,64,26,66,12,68,8,70,6,72,2,75
74dc9290892e26e8 0 0 2228486,8,6,14,4,6,4,16,18,6,2,18,2,23,25,10,8,28,6,30,4,32,2,4,34,26,20,38,12,40,8,42,6,3,45,36,12,48,8,50,6,52,2,46,20,56,12,58,10,60,8,62,4,64,2,54,67,68,26,70,36,72,46,74,6,76,4,78,2,81
eef1732094def600 0 0 2294022,12,6,14,4,2,16,12,8,20,4,12,10,24,6,23,26,10,8,30,6,32,2,4,35,6,4,38,2,28,18,42,12,44,8,46,6,48,4,40,51,36,12,54,8,56,6,58,2,52,18,62,8,64,4,66,2,61,69,70,28,72,36,74,12,76,10,78,8,80,2,83
aa9b548a85ee8400 0 0 1638662,12,10,14,8,16,2,10,8,20,2,19,23,14,23,6,4,6,29,26,24,32,12,34,8,36,2,21,39,30,8,40,24,44,12,46,8,48,4,50,2,43,52,54,24,56,30,58,4,60,2,62
51ccb81e68668e88 0 0 1900806,10,4,14,2,7,16,5,14,10,8,22,6,24,4,7,26,20,18,30,12,32,10,34,2,2,36,28,12,40,8,42,2,38,18,46,12,48,10,50,8,52,2,44,55,56,20,58,28,60,38,62,10,64,8,66,4,68,2,70
f63594b69f748a08 0 0 1573126,12,8,14,4,12,4,18,2,17,20,12,10,24,2,24,27,8,6,8,31,28,22,34,12,4,37,32,12,40,2,38,22,44,8,46,6,42,49,50,28,52,32,54,38,56,12,58,4,60
4bbca4540ff8d020 0 0 1507590,10,8,14,4,5,16,12,10,20,6,7,22,3,9,6,2,24,18,30,12,32,8,28,34,26,8,38,6,40,4,42,2,36,18,46,12,48,10,50,8,44,52,54,24,56,10,58
61ee3bee2a5aa288 0 0 2097414,12,10,14,8,16,2,14,18,12,6,22,2,10,8,26,6,24,28,10,6,32,4,3,34,12,8,38,6,40,2,30,20,44,6,43,46,36,6,50,4,52,2,48,20,56,8,58,6,60,2,54,62,64,20,66,36,68,12,70,6,72,4,74,2,76
5b0b0a56a4ba7a68 0 0 1704198,12,10,14,8,16,2,7,18,12,2,10,22,8,4,26,2,2,29,10,6,32,2,24,20,36,12,38,8,40,2,35,42,30,8,44,20,48,12,50,10,52,6,54,4,46,56,58,24,60,30,62,8,64
78eabaeae5888288 0 0 2031878,12,8,14,2,2,16,12,10,10,8,22,4,20,25,6,4,28,2,8,30,24,2,26,18,36,12,38,8,40,4,42,2,35,45,32,12,48,4,46,18,52,10,54,8,56,6,58,4,51,60,62,18,64,32,66,12,68,6,70,4,72,2,75
f9c8dcc8b9889c88 0 0 1442054,10,8,14,4,8,16,12,8,20,4,20,6,22,24,8,6,28,4,30,2,28,2,33,34,26,18,38,12,40,6,7,42,36,8,44,18,48,8,50,6,52,2,46,54,56
c05e5e3ee3fcfc48 0 0 2031878,8,6,7,14,12,10,18,4,18,21,10,6,24,2,4,2,26,28,22,16,32,10,34,8,36,6,38,2,3,41,30,12,44,10,46,6,48,2,42,16,52,12,54,8,50,57,58,16,60,22,62,30,64,12,66,10,68,8,70,6,72,2,74
2f9570b07ab8b008 0 0 2359558,12,6,14,4,2,16,12,8,20,4,12,10,24,6,23,26,10,8,30,6,32,2,4,35,6,4,38,2,28,18,42,12,44,8,46,6,48,4,40,51,36,12,54,8,56,6,58,2,52,18,62,8,64,4,66,2,61,69,70,18,72,28,74,36,76,12,78,10,80,8,82,2,85
36fd6eec81c8c8c8 0 0 2097414,10,4,7,15,14,2,5,19,10,8,22,6,24,4,7,27,20,16,30,12,32,10,34,6,36,2,2,38,28,12,42,8,44,6,46,2,40,16,50,12,52,10,54,8,56,6,49,59,60,16,62,20,64,28,66,40,68,12,70,10,72,8,74,2,77
c5ed1e3c2c8e08a0 0 0 1573126,12,10,14,8,10,8,18,2,17,21,14,2,21,24,6,4,6,29,26,22,32,12,34,8,19,37,30,8,38,22,42,12,44,8,46,4,41,48,50,26,52,30,54,10,56,8,58,4,61
43a6d6bc97186868 0 0 1900806,10,8,14,4,5,16,12,10,20,6,22,2,7,24,3,9,6,2,26,18,32,12,34,8,36,2,30,38,28,8,42,6,44,4,46,2,40,18,50,12,52,10,54,8,56,2,48,58,60,26,62,28,64,10,66,8,68,2,71
d15b237603dc02a8 0 0 1966342,12,10,14,8,16,6,18,2,7,21,12,6,10,25,8,4,2,29,10,6,32,2,26,22,36,12,38,8,40,6,42,2,35,45,30,8,48,2,46,22,52,12,54,10,56,4,58,2,50,61,62,22,64,26,66,30,68,12,70,6,73
052ab4a83c201408 0 0 1835270,8,2,12,10,16,6,18,4,14,20,16,8,24,6,26,4,20,28,8,6,32,4,34,2,2,37,30,22,40,12,42,6,44,4,32,46,38,8,50,2,48,22,54,12,56,10,58,8,60,2,52,63,64,22,66,38,68
044b5112255a0448 0 0 1835270,12,6,14,2,2,16,12,10,20,2,10,6,24,4,26,2,23,28,8,6,32,4,34,2,7,36,30,18,40,12,42,6,44,4,46,2,26,49,38,12,52,8,54,2,50,18,58,10,57,60,62,30,64,38,66,8,68
72ea5ca87a62dca8 0 0 1835270,8,6,14,2,6,2,17,18,12,10,22,4,23,24,10,6,28,4,4,2,30,32,26,20,36,10,38,8,40,6,42,4,3,45,34,12,48,10,50,6,52,4,46,20,56,12,58,8,55,60,62,46,64,12,66,8,68
66c4868a64c68488 0 0 1638662,10,6,14,4,8,16,12,8,20,4,20,6,22,24,8,6,28,2,28,4,32,2,30,35,26,18,38,12,40,6,7,42,36,8,44,18,48,8,50,6,52,4,54,2,46,57,58,18,60,8,62
1cebfd0a41faa028 0 0 1573126,12,8,10,8,15,17,12,17,6,4,6,23,16,2,20,18,28,12,30,10,32,8,27,35,24,8,38,2,36,18,42,12,44,10,46,8,48,4,41,50,52,36,54,8,56,4,58,2,61
cef3489cf3ceb6c8 0 0 1704198,12,10,2,14,12,8,12,6,20,4,18,23,6,4,26,2,8,29,4,2,24,16,34,12,36,4,32,38,30,12,42,8,44,4,46,2,40,16,50,12,52,8,54,4,48,56,58,24,60,12,62,8,64
0b718cf60efeb040 0 0 1704198,6,4,11,14,6,2,12,10,20,4,18,22,8,4,26,2,3,29,24,16,32,12,34,2,7,37,30,8,40,2,38,16,44,12,46,10,48,8,50,6,42,53,54,38,56,12,58,10,60,8,62,4,65
0d0e4af4fc2a7820 0 0 1966342,6,4,14,2,8,6,18,4,20,2,16,22,6,2,15,27,10,8,30,6,32,4,34,2,5,37,28,24,40,12,42,6,44,2,3,46,38,12,50,10,48,24,54,12,56,10,58,4,60,2,52,62,64,28,66,12,68,10,70,8,72
3eca3888beca1828 0 0 1638662,12,8,14,6,7,17,12,10,20,6,10,22,8,4,2,26,10,6,30,2,24,18,34,12,36,10,38,8,40,6,33,43,28,8,44,18,48,12,50,4,47,52,54,44,56,8,58,6,60,4,63
a3de0a562e843cc0 0 0 2162950,12,6,14,2,2,16,12,10,10,6,22,4,20,25,8,6,28,4,30,2,7,32,24,2,26,18,38,12,40,6,42,4,44,2,37,47,34,12,50,8,52,2,48,18,56,10,58,2,55,61,62,18,64,26,66,34,68,12,70,8,72,6,74,4,76,2,78
f9787d74002848e8 0 0 1704198,12,10,14,8,16,6,9,18,14,6,22,2,18,25,8,6,28,4,2,31,28,2,26,20,36,12,38,8,35,40,32,8,42,20,46,12,48,10,50,4,45,53,54,42,56,8,58,6,60,4,62,2,65
9af4922c5638d668 0 0 1900806,10,8,14,2,8,6,16,19,12,8,22,6,24,4,26,2,22,4,28,30,8,4,34,2,35,36,32,20,40,12,42,6,44,4,7,47,38,8,50,6,48,20,54,8,56,4,58,2,53,60,62,32,64,12,66,6,68,2,71
fbe8307688728020 0 0 1835270,6,4,8,6,16,4,18,2,15,20,14,2,6,24,10,8,28,6,30,2,5,33,26,22,36,12,38,6,40,4,3,43,34,12,46,10,44,22,50,12,52,10,54,4,56,2,48,58,60,26,62,34,64,12,66,6,68
1ff7c55ad9da7488 0 0 1900806,12,8,7,14,12,10,18,2,10,21,8,4,24,2,2,26,10,6,30,2,22,16,34,12,36,10,38,8,33,40,28,8,44,2,42,16,48,12,50,6,52,4,54,2,47,57,58,22,60,42,62,8,64,6,66,4,68,2,71
b1a4b63429962e60 0 0 1769734,12,10,2,14,12,8,12,6,20,4,18,23,6,4,26,2,8,29,4,2,24,16,34,12,36,4,32,38,30,12,42,8,44,4,46,2,40,16,50,12,52,8,54,4,48,56,58,16,60,24,62,12,64,8,66
3534263483283a28 0 0 1573126,12,6,10,6,16,4,18,2,14,21,14,4,3,25,8,6,28,4,30,2,7,32,26,22,36,4,38,2,18,40,34,12,44,8,42,22,48,12,50,10,52,6,54,2,46,57,58,22,60
b135c37834064688 0 0 1769734,12,8,14,2,10,8,18,2,16,20,12,20,6,4,6,27,24,22,30,12,32,10,34,8,36,2,18,38,28,8,40,22,44,12,46,10,48,8,50,4,52,2,42,55,56,22,58,24,60,40,62,10,64,2,66
4fe737241e0a00a0 0 0 1769734,12,8,7,14,12,10,18,2,10,21,8,4,2,25,10,6,28,2,22,16,32,12,34,10,36,8,31,38,26,8,42,2,40,16,46,12,48,6,50,4,45,52,54,22,56,26,58,40,60,6,62,4,64,2,66
b39b33e407ce1e28 0 0 1835270,12,10,12,8,14,17,16,2,8,6,22,2,20,24,22,4,28,2,3,30,14,8,34,6,36,2,26,18,40,8,42,2,38,45,32,6,48,4,50,2,46,18,54,12,56,4,58,2,52,60,62,18,64,10,66,8,68
585052b680cc2080 0 0 1638662,12,8,10,8,15,17,12,17,6,4,6,23,16,2,20,18,28,12,30,10,32,8,27,35,24,8,38,2,36,18,42,12,44,10,46,8,48,4,41,50,52,24,54,36,56,8,58,4,60,2,63
28313132a2444448 0 0 1900806,12,8,14,2,10,8,18,4,17,20,14,4,24,2,3,26,6,4,30,2,8,32,20,2,28,22,38,4,40,2,37,42,34,12,46,4,44,22,50,12,52,10,54,6,56,4,49,58,60,28,62,12,64,8,66,6,68,4,70
256555401412a8c8 0 0 2097414,12,4,2,15,10,6,18,4,20,2,12,6,24,2,22,27,10,8,30,4,6,32,10,4,28,16,38,10,40,6,42,4,36,44,34,12,48,10,50,4,52,2,46,16,56,12,58,10,60,8,62,2,55,65,66,16,68,12,70,10,72,8,74,4,77
3e78b636b6bc6868 0 0 1769734,12,10,2,14,12,6,18,2,12,8,22,6,24,4,21,26,8,6,30,4,6,33,28,16,36,12,38,4,5,40,34,12,44,6,46,4,48,2,42,16,52,12,54,6,56,4,50,58,60,34,62,6,64,4,66
8333011eedd29000 0 0 2097414,12,8,14,4,10,8,18,2,16,20,12,20,6,4,26,2,6,2,28,31,24,22,34,12,36,10,38,8,40,2,18,42,32,8,46,4,48,2,44,22,52,12,54,10,56,8,58,4,60,2,50,63,64,22,66,24,68,32,70,44,72,10,74,4,76
2b0474debdb0e860 0 0 1704198,12,6,10,6,16,4,14,18,14,4,3,23,8,6,26,4,28,2,7,30,18,2,24,20,36,4,38,2,35,40,32,12,44,8,42,20,48,12,50,10,52,6,46,54,56,20,58,24,60,4,62,2,65
241fefd4918a0028 0 0 1835270,12,6,14,4,16,2,2,18,10,6,12,22,10,8,26,6,6,29,10,2,24,20,34,10,36,6,38,2,32,40,30,12,44,10,46,6,48,2,42,20,52,12,54,10,56,8,58,4,50,61,62,24,64,10,66,6,68
efe2cae8c4504400 0 0 2031878,10,8,10,2,14,16,8,6,20,4,22,2,8,4,24,27,4,2,2,31,14,2,28,18,36,10,38,8,40,6,42,4,34,44,32,6,46,18,50,12,52,10,54,4,56,2,49,58,60,18,62,28,64,46,66,12,68,10,70,6,72,4,74
cd2810a015004000 0 0 1769734,12,8,14,4,12,10,18,4,16,20,12,6,24,4,8,6,28,2,26,30,28,4,2,34,18,8,38,6,40,4,42,2,32,22,46,12,48,10,50,6,52,4,44,54,36,8,58,2,56,22,62,12,60,64,66
289897d8d9768828 0 0 1835270,12,10,14,8,16,4,16,18,12,8,4,23,8,6,26,2,8,29,4,2,24,20,34,10,36,4,32,39,30,12,42,8,44,2,40,20,48,10,50,6,52,4,54,2,47,56,58,20,60,12,62,10,64,8,66,6,68
7a8c6f0c6642a6e8 0 0 1900806,12,10,2,14,12,6,12,8,20,6,22,4,18,24,8,6,28,4,30,2,6,32,4,2,26,16,38,12,40,4,36,42,34,12,46,6,48,4,50,2,44,16,54,12,56,6,58,4,52,60,62,16,64,34,66,12,68,6,70
be31e91a3114ccc0 0 0 1966342,12,4,2,15,10,6,18,2,12,6,22,2,21,25,10,8,28,6,6,30,26,16,34,10,36,6,11,39,32,12,42,10,44,2,40,16,48,12,50,10,52,8,54,6,56,4,58,2,46,61,62,16,64,26,66,10,68,6,70,2,73
92322332f3e8cae8 0 0 1835270,12,6,10,6,16,4,18,2,14,21,14,4,3,25,8,6,28,4,30,2,7,32,26,22,36,4,38,2,18,40,34,12,44,8,42,22,48,12,50,10,52,6,54,2,46,57,58,22,60,34,62,8,64,4,66,2,68
10a0014e45c65428 0 0 1638662,12,6,4,14,12,10,18,8,2,20,6,2,2,24,4,2,22,16,30,10,32,6,28,34,26,4,36,16,40,12,42,10,44,8,46,6,48,4,50,2,38,52,54,22,56,36,58,4,60,2,62
e3e2bc90a3e2acc0 0 0 1376518,12,10,14,4,16,2,14,19,12,2,4,2,22,25,8,6,8,29,26,20,32,10,34,4,5,37,30,12,38,20,42,10,44,6,46,4,40,48,50,26,52,12,54
fb0eda701d420000 0 0 1900806,12,10,14,8,16,2,12,6,18,20,20,2,8,6,26,2,25,28,26,4,32,2,3,34,14,6,30,22,40,8,42,2,38,45,36,6,48,4,50,2,46,22,54,12,56,8,58,6,60,4,62,2,52,65,66,30,68,8,70
a5a42058a848d288 0 0 2228486,12,6,14,4,16,2,2,18,10,6,22,4,12,25,10,8,28,4,6,31,10,4,34,2,26,20,38,10,40,6,42,4,44,2,37,47,32,12,50,10,52,6,54,4,56,2,48,20,60,12,62,10,64,8,66,6,59,69,70,20,72,32,74,8,76,6,78,2,80
a5a2e0e8d5a260e8 0 0 2228486,12,8,14,6,16,2,10,8,20,6,18,22,16,4,26,2,3,29,8,4,32,2,6,4,36,2,35,38,22,2,30,24,44,4,46,2,43,48,40,12,52,6,54,2,50,24,58,12,60,10,62,6,57,65,66,30,68,40,70,12,72,8,74,6,76,4,78,2,81
10a23f2204087488 0 0 1966342,12,10,2,14,12,8,18,6,20,2,12,6,24,4,22,27,6,4,8,6,30,33,28,16,36,12,38,4,5,40,34,12,44,8,46,6,48,4,50,2,42,16,54,12,56,8,58,6,60,4,53,63,64,28,66,34,68,12,70,6,73
d6c06a4095fc4040 0 0 1900806,12,10,14,8,16,4,16,18,12,8,4,23,8,6,26,2,8,29,4,2,24,20,34,10,36,4,32,39,30,12,42,8,44,2,40,20,48,10,50,6,52,4,54,2,47,56,58,20,60,30,62,12,64,10,66,8,68,6,70
89f49b6e66beb8e8 0 0 1900806,12,10,12,8,14,17,16,2,8,6,22,2,20,24,22,4,3,29,14,8,32,6,34,2,26,18,38,8,40,2,36,43,30,6,46,4,44,18,50,12,52,4,49,55,56,18,58,30,60,10,62,8,64,6,66,4,68,2,71
efb1fca2f9e44008 0 0 1900806,12,6,14,4,16,2,2,18,10,6,12,22,10,8,26,6,6,29,10,2,24,20,34,10,36,6,38,2,32,40,30,12,44,10,46,6,48,2,42,20,52,12,54,10,56,8,58,4,50,61,62,24,64,30,66,10,68,6,70
f2a370f47560c808 0 0 1704198,12,6,10,6,16,4,14,18,14,4,3,23,8,6,26,4,28,2,7,30,18,2,24,20,36,4,38,2,35,40,32,12,44,8,42,20,48,12,50,10,52,6,46,54,56,20,58,24,60,32,62,8,65
c23c95c0fca8c268 0 0 1769734,12,10,14,8,16,4,16,18,12,8,4,23,8,6,26,2,8,29,4,2,24,20,34,10,36,4,32,39,30,12,42,8,44,2,40,20,48,10,50,6,52,4,54,2,47,56,58,24,60,30,62,6,64,4,66
d10895443fea48c0 0 0 2097414,8,6,14,4,6,2,16,18,12,10,22,2,22,4,26,2,24,29,10,4,4,2,32,34,30,20,38,10,40,8,42,2,3,44,36,12,48,10,50,6,52,2,46,20,56,12,58,8,60,6,55,63,64,30,66,46,68,12,70,8,72,4,74,2,77
caf80ba04588b028 0 0 1966342,12,4,2,15,10,6,18,2,12,6,22,2,21,25,10,8,28,6,6,30,26,16,34,10,36,6,11,39,32,12,42,10,44,2,40,16,48,12,50,10,52,8,54,6,56,4,58,2,46,61,62,16,64,26,66,32,68,10,70,2,73
ac251f3cfbd834e8 0 0 1704198,12,6,10,6,16,4,18,2,15,21,14,4,24,2,3,27,8,6,30,4,32,2,7,34,28,22,38,4,18,41,36,12,44,8,46,2,42,22,50,12,52,10,54,6,48,57,58,42,60,6,62,4,64
007f6f2cdef43620 0 0 1900806,12,6,14,4,12,10,18,8,20,4,16,22,22,2,9,27,8,4,3,30,12,8,34,6,36,4,28,24,40,8,42,6,39,44,32,6,48,4,50,2,46,24,54,12,56,10,58,6,53,61,62,28,64,32,66,10,68,2,71
2f6ad296a64c6840 0 0 1179910,12,10,14,4,14,16,4,12,8,6,8,23,4,2,20,18,28,10,26,30,24,12,34,2,32,18,38,10,40,6,36,43,44,32,46,2,48
44e940e29196ea48 0 0 1900806,5,10,12,8,16,6,18,4,20,2,16,4,22,24,8,4,28,2,7,31,26,14,34,10,36,8,38,2,3,40,32,12,44,8,46,6,42,14,50,12,52,10,54,6,56,2,48,58,60,32,62,42,64,12,66,8,68,2,71
c8e59e6e674a9868 0 0 1835270,12,10,14,8,12,6,18,2,17,20,9,14,10,6,26,4,3,28,12,8,32,6,24,22,36,6,34,38,30,6,42,4,44,2,40,22,48,10,50,8,52,2,46,55,56,24,58,30,60,12,62,6,64,4,66,2,68
2022f022f2f072a0 0 0 1769734,10,8,6,4,14,16,6,2,12,10,22,8,24,2,20,26,8,4,3,30,28,18,34,12,36,4,7,38,32,8,40,18,44,12,46,10,48,6,50,4,43,52,54,18,56,40,58,12,60,10,62,6,64,4,66
57ecedde2eaae4e8 0 0 1835270,12,6,10,6,16,4,15,18,14,4,22,2,3,25,8,6,28,4,30,2,7,32,18,2,26,20,38,4,37,41,34,12,44,8,46,2,42,20,50,12,52,10,54,6,56,2,48,58,60,26,62,42,64,6,66,2,69
4b4edcc8634e7cc8 0 0 2097414,12,4,14,2,2,17,10,8,20,6,22,4,12,10,26,4,28,2,24,30,8,6,7,35,10,4,38,2,32,18,42,10,44,8,46,6,48,4,50,2,41,52,36,12,56,8,58,6,54,18,62,12,64,6,66,4,60,68,70,54,72,6,74,4,76
3887e0a0fbeeea00 0 0 1638662,12,10,14,6,16,2,12,19,9,16,8,4,24,2,3,27,12,8,22,20,32,8,34,6,31,36,28,6,40,4,38,20,44,12,46,10,48,8,50,4,42,53,54,20,56,22,58,28,60,10,62
edf47ba257200840 0 0 1442054,12,10,14,4,14,16,4,12,8,6,8,23,4,2,20,18,28,10,26,30,24,12,34,2,32,18,38,10,40,6,36,43,44,18,46,20,48,32,50,12,52,10,54,2,56
5983f194f228f0c0 0 0 1835270,12,6,10,6,16,4,18,2,15,21,14,4,24,2,3,27,8,6,30,4,32,2,7,34,28,22,38,4,18,41,36,12,44,8,46,2,42,22,50,12,52,10,54,6,48,57,58,36,60,42,62,8,64,6,66,2,68
f4a41a64f5003820 0 0 2031878,12,4,14,2,2,17,10,8,20,4,22,2,12,10,26,4,28,2,24,30,8,6,8,34,10,4,32,18,40,10,42,8,44,4,38,46,36,12,50,8,52,2,48,18,56,12,58,8,60,6,62,4,54,65,66,32,68,48,70,10,72,4,74
e92dbf9af3d2c000 0 0 1900806,8,6,14,4,6,2,16,18,12,10,22,4,23,24,10,2,4,2,28,30,26,20,34,10,36,8,38,4,3,40,32,12,44,10,46,6,48,4,42,20,52,12,54,8,56,6,51,59,60,26,62,32,64,42,66,12,68,8,71
8905c8f04488f088 0 0 1835270,12,10,14,8,16,6,18,4,2,20,8,4,24,2,12,4,28,2,26,30,8,6,34,4,36,2,24,38,4,2,32,22,44,8,46,6,42,48,40,12,52,6,50,22,56,12,58,8,54,60,62,12,64,8,66,4,68
b1cc6eec35fcd6e0 0 0 2228486,12,10,14,6,16,4,18,2,14,8,22,6,24,4,21,26,26,2,10,8,32,6,31,34,34,4,38,2,3,40,12,8,44,4,46,2,36,28,50,10,52,8,49,55,42,6,58,4,56,28,62,12,64,6,66,2,60,69,70,56,72,12,74,8,76,4,78,2,81
711170f018e808e8 0 0 1245446,12,10,14,4,14,16,4,12,8,6,8,23,4,2,20,18,28,10,26,30,24,12,34,2,32,18,38,10,40,6,36,43,44,24,46,32,48,2,50
c84bbbeebb38c8c8 0 0 1966342,12,6,10,6,16,4,15,18,14,4,22,2,3,25,8,6,28,4,30,2,7,32,18,2,26,20,38,4,37,41,34,12,44,8,46,2,42,20,50,12,52,10,54,6,56,2,48,58,60,26,62,34,64,42,66,8,68,6,70,4,73
e0e7374867e0e0e0 0 0 2294022,12,4,14,2,2,17,10,8,20,4,12,10,24,4,23,27,8,6,8,30,10,4,34,2,28,18,38,10,40,8,42,4,44,2,37,47,32,12,50,8,52,2,48,18,56,12,58,8,60,6,62,4,54,65,66,18,68,28,70,48,72,12,74,10,76,8,78,4,80,2,83
e8b97298a7b662c8 0 0 1900806,12,10,14,8,16,4,16,2,18,21,12,8,24,2,4,2,27,29,8,6,32,2,8,35,30,22,38,10,5,40,36,12,44,8,42,22,48,10,50,6,52,2,47,55,56,22,58,30,60,36,62,42,64,10,66,6,68,4,70
ced316b0c12cb6e0 0 0 1966342,12,10,14,8,16,6,18,2,13,21,12,2,10,6,24,27,26,4,30,2,3,33,12,8,36,2,28,22,40,10,38,42,34,6,46,4,44,22,50,12,52,10,54,4,56,2,48,59,60,28,62,44,64,12,66,8,68,6,70,4,72
5ea55b28dea0de28 0 0 1704198,10,2,12,6,16,2,14,18,12,8,22,6,24,2,12,26,6,4,2,30,10,8,34,6,36,2,28,20,40,12,42,10,44,4,38,46,32,6,48,20,52,12,54,10,56,6,58,4,50,60,62,6,64
ba362868a9360868 0 0 2162950,12,4,14,2,2,17,10,8,20,6,22,4,12,10,26,4,28,2,24,30,8,6,7,35,10,4,38,2,32,18,42,10,44,8,46,6,48,4,50,2,41,52,36,12,56,8,58,6,54,18,62,12,64,6,66,4,60,68,70,36,72,54,74,8,76,4,79
63d43bc8eed43ec8 0 0 1769734,11,13,12,8,16,6,18,2,12,6,22,2,20,25,6,4,2,28,10,8,32,2,26,14,36,12,38,10,40,6,42,4,34,44,30,6,46,14,50,12,52,10,54,4,48,56,58,14,60,12,62,10,64,6,67
27f629ce4b880a00 0 0 1638662,12,10,14,2,14,16,12,4,20,2,20,22,8,6,8,27,24,18,30,10,32,4,5,34,28,12,38,2,36,18,42,10,44,6,46,4,41,49,50,18,52,24,54,12,56,10,58,6,60,2,63
49bb2b40818c5008 0 0 2162950,12,4,14,2,2,17,10,8,20,4,22,2,12,10,26,4,28,2,24,30,8,6,8,34,10,4,32,18,40,10,42,8,44,4,38,46,36,12,50,8,52,2,48,18,56,12,58,8,60,6,62,4,54,65,66,32,68,36,70,48,72,10,74,8,76,4,78
9d99e6e81f44e6e8 0 0 1704198,10,4,13,14,12,8,18,6,20,2,12,6,24,2,22,27,6,4,2,30,10,8,34,4,36,2,28,16,40,12,42,10,44,6,39,47,32,6,48,16,52,12,54,10,50,57,58,28,60,8,62,6,64
bcf5b6f0f8280828 0 0 1769734,12,8,12,10,16,8,18,2,14,20,10,8,16,24,8,4,3,28,26,22,32,6,13,34,30,6,38,4,40,2,36,22,44,10,46,6,48,2,42,50,52,22,54,26,56,30,58,12,60,10,62,4,64,2,66
0a4a824ee468e428 0 0 721158,8,2,12,14,12,10,2,18,4,6,20,16,8,24,26,16,22,28,30,16,32,20,34
e39ec58e5afa56c0 0 0 1704198,12,10,14,2,14,16,12,4,20,2,20,22,8,6,8,27,24,18,30,10,32,4,5,34,28,12,38,2,36,18,42,10,44,6,46,4,41,49,50,18,52,24,54,28,56,12,58,10,60,6,62,2,65
680c96a6ed4a46e0 0 0 1900806,12,10,14,4,16,2,2,18,8,4,12,8,24,6,26,4,22,28,8,6,32,4,34,2,22,2,36,38,4,2,30,20,44,8,46,6,42,48,40,12,52,8,50,20,56,12,58,6,54,60,62,20,64,12,66,4,68,2,70
71ac49326496f608 0 0 2294022,12,4,14,2,2,17,10,8,20,4,12,10,24,4,23,27,8,6,8,30,10,4,34,2,28,18,38,10,40,8,42,4,44,2,37,47,32,12,50,8,52,2,48,18,56,12,58,8,60,6,62,4,54,65,66,18,68,28,70,32,72,48,74,12,76,10,78,4,80,2,83
ccdcd874dd3e2888 0 0 1900806,11,13,12,8,16,6,18,2,12,6,22,2,20,25,6,4,2,28,10,8,32,2,26,14,36,12,38,10,40,6,42,4,34,44,30,6,46,14,50,12,52,10,54,4,48,56,58,14,60,26,62,12,64,10,66,8,68,6,71
3d5f0dca1f728ae8 0 0 1835270,12,2,12,10,16,8,18,6,15,20,16,6,24,2,10,6,26,29,8,4,3,32,12,8,36,2,30,22,40,6,38,42,34,6,46,4,48,2,44,22,52,10,54,8,56,2,50,59,60,30,62,44,64,8,66,2,68
f018fe0830187a08 0 0 1638662,12,10,2,14,8,6,18,4,20,2,12,8,24,4,26,2,22,28,8,4,20,32,30,16,36,8,5,39,34,12,42,8,44,6,40,16,48,12,50,6,47,52,54,30,56,12,58,8,60,6,63
4ad0d2c00ed01ec0 0 0 1704198,12,10,14,8,16,4,18,2,3,21,12,2,3,24,6,4,6,29,10,4,32,2,26,22,36,10,38,8,40,4,42,2,35,44,30,8,46,22,50,10,52,8,49,54,56,22,58,8,60,4,62,2,65
5b7878fc12f2f2e0 0 0 1638662,12,8,14,4,16,2,16,18,12,10,22,8,10,24,6,2,8,29,10,2,26,20,34,4,36,2,32,38,30,12,40,20,44,10,46,6,48,4,50,2,42,53,54,20,56,12,58,8,60,4,62
5aade50e25d256e8 0 0 1835270,12,4,14,2,12,10,17,18,8,6,22,2,18,8,26,2,24,28,6,4,2,32,10,8,36,6,38,4,40,2,30,20,44,12,46,10,48,8,50,6,52,2,43,54,34,6,56,20,60,10,62,6,64,2,58,67,68
5878cc7a33caf2c8 0 0 1769734,10,2,12,6,16,2,14,18,12,8,22,6,24,2,12,26,6,4,2,30,10,8,34,6,36,2,28,20,40,12,42,10,44,4,38,46,32,6,48,20,52,12,54,10,56,6,58,4,50,60,62,32,64,6,66
ff018b02bb54b8a8 0 0 1769734,12,10,14,8,16,4,18,2,3,21,12,2,3,24,6,4,6,29,10,4,32,2,26,22,36,10,38,8,40,4,42,2,35,44,30,8,46,22,50,10,52,8,49,54,56,22,58,30,60,8,62,4,64,2,67
8985144298466ce8 0 0 1900806,12,6,12,10,15,16,16,8,20,2,10,8,24,6,26,2,22,29,8,4,3,32,12,8,36,6,30,18,40,6,38,42,34,6,46,4,48,2,44,18,52,10,50,55,56,18,58,30,60,44,62,10,64,8,66,6,68,2,70
14b01a1468f0b028 0 0 1966342,12,4,14,2,12,10,18,4,20,2,17,22,8,6,26,2,18,8,30,4,28,32,6,4,2,36,10,8,40,6,34,24,44,12,46,10,48,8,50,6,52,4,43,54,38,6,56,24,60,10,62,6,64,4,58,67,68,24,70,10,72
4701040421baa280 0 0 1769734,12,10,14,8,16,4,18,2,18,20,12,8,24,4,26,2,4,2,29,31,6,2,8,35,32,22,38,10,40,4,5,42,36,12,44,22,48,10,50,6,52,2,46,54,56,32,58,12,60,8,62,4,64,2,67
da287a5aad82b600 0 0 1835270,11,13,12,8,16,6,18,2,12,6,22,2,20,25,6,4,2,28,10,8,32,2,26,14,36,12,38,10,40,6,42,4,34,44,30,6,46,14,50,12,52,10,54,4,48,56,58,14,60,30,62,12,64,10,66,6,69
c233887633c2f608 0 0 2162950,12,8,14,6,16,4,3,18,12,10,22,8,3,24,6,2,6,4,29,31,10,8,26,20,36,10,38,6,40,4,42,2,34,45,32,8,48,6,50,4,52,2,46,20,56,10,58,6,60,2,55,62,64,32,66,46,68,10,70,8,72,6,74,4,76,2,79
1a01a202551412e8 0 0 1966342,12,10,12,8,14,16,12,6,10,6,21,23,8,6,26,4,28,2,3,30,14,8,34,6,36,2,24,18,40,6,38,42,32,6,46,4,48,2,44,18,52,10,54,8,56,6,51,58,60,32,62,44,64,12,66,10,68,4,70,2,72
92a18c62dd2226c8 0 0 1638662,8,6,14,4,16,2,9,18,8,2,10,8,24,4,26,2,23,29,6,4,4,33,30,20,36,12,38,6,40,4,42,2,2,44,34,8,46,20,50,10,52,2,49,54,56,20,58,10,60,2,62
3f7a346293383880 0 0 2031878,12,4,14,2,12,10,17,18,6,2,18,8,24,6,26,2,23,29,8,4,32,2,2,35,10,6,38,4,40,2,30,20,44,12,46,10,48,6,50,2,42,53,36,8,54,20,58,10,60,8,56,62,64,30,66,12,68,10,70,6,72,2,75
60b8c19e212e0808 0 0 1769734,12,10,14,8,16,2,16,18,12,8,22,4,4,24,6,2,8,29,4,2,26,20,34,10,36,2,32,38,30,12,40,20,44,10,46,6,48,4,50,2,42,53,54,20,56,26,58,12,60,10,62,8,64,4,66
51faafd2b51e5a28 0 0 1769734,10,4,13,14,12,8,18,6,20,2,12,6,24,2,22,27,6,4,2,30,10,8,34,4,36,2,28,16,40,12,42,10,44,6,39,47,32,6,48,16,52,12,54,10,50,57,58,28,60,32,62,8,64,6,66
2c0440049048fc48 0 0 1769734,12,8,14,2,12,10,17,18,18,8,22,2,11,24,8,4,3,28,12,2,26,20,34,6,32,36,30,6,40,4,42,2,38,20,46,10,48,8,50,6,52,2,44,55,56,26,58,30,60,38,62,4,64,2,66
b36f88c2634072c8 0 0 2294022,12,4,14,2,12,10,18,4,17,21,6,2,18,8,26,4,28,2,25,31,8,6,34,4,36,2,2,38,10,6,42,2,32,22,46,12,48,10,50,6,52,4,54,2,45,56,40,8,60,6,58,22,64,10,66,8,68,6,70,4,63,72,74,22,76,32,78,4,80,2,83
57a6eb1acf82eaa8 0 0 1966342,11,13,12,8,16,6,18,2,12,6,22,2,20,25,6,4,2,28,10,8,32,2,26,14,36,12,38,10,40,6,42,4,34,44,30,6,46,14,50,12,52,10,54,4,48,56,58,14,60,26,62,30,64,12,66,10,68,8,70,6,73
1aa5a14404885e88 0 0 1966342,12,10,14,8,16,4,18,2,9,20,14,4,20,25,8,6,28,4,30,2,2,32,28,2,26,22,38,12,40,8,42,6,44,4,37,46,34,8,48,22,52,12,54,10,56,6,51,58,60,22,62,48,64,12,66,10,68,6,70,2,72
4a44f3eed5caccc0 0 0 1835270,12,10,14,8,16,2,11,19,14,6,16,6,23,24,6,4,2,28,10,8,32,2,26,20,36,12,38,8,40,6,42,4,44,2,34,46,30,6,48,20,52,12,54,8,56,4,58,2,51,61,62,48,64,10,66,4,68
af44648017481040 0 0 1900806,12,10,14,6,12,17,12,8,20,6,10,8,23,24,8,6,28,4,30,2,3,32,14,8,36,2,26,18,40,6,39,42,34,6,46,4,48,2,44,18,52,10,51,55,56,18,58,26,60,34,62,44,64,6,66,4,68,2,71
7e23cd8ce6229c88 0 0 1966342,12,4,14,2,12,10,17,18,8,6,22,2,18,8,26,2,24,28,6,4,32,2,2,35,10,8,38,6,40,4,42,2,30,20,46,12,48,10,50,8,52,6,54,2,45,56,36,6,58,20,62,10,64,6,60,66,68,36,70,6,72
02a864ec4aa4a4e0 0 0 1704198,10,4,6,2,14,17,10,8,20,6,22,2,20,2,24,26,3,4,28,18,32,10,34,8,10,37,30,6,40,4,38,18,44,12,46,4,48,2,42,51,52,18,54,28,56,8,58,6,60,4,62,2,64
7f6b23c235743c88 0 0 1900806,4,2,12,8,16,6,18,4,14,20,12,10,3,24,6,4,5,29,26,22,32,10,34,6,36,4,38,2,5,41,30,8,44,6,46,4,48,2,42,22,52,12,54,10,56,8,58,6,60,4,50,63,64,22,66,26,68,12,70
5e8fe970e370e800 0 0 1966342,12,10,14,8,16,2,11,19,14,6,16,6,23,24,6,4,2,28,10,8,32,2,26,20,36,12,38,8,40,6,42,4,44,2,34,46,30,6,48,20,52,12,54,8,56,4,58,2,51,61,62,26,64,48,66,10,68,8,70,4,72
5bb227584da482a8 0 0 2228486,12,4,14,2,12,10,18,4,20,2,17,22,8,6,26,2,18,8,30,4,28,32,6,4,36,2,2,39,10,8,42,6,34,24,46,12,48,10,50,8,52,6,54,4,45,56,40,6,58,24,62,10,64,6,66,4,68,2,60,70,72,24,74,40,76,10,78,6,80
a8feb800a530fc88 0 0 1966342,10,4,10,6,16,4,18,2,15,20,14,2,11,25,10,8,28,6,30,4,7,33,26,22,36,12,38,10,40,6,2,42,34,12,46,8,48,6,50,2,44,22,54,12,56,8,58,6,60,4,52,62,64,22,66,8,68,6,70,2,72
5a804cbcccbcda80 0 0 1507590,8,4,6,4,16,2,14,18,10,8,22,6,22,24,4,2,4,28,26,20,32,10,34,8,36,6,38,4,40,2,8,42,30,6,46,4,44,20,50,12,52,8,48,54,56,44,58
da0a111e3c20f808 0 0 2490630,12,4,14,2,12,10,18,4,17,21,6,2,18,8,26,4,28,2,25,31,8,6,34,4,2,37,10,6,40,2,32,22,44,12,46,10,48,6,50,4,52,2,43,54,38,8,58,6,56,22,62,10,64,8,66,6,68,4,70,2,61,73,74,22,76,32,78,38,80,8,82,6,84,4,86,2,88
fd7dd538439c3e40 0 0 2031878,12,10,14,8,16,2,11,19,14,6,16,6,23,24,6,4,2,28,10,8,32,2,26,20,36,12,38,8,40,6,42,4,44,2,34,46,30,6,48,20,52,12,54,8,56,4,58,2,51,61,62,20,64,26,66,48,68,12,70,4,72,2,75
30008380ea2a8c80 0 0 1179910,10,8,14,6,14,17,12,6,20,2,4,2,22,24,10,4,10,2,28,30,26,18,34,6,36,2,5,38,32,4,42,2,40,18,44,46,48
810dbaa073005e88 0 0 1704198,10,4,14,2,10,6,18,4,16,21,10,2,14,24,10,8,28,6,30,4,7,32,26,22,36,12,38,10,2,40,34,12,44,8,46,2,42,22,50,12,52,8,54,4,49,57,58,22,60,34,62,12,65
fbde718e00708a20 0 0 1835270,12,4,10,4,14,16,12,8,20,2,16,22,6,2,5,26,16,2,24,18,32,12,34,10,36,8,30,39,28,8,42,6,44,2,40,18,48,12,50,10,52,4,47,55,56,18,58,40,60,12,62,10,64,8,66,4,69
0094015401c00000 0 0 1507590,10,4,4,14,10,8,18,2,14,21,6,4,6,24,22,16,28,12,30,10,32,8,34,4,2,36,26,8,40,6,38,16,44,12,46,4,43,49,50,26,52,12,54,8,56,6,59
19a019d8505a0a88 0 0 1900806,12,10,14,8,16,2,11,19,14,6,16,6,23,24,6,4,2,28,10,8,32,2,26,20,36,12,38,8,40,6,42,4,44,2,34,46,30,6,48,20,52,12,54,8,56,4,58,2,51,61,62,30,64,48,66,10,68,4,70
0392ac10c41ac4c8 0 0 2228486,12,10,14,4,12,4,17,18,8,6,22,2,12,8,26,4,24,29,6,4,32,2,2,34,10,8,38,6,30,20,42,12,44,8,46,6,48,4,50,2,41,52,36,6,56,2,54,20,60,10,62,6,64,4,66,2,59,69,70,54,72,10,74,6,76,4,78,2,81
2884dd840e080408 0 0 1966342,12,10,14,6,16,4,18,2,9,20,14,8,24,6,26,4,20,29,8,6,32,4,2,35,32,2,30,22,40,12,42,6,44,4,39,46,36,8,48,22,52,12,54,10,56,8,58,2,51,61,62,30,64,48,66,8,68,6,70,4,73
ef00ee0ebb8eba80 0 0 1573126,10,8,14,4,16,2,4,19,10,19,6,4,6,24,22,20,28,12,30,10,32,8,34,2,2,37,26,8,40,6,38,20,44,12,46,8,43,49,50,22,52,26,54,12,56,8,58,6,61
8add11069e66d860 0 0 2031878,12,10,14,8,16,2,11,19,14,6,16,6,23,24,6,4,2,28,10,8,32,2,26,20,36,12,38,8,40,6,42,4,44,2,34,46,30,6,48,20,52,12,54,8,56,4,58,2,51,61,62,26,64,30,66,48,68,10,70,8,72,4,74
642a0a08666c6e28 0 0 2162950,12,8,14,4,10,8,18,6,20,4,16,23,12,2,23,26,6,2,5,30,22,2,28,24,36,12,38,10,40,8,42,6,35,44,32,8,48,6,50,2,46,24,54,12,56,10,58,6,60,4,53,62,64,28,66,46,68,12,70,10,72,6,74,4,76,2,78
52735a56a5888888 0 0 2162950,12,10,14,6,12,6,18,4,20,2,16,23,8,6,12,8,28,6,30,4,26,32,6,4,36,2,2,38,10,8,42,6,44,4,34,24,48,12,50,8,52,4,54,2,47,57,40,6,60,2,58,24,64,10,66,6,63,69,70,24,72,58,74,10,76,6,79
7a828150f71e00c0 0 0 2097414,12,10,14,8,16,2,11,19,14,6,16,6,23,24,6,4,2,28,10,8,32,2,26,20,36,12,38,8,40,6,42,4,44,2,34,46,30,6,48,20,52,12,54,8,56,4,58,2,51,61,62,20,64,26,66,30,68,48,70,12,72,4,74,2,77
ed708ea888f4f040 0 0 2162950,12,10,14,4,16,2,12,4,18,20,8,2,12,8,26,6,28,4,25,30,6,4,34,2,2,36,10,8,40,2,32,22,44,12,46,8,48,4,50,2,43,53,38,6,56,2,54,22,60,10,62,6,64,4,59,66,68,32,70,54,72,10,74,6,76,4,78
a6cb9ebc76286688 0 0 1966342,12,4,14,2,10,8,16,18,12,8,18,22,6,2,5,26,18,2,24,20,32,12,34,10,36,4,38,2,30,41,28,8,44,6,46,2,42,20,50,12,52,10,54,8,56,2,49,59,60,20,62,24,64,42,66,12,68,10,70,2,73
2854880443c84cc8 0 0 1835270,10,8,14,4,4,16,10,4,16,21,6,2,6,4,26,2,24,28,22,18,32,12,34,10,36,8,2,38,30,8,42,6,40,18,46,12,48,8,50,4,52,2,45,55,56,18,58,22,60,30,62,12,64,6,66,4,69
3465941c9eb86868 0 0 1704198,12,10,3,14,12,6,18,2,12,8,21,22,8,6,26,4,6,29,24,16,32,12,34,10,36,6,38,2,5,41,30,12,44,6,46,4,48,2,42,16,52,10,54,4,50,57,58,12,60,6,62,2,64
b382fb4accec8828 0 0 2294022,12,10,14,6,12,6,18,4,20,2,16,23,12,8,26,4,9,29,6,4,32,2,2,34,10,8,38,4,30,24,42,12,44,8,46,6,48,4,50,2,40,52,36,6,56,2,54,24,60,10,62,6,59,65,66,24,68,30,70,54,72,12,74,10,76,8,78,6,80,4,82
e2fbe262aa800080 0 0 1638662,8,6,14,2,12,8,16,18,12,6,18,22,8,4,2,26,24,20,30,12,32,10,34,8,36,6,8,38,28,8,42,6,44,2,40,20,48,12,50,4,46,52,54,20,56,24,58,40,60,12,62
0e118890f1eef0e8 0 0 1638662,10,2,4,14,10,8,14,19,6,2,6,4,24,2,22,26,20,16,30,12,32,8,2,34,28,8,38,6,40,2,36,16,44,12,46,10,48,2,43,51,52,36,54,12,56,10,58,8,60,2,63
0bf0acf2f3780e20 0 0 1900806,12,4,10,8,14,16,12,8,20,2,16,22,6,2,5,26,16,2,24,18,32,12,34,10,36,4,30,39,28,8,42,6,44,2,40,18,48,12,50,10,52,8,47,55,56,28,58,40,60,12,62,10,64,8,66,6,68,2,71
42134384a41ccc48 0 0 2097414,12,10,14,4,12,4,17,18,8,6,22,2,12,8,26,4,24,29,6,4,2,33,10,8,36,6,30,20,40,12,42,8,44,6,46,4,48,2,39,50,34,6,54,2,52,20,58,10,60,6,62,4,57,64,66,34,68,52,70,10,72,4,74,2,76
cdc37cbe45227c28 0 0 1835270,12,10,14,8,16,6,9,18,14,6,22,2,18,25,8,6,28,4,30,2,2,32,28,2,26,20,38,12,40,8,37,42,34,8,44,20,48,12,50,10,52,4,54,2,47,56,58,34,60,44,62,6,64,4,66,2,68
31c80198c6b88ee8 0 0 1966342,12,10,3,14,12,6,12,8,20,6,22,2,18,24,8,4,28,2,6,31,4,2,26,16,36,12,38,10,40,6,42,2,34,45,32,12,48,6,50,4,52,2,46,16,56,10,58,4,54,61,62,16,64,12,66,10,68,4,70,2,72
17a8e94002e8fc00 0 0 1966342,10,8,14,4,16,2,4,18,10,4,18,23,6,2,6,4,28,2,26,30,24,20,34,12,36,8,2,38,32,8,42,6,44,2,40,20,48,12,50,10,52,8,54,4,56,2,47,59,60,20,62,24,64,40,66,12,68,10,70,4,73
24158a548a44b2a0 0 0 1900806,12,10,3,14,12,8,18,6,20,2,18,22,6,4,26,2,8,29,4,2,24,16,34,12,36,10,38,8,40,2,32,43,30,12,46,8,48,4,50,2,44,16,54,10,56,4,52,59,60,24,62,12,64,8,66,4,68,2,70
9cf6b448bcd69468 0 0 1704198,12,8,2,14,12,10,4,2,18,21,10,6,24,4,26,2,2,29,22,16,32,12,34,10,36,6,38,4,5,40,30,10,42,16,46,12,48,4,50,2,45,52,54,22,56,10,58,6,60,4,62,2,64
434c4144cccc8288 0 0 2031878,10,8,14,4,4,17,10,4,20,2,17,22,6,2,6,4,28,2,26,30,24,18,34,12,36,8,38,4,40,2,2,43,32,8,46,6,48,2,44,18,52,12,54,10,56,8,58,2,51,61,62,32,64,44,66,12,68,10,70,8,72,6,75
52c213ec2ec6e8e8 0 0 1966342,12,10,14,4,16,2,3,18,12,8,22,2,22,6,25,27,6,4,8,30,28,20,34,12,36,10,38,8,40,4,5,43,32,12,46,8,48,4,50,2,44,20,54,10,56,2,52,59,60,20,62,28,64,12,66,10,68,6,70,4,73
c71082a015400000 0 0 2162950,12,10,14,6,12,6,18,4,20,2,16,23,8,6,12,8,28,6,30,4,26,32,6,4,2,37,10,8,40,6,42,4,34,24,46,12,48,8,50,4,52,2,45,55,38,6,58,2,56,24,62,10,64,6,66,2,61,68,70,24,72,38,74,56,76,10,78
bb9de93241384cc8 0 0 1573126,10,8,14,2,8,16,12,8,20,2,20,6,22,24,8,6,28,4,30,2,30,33,26,18,36,12,38,6,7,40,34,8,42,18,46,8,48,6,50,4,44,52,54,18,56,26,58,12,60
badebaba0128b0a8 0 0 1900806,12,10,3,14,12,8,18,6,20,2,18,22,6,4,26,2,8,29,4,2,24,16,34,12,36,10,38,8,40,2,32,43,30,12,46,8,48,4,50,2,44,16,54,10,56,4,52,59,60,24,62,30,64,12,66,4,68,2,70
a03ee134d6c8c268 0 0 1966342,4,11,10,8,16,2,11,18,6,2,6,4,24,2,22,26,20,14,30,12,32,8,34,4,36,2,2,39,28,8,42,6,44,2,40,14,48,12,50,10,52,4,54,2,47,57,58,20,60,28,62,40,64,12,66,10,68,6,70,2,73
36464ccc91c48228 0 0 2162950,12,10,14,4,16,2,12,4,18,20,8,2,12,8,26,6,28,4,25,30,6,4,2,35,10,8,38,2,32,22,42,12,44,8,46,4,48,2,41,51,36,6,54,2,52,22,58,10,60,6,62,4,64,2,57,67,68,32,70,36,72,52,74,10,76,4,79
dc9d39cc243a8228 0 0 2294022,12,10,14,4,16,2,3,18,12,8,22,6,24,2,22,26,8,6,6,4,31,32,28,20,36,12,38,10,40,8,42,6,44,4,5,46,34,12,50,8,52,6,54,4,56,2,48,20,60,10,62,2,59,65,66,20,68,28,70,34,72,12,74,10,76,6,78,4,80,2,83
17614ab0add45aa0 0 0 2294022,12,10,14,6,12,6,18,4,20,2,16,23,12,8,26,4,9,29,6,4,2,33,10,8,36,4,30,24,40,12,42,8,44,6,46,4,48,2,38,50,34,6,54,2,52,24,58,10,60,6,62,2,57,64,66,24,68,30,70,34,72,52,74,12,76,10,78,8,80,4,83
49f59b4e584e8aa0 0 0 1179910,10,8,8,14,2,12,6,4,20,2,6,2,22,24,18,16,28,2,4,30,26,6,32,16,36,8,38,6,40,4,34,42,44,16,46,8,48
efaa1000eb2e50c0 0 0 1835270,10,8,14,2,4,17,10,17,6,2,6,4,24,2,22,26,20,18,30,12,32,8,2,34,28,8,38,6,40,2,36,18,44,12,46,10,48,8,50,2,43,52,54,18,56,20,58,28,60,36,62,12,64,10,66,6,68
2ff0187272f84a20 0 0 1966342,12,10,14,8,16,6,3,18,12,2,12,6,24,2,22,26,8,4,30,2,6,4,34,2,32,36,28,20,40,12,42,10,44,6,46,4,5,49,38,12,52,4,54,2,50,20,58,10,60,6,62,2,57,64,66,50,68,8,70,2,72
c8e4ff2c4d222040 0 0 2097414,10,4,14,2,5,16,12,2,6,2,20,23,10,8,26,6,28,4,6,30,24,18,34,12,36,10,38,4,3,40,32,12,44,10,46,6,48,4,50,2,42,18,54,8,56,6,58,4,60,2,53,63,64,24,66,10,68,8,70,6,72,4,74,2,77
a4f5048cfed80808 0 0 1966342,12,10,14,8,16,6,3,18,12,6,13,23,8,4,6,4,27,29,4,2,24,20,34,12,36,10,38,6,40,4,42,2,32,44,30,12,48,4,50,2,46,20,54,10,56,6,53,59,60,20,62,46,64,12,66,10,68,8,70,2,72
e6140fa8b42074e0 0 0 2031878,10,4,14,2,5,16,12,2,6,2,20,23,10,8,26,6,28,4,6,30,24,18,34,12,36,10,38,4,3,40,32,12,44,10,46,6,48,4,50,2,42,18,54,8,56,6,58,4,60,2,53,63,64,18,66,24,68,8,70,6,72,4,75
b321ad30401eae00 0 0 1442054,8,4,10,6,14,16,10,2,8,2,21,23,10,21,8,6,28,4,24,18,32,8,34,6,36,2,30,39,26,10,42,4,40,18,46,12,48,10,44,51,52,18,54,4,56
410f0bea2cb04c80 0 0 2097414,10,4,5,15,12,6,6,2,19,21,10,8,24,6,26,4,6,29,22,16,32,12,34,10,36,6,38,4,3,40,30,12,44,10,46,4,48,2,42,16,52,8,54,6,56,4,51,59,60,16,62,22,64,30,66,12,68,10,70,8,72,4,74,2,76
914e44ccff207008 0 0 1769734,10,4,5,15,6,2,12,19,10,8,22,6,24,4,6,26,20,16,30,12,32,10,34,4,3,37,28,12,40,10,42,6,44,4,46,2,38,16,50,8,52,6,54,4,48,56,58,20,60,38,62,4,64,2,66
2de94cd2b31e4c88 0 0 2031878,12,10,14,8,16,6,3,18,12,2,12,8,24,2,22,26,6,4,30,2,8,4,34,2,32,36,28,20,40,12,42,10,44,8,46,4,5,49,38,12,52,4,54,2,50,20,58,10,60,8,62,2,57,64,66,28,68,50,70,12,72,6,74
cb69c624169628e8 0 0 2031878,12,4,10,4,14,16,12,8,20,2,16,22,6,2,5,26,16,2,24,18,32,12,34,10,36,8,30,39,28,8,42,6,44,2,40,18,48,12,50,10,52,4,47,55,56,18,58,28,60,40,62,12,64,10,66,8,68,6,70,4,72,2,75
ddb55a78cf7a8888 0 0 1835270,10,4,5,15,6,2,12,19,10,8,22,6,24,4,6,26,20,16,30,12,32,10,34,4,3,37,28,12,40,10,42,6,44,4,46,2,38,16,50,8,52,6,54,4,48,56,58,16,60,20,62,38,64,10,66,2,69
830b87f0f99e38a0 0 0 2031878,12,4,14,2,10,8,16,18,12,8,18,22,6,2,5,26,18,2,24,20,32,12,34,10,36,4,38,2,30,41,28,8,44,6,46,2,42,20,50,12,52,10,54,8,56,2,49,59,60,20,62,24,64,28,66,42,68,12,70,10,72,6,75
dc662330d91604c8 0 0 2556166,12,10,14,8,16,4,3,18,12,2,12,8,24,6,26,2,22,29,6,4,32,2,8,6,36,4,38,2,34,41,30,20,44,12,46,10,48,8,50,6,5,53,42,12,56,4,58,2,54,20,62,10,64,8,66,6,68,4,70,2,61,72,74,20,76,30,78,54,80,10,82,8,84,6,86,4,88,2,90
2130837cdfc26468 0 0 2294022,10,4,14,2,5,16,12,6,20,2,6,2,23,25,10,8,28,6,30,4,6,33,26,18,36,12,38,10,40,6,42,4,3,45,34,12,48,10,50,4,52,2,46,18,56,8,58,6,60,4,62,2,54,64,66,26,68,34,70,46,72,12,74,10,76,6,78,4,80,2,83
03928ec20080aa80 0 0 2031878,12,10,14,8,16,6,3,18,12,2,12,6,24,2,22,26,8,4,30,2,6,4,34,2,32,36,28,20,40,12,42,10,44,6,46,4,5,49,38,12,52,4,54,2,50,20,58,10,60,6,62,2,57,64,66,38,68,50,70,8,72,4,74
aa522a8808522288 0 0 1638662,12,8,14,2,15,16,12,10,20,6,3,22,10,6,26,4,6,4,30,2,28,32,24,18,36,12,38,10,40,6,42,4,44,2,7,47,34,12,48,18,52,6,54,4,50,57,58,18,60,2,62
cc8a0a8ace080808 0 0 1442054,10,4,8,4,16,2,14,18,4,14,6,4,6,24,22,20,28,12,30,10,32,8,34,4,36,2,3,38,26,8,42,6,40,20,46,12,48,10,50,8,45,53,54,8,57
a114a45a4bbe1ea0 0 0 1835270,12,10,14,4,16,2,16,19,12,8,22,4,3,24,8,6,28,4,6,4,32,2,30,34,26,20,38,12,40,8,42,6,44,4,46,2,5,49,36,12,50,20,54,6,56,4,52,59,60,26,62,12,64,8,66,4,68
0832a0ae08a20008 0 0 1507590,4,2,12,4,14,16,12,8,20,4,8,6,22,24,10,6,28,4,30,2,2,32,24,4,26,18,38,8,36,40,34,6,42,18,46,12,48,10,50,6,52,4,44,54,56,6,58
fa8888880d080808 0 0 1442054,12,10,14,4,16,2,2,18,12,4,22,2,12,2,24,26,8,6,8,30,4,2,28,20,36,2,34,38,32,12,42,8,40,20,46,12,48,4,44,50,52,20,54,28,56
56988846fc3266a8 0 0 1835270,12,8,14,6,16,2,16,19,4,2,12,10,24,6,26,4,28,2,22,30,10,8,34,6,5,36,32,20,40,12,42,10,44,8,46,6,48,2,22,50,38,6,54,4,52,20,57,58,60,20,62,32,64,4,66,2,68
48403a4a4c38c4c8 0 0 1638662,12,6,14,4,5,16,12,8,20,6,22,4,24,2,8,6,28,2,26,30,10,6,2,34,28,4,32,18,40,8,42,2,39,44,36,6,46,18,50,12,52,10,48,55,56,18,58,12,60,6,62
22a4daa425608860 0 0 1442054,12,10,2,14,12,4,18,2,12,2,20,22,8,6,8,26,4,2,24,16,32,2,30,34,28,12,38,8,36,16,42,12,44,4,40,46,48,16,50,28,52,12,54,8,56
af19ae08eea8fea8 0 0 1442054,12,10,14,2,9,16,6,4,6,2,20,22,9,10,24,18,28,12,30,10,32,8,34,4,36,2,2,39,26,12,42,10,40,18,46,10,44,48,50,18,52,26,54,2,56
c5aad448c0f07448 0 0 1835270,10,8,14,2,8,16,12,10,20,2,20,8,24,2,23,27,8,4,3,30,12,2,28,18,36,12,38,10,40,6,34,43,32,6,46,4,48,2,44,18,52,12,54,6,56,2,50,59,60,18,62,28,64,12,66,10,69
8ff022fcdb98e0a8 0 0 1769734,4,2,12,4,14,16,12,8,20,6,22,4,9,25,10,6,28,4,30,2,2,32,8,4,26,18,38,8,40,6,37,43,34,6,44,18,48,12,50,10,52,6,54,4,46,56,58,26,60,12,62,8,64,4,67
7a8287780778f088 0 0 1900806,12,8,14,6,16,2,16,19,12,10,22,6,3,24,10,6,28,4,6,4,32,2,30,34,26,20,38,12,40,10,42,6,44,4,46,2,7,49,36,12,50,20,54,6,56,4,52,59,60,20,62,26,64,12,66,10,68,6,70
defb6c800b04ce08 0 0 1835270,4,2,12,6,16,4,18,2,14,21,12,8,24,4,8,2,26,29,10,6,2,32,8,4,36,2,30,22,40,8,42,6,44,2,39,47,34,6,48,22,52,12,54,10,50,57,58,22,60,30,62,12,64,6,66,4,68
0945a926d764f080 0 0 1835270,10,8,14,2,8,16,12,10,20,8,20,22,8,4,3,26,24,18,30,12,32,10,34,6,36,2,13,38,28,6,42,4,44,2,40,18,48,12,50,6,46,52,54,18,56,24,58,28,60,12,62,10,64,4,66,2,68
1014d35020a88080 0 0 1704198,12,10,14,4,16,2,16,19,12,8,22,4,24,2,3,27,8,6,30,4,32,2,6,4,36,2,35,38,28,20,42,12,44,8,46,6,48,4,5,50,40,12,52,20,56,6,58,4,54,61,62,40,64
153d78f0a8026ac0 0 0 2031878,12,10,2,14,12,8,18,6,20,2,12,6,24,4,22,27,6,4,8,6,30,33,28,16,36,12,38,4,5,40,34,12,44,8,46,6,48,4,50,2,42,16,54,12,56,8,58,6,60,4,53,63,64,16,66,28,68,34,70,12,72,6,75
0839aa9444601668 0 0 1835270,12,8,14,4,5,16,12,4,8,6,22,2,20,24,10,6,28,4,2,30,22,4,26,18,36,8,35,38,32,6,42,2,40,18,46,12,48,10,50,8,52,6,54,4,44,57,58,18,60,32,62,12,64,8,66,2,68
69b67794bd9224c8 0 0 1966342,10,2,8,6,16,2,15,19,12,8,22,6,12,2,25,26,16,4,30,2,3,32,12,10,36,2,28,20,40,12,42,8,44,2,38,47,34,6,50,4,52,2,48,20,56,12,58,10,60,6,62,2,55,65,66,48,68,12,70,2,72
0ca618008eaeb220 0 0 1769734,12,10,14,2,15,16,12,8,20,4,22,2,3,25,8,6,28,4,30,2,6,4,34,2,33,36,26,18,40,12,42,8,44,6,46,4,5,48,38,12,50,18,54,6,56,4,52,59,60,18,62,38,64,2,66
297488d82a88d228 0 0 2031878,4,2,12,8,16,6,18,4,20,2,14,22,12,4,26,2,8,2,29,31,10,6,2,35,8,4,38,2,32,24,42,8,44,6,41,47,36,6,50,2,48,24,54,12,56,10,58,8,52,61,62,24,64,32,66,36,68,12,70,8,72,2,75
129a1068389a9068 0 0 2031878,12,10,14,4,16,2,16,19,12,8,22,4,24,2,3,27,8,6,30,4,32,2,6,4,36,2,35,38,28,20,42,12,44,8,46,6,48,4,5,50,40,12,52,20,56,6,58,4,54,61,62,28,64,40,66,12,68,8,70,4,72,2,75
9a4943cab0466660 0 0 2031878,4,2,12,8,16,6,14,18,12,2,8,2,22,25,10,6,2,28,8,4,32,2,26,20,36,8,38,6,40,2,35,42,30,6,44,20,48,12,50,10,52,8,54,4,56,2,47,58,60,26,62,44,64,10,66,8,68,6,70,4,72,2,74
fe36c8887636c888 0 0 1179910,8,6,14,4,10,16,4,2,3,20,6,4,20,24,22,18,28,12,30,4,3,32,26,8,36,4,38,2,34,18,40,42,44,22,46,4,48
29fcfc56156a6ac0 0 0 786694,8,2,12,14,12,10,2,18,4,6,20,16,8,24,26,16,22,28,30,16,32,20,34,22,36
6dd69688ead6ee88 0 0 1966342,10,8,14,2,8,16,12,10,20,2,20,8,24,2,23,27,8,4,3,30,12,2,28,18,36,12,38,10,40,6,34,43,32,6,46,4,48,2,44,18,52,12,54,6,56,2,50,59,60,28,62,44,64,12,66,10,68,8,70,2,73
88c8cc4c264cc8c8 0 0 2228486,12,10,14,8,16,6,3,18,12,2,12,6,24,2,22,26,8,4,30,2,6,4,34,2,32,36,28,20,40,12,42,10,44,6,46,4,5,49,38,12,52,4,54,2,50,20,58,10,60,6,62,2,57,64,66,20,68,38,70,50,72,12,74,10,76,6,78,4,80
6e7e3cdcd4349080 0 0 1638662,10,4,8,4,15,17,4,15,6,4,22,2,6,2,24,26,20,18,30,12,32,10,34,4,3,36,28,8,40,6,42,4,38,18,46,12,48,10,50,2,44,53,54,18,56,10,58,4,60,2,63
65a89896b63e2ec0 0 0 2097414,12,10,14,4,16,2,16,19,12,8,22,4,24,2,3,27,8,6,30,4,32,2,6,4,36,2,35,38,28,20,42,12,44,8,46,6,48,4,5,50,40,12,52,20,56,6,58,4,54,61,62,20,64,28,66,40,68,12,70,8,72,4,74,2,77
b3084d987b0002e8 0 0 1704198,4,2,12,8,14,17,12,6,9,21,10,6,24,4,26,2,2,28,8,4,22,18,34,8,36,6,33,38,30,6,40,18,44,12,46,10,48,8,50,6,43,53,54,18,56,22,58,40,60,10,62,6,64
684da7a0bae802a0 0 0 1769734,4,2,12,6,14,17,12,8,8,2,21,23,10,6,2,27,8,4,30,2,24,18,34,8,36,6,33,38,28,6,42,2,40,18,46,12,48,10,50,4,52,2,45,54,56,24,58,28,60,40,62,10,64,8,67
24a424bafefefee0 0 0 1310982,8,2,10,15,3,5,6,4,5,20,18,16,24,12,26,4,28,2,3,31,22,8,34,6,36,2,32,16,38,40,42,16,44,18,46,10,48,4,50,2,53
eb267622c1a6dc88 0 0 2294022,12,10,14,8,16,2,3,18,12,2,12,6,24,2,22,26,8,6,30,4,32,2,6,4,36,2,35,38,28,20,42,12,44,10,46,6,48,4,50,2,5,52,40,12,56,4,58,2,54,20,62,10,64,6,61,67,68,28,70,40,72,54,74,12,76,8,78,6,80,4,83
bd5d4a5aefeae848 0 0 1573126,12,4,14,2,10,4,18,2,17,20,12,10,24,4,8,2,26,28,7,8,30,22,34,12,36,2,18,38,32,12,42,8,40,22,46,12,48,10,50,6,44,52,54,22,56,12,58,10,60
1055e078bdb42400 0 0 1638662,12,4,14,2,10,2,17,19,12,10,8,2,23,24,8,6,8,28,26,20,32,12,34,2,11,36,30,12,40,8,38,20,44,12,46,10,48,8,50,6,52,4,42,54,56,26,58,8,60,2,62
a7ac4706472aa880 0 0 2031878,12,4,14,2,10,4,18,2,17,20,12,10,24,4,26,2,8,2,29,30,8,6,8,34,32,22,38,12,18,41,36,12,44,8,46,2,42,22,50,12,52,10,54,8,56,6,49,59,60,22,62,32,64,12,66,10,68,6,70,4,72,2,75
93e63b02a2e40a00 0 0 1442054,8,2,10,15,3,5,6,4,5,20,18,16,24,12,26,4,28,2,3,31,22,8,34,6,36,2,32,16,38,40,42,16,44,18,46,22,48,10,50,6,52,4,54,2,57
7401b09291146688 0 0 1704198,12,4,14,2,10,4,18,2,17,20,12,10,24,4,8,2,26,28,7,8,30,22,34,12,36,2,18,38,32,12,42,8,40,22,46,12,48,10,50,6,44,52,54,22,56,32,58,12,60,10,62,8,64
487d4eb4c03c6ca0 0 0 1966342,10,6,8,14,12,10,18,2,18,8,22,2,21,25,8,4,3,28,12,8,32,6,26,16,36,12,38,10,40,6,34,43,30,6,46,4,48,2,44,16,52,12,54,8,50,57,58,16,60,26,62,44,64,12,66,10,68,8,70,6,73
19ff7e0eb414ba40 0 0 1638662,12,4,14,2,10,2,17,19,12,10,8,2,23,24,8,6,8,28,26,20,32,12,34,2,11,36,30,12,40,8,38,20,44,12,46,10,48,8,50,6,52,4,42,54,56,26,58,30,60,2,62
ff707570828a0280 0 0 1573126,12,10,14,4,16,2,16,19,12,8,3,22,8,2,6,4,26,29,24,20,32,12,34,8,36,6,5,38,30,12,42,6,40,20,46,6,48,4,50,2,45,52,54,40,56,6,58,4,60
4fbeb6c0628220c0 0 0 2162950,12,4,14,2,10,4,18,2,17,20,12,10,24,4,26,2,8,2,29,30,8,6,8,34,32,22,38,12,18,41,36,12,44,8,46,2,42,22,50,12,52,10,54,8,56,6,49,59,60,22,62,32,64,36,66,12,68,10,70,8,72,6,74,4,76,2,79
2ff235b24ae050a0 0 0 2031878,8,6,14,2,10,17,12,8,12,6,22,2,20,25,14,4,28,2,3,30,12,10,34,6,26,18,38,12,40,8,42,6,44,2,36,46,32,6,50,4,52,2,48,18,56,12,58,10,55,61,62,32,64,48,66,12,68,6,70,4,72,2,75
2cddc836d3887c28 0 0 1966342,12,10,14,8,16,4,18,2,9,20,14,4,20,25,8,6,28,4,30,2,2,32,28,2,26,22,38,12,40,8,42,6,44,4,37,46,34,8,48,22,52,12,54,10,56,6,51,58,60,26,62,34,64,48,66,8,68,6,70,4,72
2a8b1aae9bd4f2a8 0 0 1769734,12,6,14,4,16,2,10,18,6,2,13,22,10,8,6,26,10,2,24,20,32,12,34,10,30,37,28,12,40,10,42,6,44,2,38,20,48,12,50,8,52,6,54,4,56,2,47,58,60,38,62,8,64,4,66
f767fccc86767888 0 0 1900806,12,10,14,8,16,4,2,18,12,8,22,6,24,4,26,2,13,28,6,4,8,33,4,2,30,20,38,12,40,6,36,42,34,12,46,4,48,2,44,20,52,12,54,4,51,57,58,30,60,44,62,12,64,6,66,4,68,2,71
e03e6036edcc2e88 0 0 1966342,12,4,10,2,15,17,12,6,20,2,6,2,22,24,10,8,28,6,6,30,26,18,34,12,36,10,38,6,11,41,32,12,44,10,46,2,42,18,50,12,52,8,54,6,56,4,58,2,49,60,62,26,64,42,66,12,68,10,70,8,73
4e68a1b62996c648 0 0 1769734,8,6,14,4,16,2,10,18,10,8,22,6,24,4,26,2,25,28,4,2,7,33,30,20,36,12,38,10,40,4,3,42,34,8,46,6,48,4,50,2,44,20,54,10,56,6,52,59,60,12,62,8,64,6,67
0bf370aa2efc50a0 0 0 1966342,12,10,14,8,16,6,2,18,12,2,12,8,24,4,26,2,22,29,8,6,6,4,34,2,33,36,30,20,40,12,42,6,44,2,5,47,38,12,50,4,52,2,48,20,56,12,58,4,55,61,62,20,64,30,66,48,68,12,70,4,73
5fbc2d9e8f10d0e0 0 0 1835270,12,6,14,4,16,2,10,18,6,2,13,22,10,8,6,26,10,2,24,20,32,12,34,10,30,37,28,12,40,10,42,6,44,2,38,20,48,12,50,8,52,6,54,4,56,2,47,58,60,28,62,38,64,8,66,4,68
e246fdb00d0ce2a0 0 0 2097414,12,4,10,2,15,17,12,6,20,2,6,2,22,24,10,8,28,6,6,30,26,18,34,12,36,10,38,6,11,41,32,12,44,10,46,2,42,18,50,12,52,8,54,6,56,4,58,2,49,60,62,26,64,32,66,42,68,12,70,10,72,8,74,6,77
0e14d8f0054a86c8 0 0 1900806,12,10,14,6,16,2,2,18,12,2,12,8,24,6,26,4,28,2,22,30,8,4,34,2,6,36,32,20,40,12,42,8,44,2,5,47,38,12,50,4,52,2,48,20,56,12,58,4,55,61,62,38,64,48,66,4,68,2,71
bc66eb9a441076e0 0 0 1835270,12,10,14,4,14,8,18,4,17,20,12,8,24,6,26,4,10,2,29,31,6,4,34,2,2,36,10,8,32,22,42,10,44,6,40,47,38,6,50,2,48,22,54,8,56,6,58,4,60,2,52,63,64,22,66,8,68
a2c3880ccb228488 0 0 2097414,12,10,14,8,16,4,2,18,12,2,12,8,24,6,26,4,28,2,22,30,6,4,34,2,8,36,32,20,40,12,42,6,44,2,5,47,38,12,50,4,52,2,48,20,56,12,58,4,55,61,62,20,64,32,66,38,68,48,70,12,72,4,74,2,77
c3cc44b867dc3088 0 0 1900806,12,10,14,4,16,2,14,8,20,4,22,2,18,25,12,8,28,6,30,4,10,33,6,4,2,37,10,8,40,2,34,26,44,10,46,6,48,2,43,50,38,6,54,2,52,26,58,8,60,6,62,4,56,64,66,34,68,10,70
5a1e541a201c5e68 0 0 2162950,12,6,14,4,13,16,12,8,20,4,12,10,24,2,23,26,10,8,30,6,32,4,34,2,4,36,6,4,40,2,28,18,44,12,46,8,48,2,42,50,38,12,54,8,56,6,58,2,52,18,62,8,64,4,66,2,61,69,70,18,72,12,74,8,76,2,79
ec6ef9d4f5003a60 0 0 1966342,12,10,14,4,16,2,14,8,20,4,22,2,18,25,12,8,28,6,30,4,10,33,6,4,2,37,10,8,40,2,34,26,44,10,46,6,48,2,43,50,38,6,54,2,52,26,58,8,60,6,62,4,56,64,66,26,68,34,70,10,72
f2a7b724b60e1668 0 0 2294022,12,6,14,4,13,16,12,8,20,4,12,10,24,2,23,26,10,8,30,6,32,4,34,2,4,36,6,4,40,2,28,18,44,12,46,8,48,2,42,50,38,12,54,8,56,6,58,2,52,18,62,8,64,4,66,2,61,69,70,28,72,12,74,10,76,8,78,6,80,4,83
f3e20aced1440040 0 0 1900806,12,10,14,4,14,8,18,4,17,20,12,8,24,6,26,4,10,2,29,31,6,4,2,35,10,8,32,22,40,10,42,6,38,45,36,6,48,2,46,22,52,8,54,6,56,4,50,58,60,22,62,36,64,8,66,6,68,2,70
255fda5ad7d22828 0 0 1573126,8,4,10,15,10,8,18,4,19,21,6,4,4,24,22,16,28,12,30,4,32,2,3,35,26,8,38,4,36,16,42,10,44,6,46,4,41,48,50,22,52,12,54,10,56,8,58,6,61
8b61027a76a06688 0 0 2162950,12,6,14,4,13,16,12,8,20,4,12,10,24,4,26,2,23,29,10,8,32,6,34,2,4,37,6,4,40,2,30,18,44,12,46,8,48,2,42,50,38,12,54,8,56,6,58,2,52,18,62,8,64,4,66,2,61,69,70,18,72,30,74,10,76,4,78
4f2c600616e01ce0 0 0 2228486,12,10,14,4,16,2,14,8,20,4,22,2,18,25,12,8,28,6,30,4,10,33,6,4,36,2,2,38,10,8,42,2,34,26,46,10,48,6,50,2,45,52,40,6,56,2,54,26,60,8,62,6,64,4,66,2,58,69,70,34,72,40,74,10,76,6,78,2,80
228882a25f22a0a8 0 0 1769734,12,10,14,4,16,2,16,19,12,8,3,22,8,2,6,4,26,29,24,20,32,12,34,8,36,6,5,38,30,12,42,6,40,20,46,6,48,4,50,2,45,52,54,24,56,40,58,12,60,8,62,6,64,4,66
aa80fe80f888ac88 0 0 1442054,8,4,10,15,10,8,18,4,19,21,4,7,22,16,26,12,28,4,30,2,3,33,24,8,36,4,34,16,40,10,42,6,39,45,46,24,48,12,50,8,52,6,54,4,57
c8bb64aca15ae028 0 0 2294022,12,10,14,4,16,2,14,8,20,4,22,2,18,25,12,8,28,6,30,4,10,33,6,4,36,2,2,38,10,8,42,2,34,26,46,10,48,6,50,2,45,52,40,6,56,2,54,26,60,8,62,6,64,4,66,2,58,69,70,26,72,34,74,40,76,10,78,6,80,2,82
ac542f548a285c28 0 0 1966342,12,8,14,6,16,4,18,2,14,4,22,2,20,25,12,6,28,4,30,2,12,10,34,2,32,36,4,11,6,2,38,26,44,12,46,6,42,49,40,12,52,4,50,26,56,8,58,2,54,61,62,26,64,40,66,12,68,6,70,4,72
7ef20ef27ef2a4a8 0 0 1966342,8,2,10,8,16,6,15,18,10,6,22,2,22,4,26,2,25,29,6,2,4,32,30,20,36,12,38,4,40,2,3,43,34,8,46,2,44,20,50,10,52,8,54,2,49,56,58,20,60,30,62,34,64,12,66,6,68,4,70,2,73
c23c2cdccb909e08 0 0 2294022,12,6,14,4,13,16,12,8,20,4,12,10,24,2,23,26,10,8,30,6,32,4,34,2,4,36,6,4,40,2,28,18,44,12,46,8,48,2,42,50,38,12,54,8,56,6,58,2,52,18,62,8,64,4,66,2,61,69,70,28,72,38,74,12,76,10,78,8,80,6,83
c894c65656ec9448 0 0 2097414,12,4,14,2,12,6,18,4,20,2,17,22,12,10,26,8,10,4,30,2,28,32,8,6,36,4,2,39,10,6,42,4,34,24,46,10,48,8,50,6,52,4,54,2,45,56,40,8,60,6,58,24,64,8,66,4,62,68,70,58,72,8,74,6,76
70185848f0d8d888 0 0 1507590,10,6,9,14,10,8,18,6,20,4,21,23,6,2,4,26,24,16,30,12,32,10,34,8,36,6,3,38,28,8,40,16,44,10,46,2,43,48,50,40,52,8,54,6,56,2,58
305725e826a4aa28 0 0 2097414,12,4,14,2,12,6,18,4,20,2,17,22,12,10,26,8,28,4,30,2,10,32,8,6,36,4,2,39,10,6,42,2,34,24,46,10,48,8,50,6,45,52,40,8,56,6,54,24,60,8,62,4,58,64,66,34,68,54,70,10,72,8,74,6,76
db4035fe0cf46068 0 0 2162950,12,6,14,4,13,16,12,8,20,4,12,10,24,4,26,2,23,29,10,8,32,6,34,2,4,37,6,4,40,2,30,18,44,12,46,8,48,2,42,50,38,12,54,8,56,6,58,2,52,18,62,8,64,4,66,2,61,69,70,18,72,30,74,38,76,10,78
c6292c96ad429228 0 0 1507590,10,8,14,6,16,2,8,2,18,20,3,5,6,4,5,26,24,22,30,12,32,10,34,6,36,4,3,38,28,8,42,6,44,2,40,22,47,48,50,24,52,40,54,4,56,2,59
099737fc108efe60 0 0 2097414,12,4,14,2,12,8,18,6,20,4,22,2,17,25,12,10,28,6,30,4,32,2,10,34,8,4,2,38,10,8,42,6,44,2,36,26,48,10,50,8,46,53,40,8,54,26,58,6,60,4,57,62,64,26,66,36,68,54,70,10,72,6,74,4,76
7b3da6fa21383cc0 0 0 1835270,12,8,14,6,16,4,14,4,18,21,12,6,24,4,26,2,12,10,30,4,32,2,29,34,10,4,4,38,6,2,36,22,44,12,46,10,48,6,42,50,40,12,54,4,52,22,58,8,57,60,62,52,64,8,66,6,68
12a8812eca9e9628 0 0 2425094,12,2,12,6,16,4,18,2,15,20,12,8,24,4,12,10,28,4,30,2,26,32,10,8,36,6,38,2,4,41,6,4,44,2,34,22,48,12,50,10,52,6,54,4,46,56,42,12,60,8,62,6,64,2,58,22,68,8,70,4,66,72,74,34,76,58,78,12,80,8,82,6,84,4,86
328222c87e82a2c8 0 0 2228486,12,4,14,2,12,6,18,4,20,2,17,22,12,10,26,8,10,4,30,2,28,32,8,6,36,4,38,2,2,40,10,6,44,4,34,24,48,10,50,8,52,6,54,4,56,2,47,58,42,8,62,6,60,24,66,8,68,4,70,2,64,73,74,42,76,60,78,2,80
ecb8c8ccb8acace8 0 0 1835270,12,10,14,4,16,2,16,19,12,8,3,22,8,2,6,4,26,29,24,20,32,12,34,8,36,6,5,38,30,12,42,6,40,20,46,6,48,4,50,2,45,52,54,20,56,24,58,40,60,12,62,8,64,6,66,4,68
437eb0a008248ca0 0 0 2228486,12,4,14,2,12,6,18,4,20,2,17,22,12,10,26,8,28,4,30,2,10,32,8,6,36,4,38,2,2,40,10,6,44,2,34,24,48,10,50,8,52,6,47,54,42,8,58,6,56,24,62,8,64,4,66,2,60,69,70,34,72,42,74,56,76,10,78,2,80
51448b5224be54a8 0 0 2359558,12,2,12,6,16,4,18,2,15,20,12,8,24,4,12,10,28,4,30,2,26,32,10,8,36,6,38,2,4,41,6,4,44,2,34,22,48,12,50,10,52,6,54,4,46,56,42,12,60,8,62,6,64,2,58,22,68,8,70,4,66,72,74,42,76,58,78,8,80,6,82,4,84
1f29f306e0f4c0e8 0 0 2031878,10,8,14,2,8,16,12,10,20,2,20,8,24,2,23,27,8,4,3,30,12,2,28,18,36,12,38,10,40,6,34,43,32,6,46,4,48,2,44,18,52,12,54,6,56,2,50,59,60,28,62,32,64,44,66,12,68,10,70,4,72,2,75
eccc94c4e8c890c0 0 0 1638662,10,8,14,4,8,16,12,8,20,4,20,6,22,24,8,6,28,2,28,4,32,2,30,35,26,18,38,12,40,6,7,42,36,8,44,18,48,8,50,6,52,4,54,2,46,57,58,36,60,8,62
5f5bb5be919a1648 0 0 2425094,12,4,14,2,12,8,18,6,20,4,22,2,17,25,12,10,28,6,30,4,32,2,10,34,8,4,38,2,2,41,10,8,44,6,46,2,36,26,50,10,52,8,48,55,42,8,56,26,60,6,62,4,64,2,59,67,68,26,70,36,72,42,74,56,76,10,78,8,80,6,82,4,84,2,87
0ff9bb30e65470c8 0 0 2425094,12,2,12,6,16,4,18,2,15,20,12,8,24,4,12,10,28,4,30,2,26,32,10,8,36,6,38,2,4,41,6,4,44,2,34,22,48,12,50,10,52,6,54,4,46,56,42,12,60,8,62,6,64,2,58,22,68,8,70,4,66,72,74,34,76,42,78,58,80,12,82,8,84,6,86
7f5af9ac17685208 0 0 1900806,10,4,14,2,10,17,6,4,6,2,21,22,8,6,26,4,7,28,24,18,32,12,34,10,36,6,38,4,3,40,30,12,44,8,46,6,48,2,42,18,52,12,54,10,56,6,58,2,50,61,62,24,64,12,66,6,68,2,70
a888f6c0a080fec8 0 0 1835270,10,8,6,4,14,17,12,10,20,8,22,4,24,2,24,26,10,6,30,4,32,2,6,35,6,2,28,18,40,12,42,10,44,8,46,6,38,49,36,6,52,4,54,2,50,18,58,8,60,2,57,62,64,18,66,8,68
0e60406e407e3e40 0 0 2097414,10,4,14,2,10,17,6,4,6,2,21,22,8,6,26,4,7,28,24,18,32,12,34,10,36,6,38,4,3,40,30,12,44,8,46,6,48,2,42,18,52,12,54,10,56,6,58,2,50,61,62,24,64,30,66,12,68,8,70,6,72,4,74,2,76
e8a872ba9252a8e0 0 0 1966342,8,6,8,14,6,4,5,19,10,6,4,2,22,24,20,16,28,12,30,8,32,6,34,2,3,36,26,12,40,10,42,6,44,4,46,2,38,16,50,12,52,8,54,2,49,56,58,16,60,20,62,26,64,12,66,10,68,8,70,2,72
befd14a8f2a858a8 0 0 1835270,10,6,6,4,16,2,14,18,12,10,22,2,22,24,8,6,28,4,6,30,6,2,26,20,36,12,38,10,40,6,42,4,34,44,32,6,48,4,46,20,52,10,54,8,56,6,58,2,50,60,62,26,64,12,66,10,68
edbaeea821546c80 0 0 2031878,8,6,8,2,14,17,6,4,20,2,5,22,10,6,26,4,28,2,4,2,31,32,24,18,36,12,38,8,40,6,42,4,3,44,34,12,48,10,50,6,52,4,54,2,46,18,58,12,60,8,62,4,64,2,56,67,68,46,70,10,72,8,74
434cd888134c2888 0 0 1966342,10,8,6,4,16,2,14,18,12,10,22,8,24,2,24,26,10,6,30,4,6,32,6,2,28,20,38,12,40,10,42,8,44,6,46,4,36,48,34,6,52,4,50,20,56,8,58,2,54,60,62,20,64,28,66,12,68,10,70,8,72
1708f2480208b248 0 0 2031878,10,6,14,4,14,2,16,19,6,4,22,2,7,24,8,6,28,2,6,2,31,32,26,20,36,12,38,10,40,6,42,2,3,44,34,12,48,8,50,4,46,20,54,12,56,10,58,6,60,4,52,63,64,20,66,46,68,10,70,8,72,6,74
14b0ce10bdf8c808 0 0 2097414,8,6,8,2,14,17,6,4,20,2,5,22,10,6,26,4,4,2,28,30,24,18,34,12,36,8,38,6,40,4,3,42,32,12,46,10,48,6,50,4,44,18,54,12,56,8,58,4,60,2,53,63,64,24,66,44,68,10,70,8,72,6,74,4,77
beb3bfa2fa08ea08 0 0 786694,9,12,12,10,2,16,4,6,8,2,18,14,23,24,26,14,20,28,30,18,32,26,34,12,36
10f8800894f8c408 0 0 2097414,10,4,10,2,14,17,6,4,20,2,7,22,8,6,26,4,6,2,28,30,24,18,34,12,36,10,38,6,40,4,3,42,32,12,46,8,48,6,50,4,44,18,54,12,56,10,58,6,60,2,53,63,64,18,66,24,68,44,70,10,72,8,74,6,77
0c32d6c8483292c8 0 0 1573126,10,6,14,4,8,16,12,8,20,4,20,6,22,24,8,6,28,4,30,2,28,2,33,34,26,18,38,12,40,6,7,42,36,8,44,18,48,8,50,6,52,2,46,54,56,18,58,36,60
9c8c108c88c8c8c8 0 0 2097414,8,6,8,2,14,17,6,4,20,2,5,22,10,6,26,4,4,2,28,30,24,18,34,12,36,8,38,6,40,4,3,42,32,12,46,10,48,6,50,4,44,18,54,12,56,8,58,4,60,2,53,63,64,18,66,24,68,32,70,44,72,10,74,8,77
37a30388ddec4cc8 0 0 1835270,6,2,10,4,14,16,4,2,16,20,10,8,24,4,24,6,28,4,26,30,22,18,34,12,36,4,2,39,32,12,42,8,44,2,40,18,48,12,50,10,52,6,54,2,47,57,58,12,60,10,62,6,64,4,66,2,69
4d4ca8084544a000 0 0 1769734,10,8,6,4,16,2,14,18,12,10,22,8,24,4,24,26,8,2,6,31,28,20,34,12,36,10,38,8,40,6,42,2,16,44,32,6,48,2,46,20,52,10,54,6,56,4,50,59,60,32,62,6,64,2,66
9bc634784b96e428 0 0 1638662,10,8,14,6,16,2,8,2,18,20,3,5,6,4,5,26,24,22,30,12,32,10,34,6,36,4,3,38,28,8,42,6,44,2,40,22,47,48,50,24,52,28,54,40,56,6,58,4,60,2,63
5cfd760e27fe0808 0 0 1966342,6,2,10,4,16,2,14,19,4,2,19,22,10,8,26,6,28,4,26,4,30,32,24,20,36,12,38,6,40,4,42,2,2,44,34,12,48,8,50,2,46,20,54,12,56,10,58,2,53,61,62,20,64,12,66,10,68,4,70,2,73
b3afaf00de0e98c8 0 0 1835270,6,2,10,4,14,16,4,2,16,20,10,8,24,4,24,6,28,4,26,30,22,18,34,12,36,4,2,39,32,12,42,8,44,2,40,18,48,12,50,10,52,6,54,2,47,57,58,22,60,12,62,10,64,6,66,2,69
41b10f70b144fa80 0 0 1704198,10,8,14,2,8,16,12,8,20,6,22,2,20,24,8,6,28,4,30,2,30,33,26,18,36,12,7,38,34,8,40,18,44,8,46,6,48,4,50,2,42,53,54,18,56,26,58,34,60,12,62,8,64
080c5d1c10502a20 0 0 1900806,6,2,10,2,14,16,4,2,16,20,10,8,24,6,24,26,22,18,30,12,32,6,34,4,36,2,2,38,28,12,42,8,44,6,46,2,40,18,50,12,52,10,54,4,56,2,48,58,60,18,62,22,64,12,66,10,68,2,70
0cf8bcc2ac581668 0 0 1900806,10,6,6,4,16,2,14,18,12,10,22,2,22,24,8,4,6,29,6,2,26,20,34,12,36,10,38,6,40,4,32,42,30,6,46,4,44,20,50,10,52,8,54,2,48,57,58,26,60,30,62,12,64,10,66,6,68,4,70
28c242c6c8cca2c8 0 0 2097414,8,6,6,4,16,2,14,18,12,8,22,6,24,2,24,26,10,8,30,6,32,4,6,35,6,2,28,20,40,12,42,8,44,4,38,46,36,6,50,4,48,20,54,10,56,6,58,2,52,61,62,20,64,28,66,36,68,12,70,8,72,6,74,4,76
54407b3001108e60 0 0 1835270,12,6,14,2,2,16,10,8,20,6,9,22,8,6,26,4,2,28,24,18,32,10,34,2,4,36,30,8,40,4,38,18,44,12,46,8,48,6,50,4,52,2,43,55,56,18,58,12,60,8,62,6,64,4,66,2,69
f3c4d9c8e2c4c8c8 0 0 1573126,8,6,4,14,12,4,18,2,12,21,10,8,24,6,6,27,6,4,30,2,22,16,34,12,36,4,33,38,28,2,40,16,44,10,46,4,43,49,50,16,52,40,54,10,56,4,58,2,61
e6dd1196e9961428 0 0 1835270,6,2,10,2,14,16,4,2,16,20,10,8,24,6,24,26,22,18,30,12,32,6,34,4,36,2,2,38,28,12,42,8,44,6,46,2,40,18,50,12,52,10,54,4,56,2,48,58,60,28,62,12,64,8,66,2,68
ec913aa22080f680 0 0 1835270,8,6,4,2,14,17,12,6,20,2,20,22,6,11,6,2,24,18,30,12,32,6,34,4,36,2,28,39,26,4,40,18,44,10,46,8,48,6,50,4,52,2,43,54,56,24,58,40,60,12,62,10,64,6,66,2,68
c30338d421de34e8 0 0 1966342,6,2,10,4,16,2,14,19,4,2,19,22,10,8,26,6,28,4,26,4,30,32,24,20,36,12,38,6,40,4,42,2,2,44,34,12,48,8,50,2,46,20,54,12,56,10,58,2,53,61,62,20,64,34,66,12,68,8,70,2,73
cc3b23a8b3eeca28 0 0 1835270,6,2,12,8,16,2,14,18,12,10,22,6,24,2,24,26,8,6,30,4,32,2,6,4,36,2,34,39,4,2,28,20,44,10,46,8,48,6,50,2,43,52,40,12,56,8,54,20,60,12,62,4,64,2,58,66,68
79d1fca674d69268 0 0 1835270,6,2,10,2,14,16,4,2,16,20,10,8,24,6,24,26,22,18,30,12,32,6,34,4,36,2,2,38,28,12,42,8,44,6,46,2,40,18,50,12,52,10,54,4,56,2,48,58,60,22,62,28,64,12,66,8,68
6214b000e29cb800 0 0 1835270,6,2,12,8,16,6,14,18,12,10,22,6,24,2,24,26,8,4,6,4,32,2,30,35,4,2,28,20,40,10,42,8,39,44,36,12,48,8,50,6,52,2,46,20,56,12,58,4,60,2,54,62,64,20,66,2,68
e67b6662f36ea608 0 0 2031878,6,2,10,4,16,2,14,19,4,2,19,22,10,8,26,6,28,4,26,4,30,32,24,20,36,12,38,6,40,4,42,2,2,44,34,12,48,8,50,2,46,20,54,12,56,10,58,2,53,61,62,20,64,24,66,34,68,12,70,8,72,2,75
f4ca17b0bd305ee0 0 0 2031878,6,2,12,8,14,17,12,10,20,6,22,4,24,2,24,26,8,6,30,4,6,4,34,2,33,37,4,2,28,18,42,10,44,8,46,6,48,4,50,2,41,53,38,12,56,8,58,2,54,18,62,12,64,4,66,2,61,68,70,28,72,10,74
cfd54a80a2741448 0 0 1704198,6,2,10,2,14,16,5,16,10,8,22,6,22,24,20,18,28,12,30,6,32,4,2,34,26,12,38,8,40,6,42,2,36,18,46,12,48,10,50,4,45,52,54,20,56,36,58,10,60,4,62,2,64
11fe73a061fe30a0 0 0 1769734,6,2,10,4,16,2,14,19,5,19,10,8,24,6,26,4,24,4,28,30,22,20,34,12,36,6,38,4,2,40,32,12,44,8,46,2,42,20,50,12,52,10,48,55,56,20,58,22,60,42,62,10,64,6,67
3db70c3c6bc0a648 0 0 2228486,6,2,12,8,16,6,18,2,14,21,12,10,24,6,26,2,26,28,8,4,32,2,6,4,36,2,35,39,4,2,30,22,44,10,46,8,48,2,43,51,40,12,54,8,56,6,52,22,60,12,62,4,64,2,59,66,68,22,70,30,72,10,74,6,76,4,78,2,80
0ee0a6c086e0a6c0 0 0 2031878,8,6,14,4,10,16,12,8,20,6,22,2,20,2,25,26,16,2,14,2,31,32,6,4,28,18,38,12,40,6,42,4,44,2,36,46,34,8,50,6,52,4,48,18,56,8,58,6,60,2,54,62,64,18,66,28,68,48,70,8,72,6,74
63cc748467c87080 0 0 1573126,10,8,9,14,2,12,8,6,20,2,20,4,24,2,22,26,18,16,30,10,32,8,34,6,36,2,4,39,28,6,42,4,40,16,46,10,48,8,50,4,52,2,45,54,56,16,58,10,60
7e2a5756abbc28c0 0 0 1769734,6,2,10,4,16,2,14,19,5,19,10,8,24,6,26,4,24,4,28,30,22,20,34,12,36,6,38,4,2,40,32,12,44,8,46,2,42,20,50,12,52,10,48,55,56,22,58,32,60,42,62,8,64,4,67
d54180a010542020 0 0 1966342,6,2,12,8,16,2,14,18,12,10,22,6,24,2,24,26,8,6,30,4,32,2,6,4,36,2,34,39,4,2,28,20,44,10,46,8,48,6,50,2,43,52,40,12,56,8,54,20,60,12,62,4,64,2,58,66,68,40,70,8,72
eb7044802b104480 0 0 2097414,8,6,14,2,12,4,18,2,17,20,12,10,24,8,26,6,28,4,28,30,8,4,6,4,35,37,4,2,32,22,42,10,44,8,46,6,48,2,41,50,38,12,54,4,56,2,52,22,60,6,62,4,58,65,66,22,68,8,70,6,72,4,74,2,77
5c32188c54321c80 0 0 1704198,12,8,14,4,7,16,12,10,20,4,22,2,22,24,8,6,6,4,30,2,28,33,26,18,36,10,38,8,4,40,34,12,44,8,46,4,48,2,42,18,52,12,54,4,50,57,58,18,60,34,62,2,64
070f7880ee701e80 0 0 2031878,8,2,12,4,16,2,14,18,12,10,22,8,24,4,24,26,6,4,8,6,32,4,31,34,4,2,28,20,40,10,42,8,44,4,46,2,39,48,36,12,52,4,54,2,50,20,58,8,60,6,62,4,56,64,66,28,68,10,70,4,72,2,74
0af27a28b5187a28 0 0 2097414,8,2,12,4,16,2,14,18,12,10,22,8,24,4,24,2,26,29,8,6,32,4,34,2,6,4,38,2,37,40,30,20,44,10,46,8,48,4,4,51,42,12,54,4,56,2,52,20,60,6,62,4,64,2,58,66,68,20,70,30,72,4,74,2,76
44665126e33286a8 0 0 1769734,6,2,10,2,14,16,5,16,10,8,22,6,22,24,20,18,28,12,30,6,32,4,2,34,26,12,38,8,40,6,42,2,36,18,46,12,48,10,50,4,45,52,54,18,56,20,58,26,60,36,62,8,64,4,66
52d280d2f3568800 0 0 2097414,12,8,14,6,16,4,18,2,7,20,12,10,24,2,24,26,8,2,6,4,32,2,30,35,28,22,38,10,40,8,42,6,44,4,4,46,36,12,50,8,52,6,54,4,48,22,58,12,60,4,56,63,64,28,66,36,68,10,70,8,72,6,74,4,76
e6952626b3848cc8 0 0 852230,9,12,12,10,2,16,4,6,8,2,18,14,23,24,26,14,20,28,30,18,32,20,34,26,36,12,38
89c998bec888ae88 0 0 1638662,4,2,8,4,15,16,12,10,20,8,22,6,4,24,10,6,4,28,26,18,32,10,34,8,36,4,38,2,15,40,30,10,44,4,46,2,42,18,50,8,52,4,54,2,48,57,58,18,60,8,62
eb2a9b66c4360460 0 0 1966342,12,8,14,4,16,2,7,19,12,10,22,2,22,24,8,6,28,2,6,4,32,2,31,35,26,20,38,10,40,8,42,4,4,45,36,12,48,8,50,4,46,20,54,12,56,4,53,59,60,20,62,26,64,36,66,10,68,6,70,2,72
88f04888a0f0e888 0 0 1769734,12,8,14,6,16,2,9,18,12,10,22,4,24,2,24,26,8,4,30,2,7,33,28,20,36,10,38,8,40,6,42,4,44,2,4,46,34,12,50,8,52,6,48,20,56,12,58,2,54,60,62,48,64,6,66
d506120000100480 0 0 1638662,6,2,10,6,16,4,18,2,14,20,10,4,5,24,10,8,28,4,28,6,32,4,30,34,26,22,38,12,40,6,42,4,2,44,36,12,48,8,50,2,46,22,54,12,56,10,58,6,53,60,62
ab5b2cbaabf48640 0 0 1769734,12,10,14,8,16,6,2,18,12,6,4,22,10,6,2,26,4,2,24,20,32,12,30,35,28,10,38,2,36,20,42,12,44,10,46,6,48,4,50,2,41,53,54,20,56,24,58,12,60,10,62,6,64,2,67
45a0bb3035200840 0 0 1835270,6,2,10,6,16,4,18,2,14,20,10,4,5,24,10,8,28,4,28,6,32,4,30,34,26,22,38,12,40,6,42,4,2,44,36,12,48,8,50,2,46,22,54,12,56,10,58,6,53,60,62,22,64,6,66,2,68
924333e2b24c16e8 0 0 1573126,12,8,14,6,16,4,2,18,10,8,8,6,22,24,4,2,4,28,26,20,32,10,34,8,36,6,38,4,6,40,30,6,44,4,42,20,48,8,50,6,52,4,54,2,46,56,58,20,60
abedaeae16822a08 0 0 1769734,10,6,14,4,4,16,6,2,4,2,20,23,8,6,26,2,20,28,24,18,32,12,34,6,36,2,3,39,30,12,42,8,44,6,46,4,48,2,40,18,52,12,54,8,56,2,51,58,60,12,62,8,64,4,67
aac5d68ac4ae6208 0 0 1769734,10,6,14,4,4,16,6,2,4,2,20,23,8,6,26,2,20,28,24,18,32,12,34,6,36,2,3,39,30,12,42,8,44,6,46,4,48,2,40,18,52,12,54,8,56,2,51,58,60,18,62,12,64,8,67
ddc8d6383722cc88 0 0 1900806,12,10,14,2,2,16,12,2,8,6,22,4,20,24,7,22,4,2,26,18,32,12,34,2,30,36,28,12,40,8,42,2,38,18,46,12,48,8,50,6,52,4,54,2,45,56,58,18,60,26,62,8,64,6,66,4,68,2,70
6733d5de91fcda48 0 0 1966342,10,6,14,2,4,16,6,2,4,2,20,23,8,6,26,2,20,28,24,18,32,12,34,6,36,2,3,39,30,12,42,8,44,6,46,4,48,2,40,18,52,12,54,8,56,2,51,58,60,18,62,24,64,12,66,8,68,6,70,4,73
12d0ed06ecde0820 0 0 1966342,10,6,14,4,4,16,6,2,4,2,20,23,8,6,26,2,20,28,24,18,32,12,34,6,36,2,3,39,30,12,42,8,44,6,46,4,48,2,40,18,52,12,54,8,56,2,51,58,60,18,62,30,64,12,66,8,68,6,70,2,73
e6f0e7f670f074c0 0 0 1638662,6,2,10,6,14,16,10,2,5,20,10,8,24,6,24,26,22,18,30,12,32,4,34,2,2,37,28,12,40,8,42,6,44,2,38,18,48,12,50,10,52,4,46,55,56,22,58,10,60,2,62
a537889a77705a88 0 0 1507590,4,2,10,15,4,7,8,4,20,2,7,22,18,16,26,12,28,6,3,30,24,12,34,8,32,16,38,12,40,8,42,6,44,4,36,47,48,18,50,24,52,12,54,8,56,4,58
2078f8d800287828 0 0 1900806,12,10,14,2,15,16,12,8,20,6,22,2,3,24,8,4,28,2,6,4,30,33,26,18,36,12,38,8,40,2,5,42,34,12,46,4,48,2,44,18,52,6,54,4,56,2,51,58,60,34,62,44,64,8,66,6,68,2,70
b3b4738cfd4476c8 0 0 1966342,6,2,10,6,16,4,18,2,14,20,10,4,5,24,10,8,28,4,28,6,32,4,30,34,26,22,38,12,40,6,42,4,2,44,36,12,48,8,50,2,46,22,54,12,56,10,58,6,53,60,62,22,64,26,66,10,68,6,70,2,72
6c264c5e90c8c8c8 0 0 1966342,12,10,14,4,16,2,16,19,12,8,22,6,24,2,3,26,8,4,30,2,6,4,32,35,28,20,38,12,40,8,42,2,5,44,36,12,48,4,50,2,46,20,54,6,56,4,58,2,53,60,62,20,64,36,66,46,68,8,70,6,72
084ed8d87f4e0088 0 0 1900806,6,2,10,6,16,4,18,2,14,20,10,4,5,24,10,8,28,4,28,6,32,4,30,34,26,22,38,12,40,6,42,4,2,44,36,12,48,8,50,2,46,22,54,12,56,10,58,6,53,60,62,36,64,10,66,8,68,4,70
59e0a8a41fa6b448 0 0 2031878,10,6,14,2,4,16,6,2,4,2,20,23,8,6,26,2,20,28,24,18,32,12,34,6,36,2,3,39,30,12,42,8,44,6,46,4,48,2,40,18,52,12,54,8,56,2,51,58,60,18,62,24,64,30,66,12,68,8,70,4,72,2,75
65b86f3602ce8040 0 0 2097414,6,2,10,6,16,4,18,2,14,20,10,4,5,24,10,8,28,4,28,6,32,4,30,34,26,22,38,12,40,6,42,4,2,44,36,12,48,8,50,2,46,22,54,12,56,10,58,6,53,60,62,22,64,36,66,10,68,8,70,6,72,4,74,2,76
5514b544ce587ea8 0 0 1704198,4,10,4,2,7,17,8,6,20,4,22,2,7,24,18,14,28,12,30,2,3,32,26,12,36,8,34,14,40,12,42,8,44,6,46,4,48,2,39,51,52,34,54,12,56,8,58,6,60,4,62,2,65
8d20f1642588c000 0 0 1835270,6,2,10,6,16,4,14,19,10,4,22,2,5,25,10,8,28,6,30,4,28,4,32,34,26,20,38,12,40,4,42,2,2,45,36,12,48,8,50,2,46,20,54,12,56,10,53,58,60,26,62,36,64,8,66,2,69
74b570280b607028 0 0 1573126,4,10,4,2,7,17,8,6,20,4,22,2,7,24,18,14,28,12,30,2,3,32,26,12,36,8,34,14,40,12,42,8,44,6,46,4,48,2,39,51,52,18,54,34,56,12,58,8,60
5ee8b888fffefee0 0 0 2097414,6,2,10,6,16,4,18,2,14,20,10,4,5,24,10,8,28,4,28,6,32,4,30,34,26,22,38,12,40,6,42,4,2,44,36,12,48,8,50,2,46,22,54,12,56,10,58,6,53,60,62,22,64,26,66,36,68,8,70,6,72,4,74,2,76
5a4e7dd29b3434a8 0 0 1769734,12,6,14,4,2,16,10,8,20,6,22,4,24,2,9,26,8,6,30,2,2,32,28,18,36,10,38,2,4,40,34,8,44,4,42,18,48,12,50,8,52,6,47,55,56,18,58,28,60,12,62,10,64,8,67
2b04fd22df2a90c0 0 0 1638662,10,6,14,4,4,2,16,19,6,2,4,22,9,22,24,20,28,12,30,2,3,32,26,12,36,8,38,6,40,4,42,2,34,20,46,12,48,8,44,50,52,20,54,24,56,34,58,12,60,8,62
ba895ee2ab8aae00 0 0 2162950,6,2,10,6,16,4,18,2,14,20,4,2,10,4,24,26,10,8,30,4,30,6,34,4,32,36,28,22,40,12,42,6,44,4,46,2,2,48,38,12,52,8,54,2,50,22,58,12,60,10,62,6,64,2,56,66,68,28,70,50,72,12,74,10,76,4,78
918b1bb2662646e0 0 0 1900806,8,2,12,4,16,2,14,18,12,10,22,8,24,4,24,26,8,6,30,4,6,4,32,35,4,2,28,20,40,10,42,8,44,4,46,2,39,48,36,12,52,4,54,2,50,20,58,6,60,4,56,63,64,20,66,36,68,2,70
bb6167b29898d288 0 0 1573126,4,10,4,2,7,17,8,6,20,4,22,2,7,24,18,14,28,12,30,2,3,32,26,12,36,8,34,14,40,12,42,8,44,6,46,4,48,2,39,51,52,26,54,34,56,12,58,6,61
33cedd8244bcd288 0 0 2228486,8,6,14,2,12,4,18,2,17,20,12,10,24,8,26,6,28,4,28,30,6,4,8,4,35,37,4,2,32,22,42,10,44,8,46,6,48,2,41,50,38,12,54,4,56,2,52,22,60,8,62,4,58,65,66,32,68,38,70,10,72,8,74,6,76,4,78,2,80
696b68e6222aec68 0 0 2359558,6,2,10,6,16,4,18,2,14,20,4,2,10,4,24,26,10,8,30,4,30,6,34,4,32,36,28,22,40,12,42,6,44,4,46,2,2,48,38,12,52,8,54,2,50,22,58,12,60,10,62,6,64,2,56,66,68,22,70,28,72,50,74,12,76,10,78,6,80,4,82,2,84
493bf5f0920456c0 0 0 1704198,4,10,4,2,7,17,8,6,20,4,22,2,7,24,18,14,28,12,30,2,3,32,26,12,36,8,34,14,40,12,42,8,44,6,46,4,48,2,39,51,52,18,54,26,56,34,58,12,60,4,62,2,64
14e454e04e44be00 0 0 2294022,8,6,14,2,12,4,18,2,17,20,12,10,24,8,26,6,28,2,28,4,31,32,8,4,36,2,6,4,40,2,38,42,34,22,46,10,48,8,50,6,52,2,4,54,44,12,58,4,60,2,56,22,64,6,66,4,68,2,62,70,72,22,74,34,76,44,78,4,80,2,82
fe4040eadceaea40 0 0 1507590,10,6,14,4,10,8,18,6,20,4,22,2,16,24,3,10,6,4,5,30,28,26,34,12,36,10,3,38,32,8,42,6,44,2,40,26,47,48,50,26,52,28,54,40,56,10,58
ebef6f1ca8204040 0 0 1835270,10,6,14,4,4,2,16,19,6,2,4,22,9,22,24,20,28,12,30,2,3,32,26,12,36,8,38,6,40,4,42,2,34,20,46,12,48,8,44,50,52,20,54,24,56,26,58,34,60,12,62,8,64,6,66,2,68
1948a3cc2d8cc208 0 0 2162950,6,2,10,6,16,4,18,2,14,20,4,2,10,4,24,26,10,8,30,4,30,6,34,4,32,36,28,22,40,12,42,6,44,4,46,2,2,48,38,12,52,8,54,2,50,22,58,12,60,10,62,6,64,2,56,66,68,28,70,38,72,50,74,12,76,8,78
82e34e3e41ce9680 0 0 1900806,8,4,14,2,12,8,18,2,16,21,12,10,24,4,26,2,26,28,7,8,30,22,34,10,36,8,38,4,40,2,4,43,32,12,46,8,44,22,50,12,52,6,54,4,49,56,58,30,60,44,62,12,64,10,66,6,68,4,70
ec7dd7907dec1c68 0 0 1769734,8,2,12,8,14,17,12,10,20,8,22,4,22,24,6,2,8,6,30,2,28,33,4,2,26,18,38,10,40,4,37,43,34,12,46,8,44,18,50,8,52,6,54,2,49,57,58,26,60,44,62,10,64,6,67
7506f5a68ae80a48 0 0 1638662,10,2,8,6,14,16,12,8,20,4,3,22,6,4,26,2,3,29,24,18,32,12,34,10,36,8,38,2,7,41,30,6,44,4,42,18,48,10,50,8,52,6,54,4,46,56,58,8,60,2,63
479279686db8cae8 0 0 2359558,6,2,10,6,16,4,18,2,14,20,4,2,10,4,24,26,10,8,30,4,30,6,34,4,32,36,28,22,40,12,42,6,44,4,46,2,2,48,38,12,52,8,54,2,50,22,58,12,60,10,62,6,64,2,56,66,68,22,70,28,72,38,74,50,76,12,78,8,80,6,82,2,84
28ce31ce31822828 0 0 2031878,8,6,14,4,16,2,12,4,19,21,12,10,24,2,24,26,8,4,30,2,15,32,28,22,36,10,38,4,40,2,4,43,34,12,46,4,48,2,44,22,52,12,54,6,56,4,51,58,60,22,62,28,64,44,66,12,68,10,70,6,72,4,74
514460207b44e020 0 0 1638662,8,6,12,8,14,16,12,10,20,4,22,2,22,24,14,4,28,2,7,30,26,18,34,10,36,8,38,4,4,40,32,12,44,8,46,2,42,18,50,12,48,53,54,32,56,42,58,8,60,2,62
5ab228e85a128848 0 0 1704198,12,8,14,6,16,4,2,18,10,8,22,6,24,2,9,26,8,6,30,4,2,32,28,20,36,10,4,38,34,8,42,4,40,20,46,12,48,6,45,51,52,20,54,34,56,12,58,8,60,6,62,4,65
7cf993ccb26208a8 0 0 1769734,8,6,12,8,14,16,12,10,20,2,20,22,14,4,26,2,7,28,24,18,32,10,34,8,36,2,4,38,30,12,42,8,44,2,40,18,48,12,46,51,52,24,54,30,56,40,58,12,60,10,62,8,64,2,66
a0fea24028548040 0 0 1769734,10,8,14,6,8,4,18,2,16,20,4,16,6,4,6,26,24,22,30,12,32,10,34,8,36,6,38,2,3,40,28,8,44,6,42,22,48,12,50,10,52,8,54,6,56,4,47,59,60,24,62,8,64,4,67
ffdd2272d872d888 0 0 1704198,10,6,14,4,10,8,18,6,16,20,10,4,24,2,3,26,6,4,30,2,6,2,33,34,28,22,38,12,40,10,42,4,3,44,36,8,46,22,49,50,52,22,54,28,56,36,58,46,60,10,62,4,64
ff7fd8a8ff70d8a8 0 0 1638662,10,6,14,4,16,2,9,18,12,14,4,2,8,4,24,27,12,8,22,20,32,10,31,35,28,6,38,4,36,20,42,12,44,10,46,4,41,49,50,20,52,10,54,8,56,6,58,4,60,2,62
2d8585a27ad2d2a0 0 0 1900806,12,10,14,2,2,16,12,2,8,6,22,4,20,24,7,22,4,2,26,18,32,12,34,2,30,36,28,12,40,8,42,2,38,18,46,12,48,8,50,6,52,4,54,2,45,56,58,18,60,26,62,28,64,6,66,4,68,2,70
786f38d095fa70e0 0 0 1966342,8,4,14,2,10,8,18,6,16,20,12,10,24,6,26,2,8,28,4,2,20,2,32,34,12,8,38,2,30,22,42,8,44,6,40,47,36,6,50,2,48,22,54,12,56,10,58,8,53,61,62,30,64,10,66,8,68,6,70,2,73
177f7f8080e88ee8 0 0 1769734,8,6,12,6,14,16,12,10,20,2,20,22,14,4,26,2,9,28,24,18,32,10,34,6,36,2,4,38,30,12,42,6,44,2,40,18,48,12,46,51,52,18,54,24,56,30,58,40,60,12,62,10,64,2,66
acc40432d4bc7640 0 0 1573126,12,10,14,6,4,2,16,19,12,8,22,2,12,24,4,7,26,20,30,12,32,4,34,2,9,37,28,8,40,4,38,20,44,12,46,10,48,4,50,2,43,52,54,20,56,8,58,6,61
668eccac74243060 0 0 1835270,12,6,14,4,2,16,10,6,20,2,9,22,8,6,26,4,2,28,24,18,32,10,34,8,4,36,30,8,40,4,38,18,44,12,46,8,48,6,43,51,52,18,54,24,56,30,58,12,60,10,62,8,64,4,66,2,69
cd722dc887d23268 0 0 2031878,12,10,14,4,16,2,16,19,12,8,22,2,3,25,8,6,28,4,6,4,30,33,26,20,36,12,38,8,40,6,42,2,5,45,34,12,48,4,46,20,52,6,54,4,56,2,50,58,60,26,62,34,64,46,66,12,68,6,70,4,72,2,75
08d0d62c24565000 0 0 1376518,10,2,4,14,12,10,18,8,2,20,4,2,10,8,24,26,22,16,30,10,32,6,34,2,4,37,28,6,40,2,38,16,44,10,46,4,43,48,50,16,52,10,54
f8a0882088208820 0 0 1704198,12,8,14,6,8,16,12,10,20,8,22,6,24,4,24,26,6,2,8,6,30,33,4,2,28,18,38,10,37,40,34,12,44,8,46,6,42,18,50,8,52,6,48,55,56,34,58,42,60,12,62,8,64
49e67646ae2402e8 0 0 1835270,8,2,12,8,14,17,12,10,20,8,22,4,22,24,6,2,8,6,30,2,28,33,4,2,26,18,38,10,40,4,37,43,34,12,46,8,44,18,50,8,52,6,54,2,49,57,58,26,60,34,62,44,64,10,66,6,69
2b2b002ac0e800a8 0 0 1376518,12,4,2,14,8,6,10,18,8,4,2,23,20,16,26,10,28,8,30,6,32,4,34,2,6,37,24,8,38,16,42,12,44,8,46,4,40,48,50,38,52,8,54
3ee2a0fce01edea0 0 0 2097414,12,10,14,4,16,2,16,19,12,8,22,2,3,25,8,6,28,4,6,4,30,33,26,20,36,12,38,8,40,6,42,2,5,45,34,12,48,4,46,20,52,6,54,4,56,2,50,58,60,20,62,26,64,34,66,46,68,12,70,6,72,4,74,2,77
62404040ea404040 0 0 721158,12,4,12,15,6,8,4,2,10,21,18,16,2,24,26,16,22,28,30,16,32,26,34
9e95ed4ed886fe08 0 0 1835270,12,8,14,6,16,4,18,2,2,20,8,4,10,8,26,6,28,4,30,2,24,33,8,6,36,2,2,38,34,22,42,10,44,2,4,47,40,8,48,22,52,12,54,6,56,4,58,2,50,60,62,34,64,48,66,4,68
07b8d4282d38fea8 0 0 1704198,10,4,8,4,15,17,4,15,6,4,22,2,6,2,24,26,20,18,30,12,32,10,34,4,3,36,28,8,40,6,42,4,38,18,46,12,48,10,50,2,44,53,54,18,56,20,58,10,60,4,62,2,65
851571aa6b402400 0 0 1769734,2,12,8,4,10,8,18,6,16,20,8,6,24,4,26,2,2,29,4,2,22,14,34,10,36,2,33,38,30,8,42,2,40,14,46,12,48,8,50,2,45,53,54,14,56,22,58,40,60,12,62,8,64,2,67
81f4c0e0a1f4e0e0 0 0 786694,12,4,12,15,6,8,4,2,10,21,18,16,2,24,26,16,22,28,30,16,32,18,34,26,36
a0004540ec4c8a80 0 0 1704198,8,4,11,15,4,11,6,4,20,2,6,2,22,24,18,16,28,12,30,10,32,8,3,34,26,8,38,6,40,4,36,16,44,12,46,10,48,8,50,4,52,2,42,55,56,16,58,26,60,10,62,6,65
1d1010626a989840 0 0 1835270,12,10,14,6,6,4,18,2,16,20,12,8,24,2,12,26,7,19,28,22,32,12,34,6,36,4,38,2,9,40,30,8,44,6,46,4,42,22,50,12,52,10,54,6,56,4,58,2,48,61,62,28,64,10,66,8,69
e1648cf49d8e6688 0 0 1900806,12,10,14,6,4,2,16,19,12,8,12,23,4,7,8,2,24,20,30,12,32,4,34,2,28,37,26,8,40,4,42,2,38,20,46,12,48,10,50,4,52,2,44,54,56,20,58,24,60,12,62,10,64,8,66,6,68,2,70
e46ca820a820a820 0 0 721158,12,4,14,2,12,16,6,8,4,10,20,18,2,24,26,18,22,28,30,22,32,26,34
5c683dba09ba6868 0 0 1704198,12,10,14,6,4,2,16,19,12,8,22,2,12,24,4,7,26,20,30,12,32,4,34,2,9,37,28,8,40,4,38,20,44,12,46,10,48,4,50,2,43,52,54,20,56,28,58,8,60,6,62,4,65
0ee0e04a2c4a4ae0 0 0 852230,12,4,12,15,6,8,4,2,10,21,18,16,2,24,26,16,22,28,30,16,32,22,34,26,36,10,38
912a2a2ab3808080 0 0 786694,12,4,14,2,12,16,6,8,4,10,20,18,2,24,26,18,22,28,30,20,32,22,34,26,36
6e14d89cc4becc88 0 0 1704198,12,8,14,6,16,4,18,2,2,20,10,8,9,24,4,2,4,28,26,22,32,10,34,8,36,6,38,4,6,40,30,6,44,4,42,22,48,8,50,4,52,2,46,55,56,22,58,26,60,10,62,2,64
7ef61980cf304620 0 0 2031878,12,10,14,6,6,4,18,2,16,20,12,8,24,2,12,26,7,19,28,22,32,12,34,6,36,4,38,2,9,40,30,8,44,6,46,4,42,22,50,12,52,10,54,6,56,4,58,2,48,61,62,28,64,30,66,10,68,8,70,6,72,4,74
29c848d647562648 0 0 2031878,12,10,14,6,4,2,16,19,12,8,12,23,4,7,8,2,24,20,30,12,32,4,34,2,28,37,26,8,40,4,42,2,38,20,46,12,48,10,50,4,52,2,44,54,56,20,58,24,60,26,62,12,64,10,66,8,68,6,70,4,72,2,74
bd5e5e5e03e0e0e0 0 0 917766,12,4,12,15,6,8,4,2,10,21,18,16,2,24,26,16,22,28,30,16,32,18,34,22,36,26,38,10,40
e9226226b78c3c88 0 0 2162950,12,2,2,15,12,10,18,8,20,4,22,2,18,4,26,2,24,28,4,2,6,32,8,6,36,2,30,16,40,12,42,10,44,8,46,4,38,48,34,8,52,2,50,16,56,12,58,4,60,2,54,63,64,30,66,50,68,12,70,10,72,8,74,4,76,2,78
94746328c97c3e20 0 0 2228486,12,2,2,15,12,10,18,8,20,4,22,2,18,4,26,2,24,28,4,2,6,32,8,6,36,2,30,16,40,12,42,10,44,8,46,4,38,48,34,8,52,2,50,16,56,12,58,4,60,2,54,63,64,16,66,30,68,50,70,12,72,10,74,8,76,4,78,2,80
dc219f566a54eae0 0 0 1769734,12,8,14,6,16,4,18,2,2,20,8,4,10,8,26,6,28,2,24,30,8,6,34,4,2,36,32,22,40,10,4,42,38,8,44,22,48,12,50,6,52,4,54,2,46,56,58,32,60,38,62,44,64,8,66
ff2afe02bfc0bee8 0 0 721158,4,2,12,15,8,4,12,10,19,20,2,6,22,16,8,26,28,16,24,30,32,28,34
155fc228100a3228 0 0 2294022,12,2,2,15,12,10,18,8,20,6,22,2,18,6,26,2,24,28,6,2,6,4,32,35,8,6,38,4,40,2,30,16,44,12,46,10,48,8,50,6,43,52,36,8,56,2,54,16,60,12,62,6,64,2,58,67,68,30,70,36,72,54,74,12,76,10,78,8,80,6,82
2225a220a8aa5a88 0 0 786694,12,10,4,14,8,4,18,2,12,21,2,6,22,16,9,26,28,16,24,30,32,22,34,28,36
3f2766c62ebe00a0 0 0 1769734,12,8,2,14,8,4,10,6,18,20,8,6,24,2,2,26,4,2,22,16,32,10,34,8,36,4,38,2,31,41,28,8,44,2,42,16,48,12,50,2,47,53,54,16,56,22,58,28,60,42,62,12,64,8,67
12a2b00004444000 0 0 852230,12,10,4,14,8,4,18,2,12,21,2,6,22,16,9,26,28,16,24,30,32,16,34,22,36,28,38
fd7272728f880088 0 0 786694,4,2,12,15,8,4,12,10,19,20,2,6,22,16,8,26,28,16,24,30,32,24,34,28,36
2832323238888888 0 0 1704198,12,4,2,14,12,10,18,8,20,6,10,8,24,6,22,26,8,6,24,2,30,32,10,2,28,16,38,12,40,10,42,8,44,6,36,46,34,12,50,8,52,2,48,16,56,12,54,58,60,48,62,12,64
ad8065d2bb1ec000 0 0 1966342,12,10,2,14,12,6,18,4,20,2,6,4,24,2,22,26,8,6,30,4,7,32,28,16,36,12,38,6,40,4,42,2,5,44,34,12,48,8,50,6,52,2,46,16,56,12,55,58,60,28,62,46,64,12,66,6,68,4,70,2,72
0a169aa67468b488 0 0 2359558,12,2,2,15,12,10,18,8,20,6,22,2,18,6,26,2,24,28,6,2,6,4,32,35,8,6,38,4,40,2,30,16,44,12,46,10,48,8,50,6,43,52,36,8,56,2,54,16,60,12,62,6,64,2,58,67,68,16,70,30,72,36,74,54,76,12,78,10,80,8,82,6,84
37125fecaa5668a8 0 0 1507590,12,4,14,2,12,8,18,4,17,20,12,10,24,4,24,26,7,8,4,2,28,22,34,10,36,8,33,38,30,12,42,8,40,22,46,8,48,6,50,2,44,52,54,28,56,10,58
7ef41aba641e5aa0 0 0 2031878,12,4,14,2,12,8,18,4,17,20,12,10,24,2,24,4,28,2,26,30,8,6,8,34,4,2,32,22,40,10,42,8,44,4,46,2,39,48,36,12,52,8,50,22,56,6,58,2,54,61,62,22,64,32,66,12,68,10,70,8,72,2,74
99e9469c0d94ee88 0 0 1638662,12,4,14,2,12,8,18,4,17,20,12,10,24,4,24,26,7,8,4,2,28,22,34,10,36,8,33,38,30,12,42,8,40,22,46,8,48,6,50,2,44,52,54,28,56,30,58,10,60,8,62
c216d4085ab4eca0 0 0 2031878,12,4,14,2,12,8,18,4,17,20,12,10,24,2,24,4,28,2,26,30,8,6,8,34,4,2,32,22,40,10,42,8,44,4,46,2,39,48,36,12,52,8,50,22,56,6,58,2,54,61,62,22,64,32,66,36,68,12,70,10,72,2,74
cbacd396ea361660 0 0 1900806,12,8,14,6,14,17,12,10,20,8,22,6,24,4,24,26,8,4,6,2,30,32,4,2,28,18,38,10,40,4,37,43,34,12,46,8,48,6,50,4,44,18,54,8,56,6,58,4,53,61,62,28,64,44,66,10,68,4,71
3c6d3d8c48ce3ea8 0 0 1835270,12,8,14,6,14,17,12,10,20,8,22,4,22,24,8,6,28,4,6,2,31,32,4,2,26,18,38,10,37,40,34,12,44,8,46,4,42,18,50,8,52,4,48,54,56,18,58,26,60,42,62,12,64,10,66,4,68
adb0e2f0ad80e2c0 0 0 1442054,8,2,3,14,12,6,12,2,18,21,10,6,24,4,24,26,22,16,30,12,32,6,34,2,4,37,28,6,38,16,42,10,44,8,46,6,48,4,40,51,52,16,54,8,56
da0c250c074870c0 0 0 1704198,8,2,3,14,12,8,18,6,18,20,10,4,24,2,11,26,4,2,22,16,32,12,34,8,36,6,38,2,31,41,28,6,44,2,42,16,48,10,50,8,52,4,54,2,47,57,58,22,60,12,62,10,64
aab278e85a128848 0 0 1900806,8,2,3,14,12,8,18,6,18,20,10,4,24,2,11,26,4,2,22,16,32,12,34,8,36,6,38,2,31,41,28,6,44,2,42,16,48,10,50,8,52,4,54,2,47,57,58,22,60,28,62,12,64,10,66,4,68,2,70
a0aa208ad27802a8 0 0 1638662,12,10,14,2,3,16,12,6,20,2,3,22,6,4,26,2,4,2,28,31,10,8,34,6,24,18,38,10,40,6,42,2,37,45,32,8,48,2,46,18,52,12,50,54,56,18,58,12,60,10,62
4175280254400208 0 0 1704198,12,10,2,14,12,6,18,4,6,4,21,23,8,4,26,2,7,28,4,2,24,16,34,12,36,6,38,4,32,41,30,12,44,8,46,2,42,16,50,12,48,52,54,16,56,24,58,42,60,6,62,4,65
dfcc633a55464c40 0 0 2162950,12,10,14,8,16,6,18,4,2,20,12,8,24,4,26,2,6,4,28,30,6,2,8,6,36,4,35,38,32,22,42,12,44,8,46,4,48,2,5,50,40,12,52,22,56,12,58,8,60,6,62,2,55,64,66,40,68,52,70,12,72,6,74,4,76,2,78
1a281508042854a8 0 0 1966342,12,10,2,14,12,6,18,4,20,2,6,4,24,2,22,26,8,6,30,4,7,32,28,16,36,12,38,6,40,4,42,2,5,44,34,12,48,8,50,6,52,2,46,16,56,12,55,58,60,16,62,34,64,46,66,12,68,8,70,4,72
55a81aa80b60ee60 0 0 2162950,12,10,14,8,16,6,18,2,2,20,12,8,24,4,6,4,28,2,27,31,6,2,8,4,35,36,4,2,32,22,42,12,44,8,46,4,40,49,38,12,52,6,54,2,50,22,58,12,60,8,62,6,64,2,56,66,68,32,70,38,72,50,74,8,76,2,79
2820f780a0208080 0 0 1900806,10,8,14,6,8,4,18,2,16,20,4,16,6,4,6,26,24,22,30,12,32,10,34,8,36,6,38,2,3,40,28,8,44,6,42,22,48,12,50,10,52,8,54,6,56,4,47,59,60,24,62,28,64,8,66,6,68,4,71
8d8f088a2220a220 0 0 1048838,8,10,8,4,16,2,7,18,4,2,3,22,20,14,26,12,28,8,7,30,24,4,32,14,35,36,38,20,40,12,42,8,44
7d974aea39d6c268 0 0 1835270,8,4,11,15,4,11,6,4,20,2,6,2,22,24,18,16,28,12,30,10,32,8,3,34,26,8,38,6,40,4,36,16,44,12,46,10,48,8,50,4,52,2,42,55,56,16,58,18,60,26,62,10,64,6,66,4,69
599e1648b3de1648 0 0 1507590,12,10,14,4,15,16,8,2,13,20,8,6,9,24,4,2,22,18,30,12,28,33,26,12,36,6,34,18,40,12,42,8,44,2,38,47,48,18,50,22,52,8,54,4,56,2,58
eea8ee6c6e6c6ea8 0 0 1442054,8,2,10,14,4,14,6,4,6,20,18,16,24,12,26,10,28,8,30,2,3,32,22,8,36,6,34,16,40,12,42,10,44,8,46,4,39,49,50,18,52,8,54,4,57
23339222f4443888 0 0 1638662,12,10,14,4,15,16,8,2,13,20,8,6,9,24,4,2,22,18,30,12,28,33,26,12,36,6,34,18,40,12,42,8,44,2,38,47,48,18,50,22,52,26,54,8,56,6,58,4,60,2,62
b258a21258b25248 0 0 1704198,12,10,14,4,14,17,12,8,20,4,22,2,8,2,24,26,6,4,30,2,9,32,4,2,28,18,38,12,40,8,42,4,44,2,36,46,34,12,50,6,48,18,54,12,56,4,53,58,60,48,62,4,64
8c6c882838887888 0 0 1245446,2,6,6,4,8,16,10,8,20,4,4,22,18,14,26,12,28,8,30,4,2,32,24,12,36,8,34,14,40,4,42,2,38,44,46,14,48,4,50
550eceda8a7444a0 0 0 1966342,12,10,14,4,16,2,14,2,18,21,12,6,24,4,26,2,6,2,28,30,8,4,34,2,7,36,4,2,32,22,42,12,44,6,46,4,48,2,40,50,38,12,54,8,52,22,58,12,60,4,57,62,64,32,66,52,68,6,70,2,72
5389703245cacce8 0 0 1966342,12,10,14,4,14,17,12,6,20,4,22,2,6,2,24,26,8,4,30,2,7,32,4,2,28,18,38,12,40,6,42,4,44,2,36,46,34,12,50,8,48,18,54,12,56,4,53,58,60,18,62,28,64,48,66,6,68,4,70,2,72
0ff7b31e10b24ae8 0 0 1835270,12,10,14,4,14,17,12,6,20,4,22,2,6,2,24,26,8,4,30,2,7,32,4,2,28,18,38,12,40,6,42,4,44,2,36,46,34,12,50,8,48,18,54,12,56,4,53,58,60,34,62,48,64,8,66,2,68
db1e0ef025ea7840 0 0 2097414,12,10,14,4,16,2,14,2,18,21,12,6,24,4,26,2,6,2,28,30,8,4,34,2,7,36,4,2,32,22,42,12,44,6,46,4,48,2,40,50,38,12,54,8,52,22,58,12,60,4,57,62,64,32,66,38,68,52,70,8,72,6,74,4,76
fbde106a79fcbac0 0 0 1245446,6,4,2,14,6,8,10,4,4,20,18,16,24,12,26,2,2,28,22,12,32,4,34,2,30,16,38,4,40,2,36,42,44,16,46,22,48,4,50
7291f834f0d0d020 0 0 1376518,10,6,10,4,14,16,12,10,5,20,10,8,24,6,26,2,26,4,30,2,28,33,4,2,22,18,38,6,40,4,42,2,36,45,34,4,46,18,49,50,52,18,54
7fd20fd2f2288228 0 0 2097414,12,6,14,4,8,4,18,2,16,21,12,10,24,6,26,2,26,4,30,2,28,32,8,6,36,4,38,2,39,40,34,22,44,12,46,10,48,8,50,6,8,53,42,8,56,4,58,2,54,22,62,8,64,6,66,4,68,2,61,70,72,12,74,2,76
bce8a8483c282888 0 0 2228486,12,8,14,6,16,4,8,4,20,2,18,23,12,10,26,6,28,2,28,4,32,2,30,34,8,6,38,4,40,2,41,42,36,24,46,12,48,10,50,8,52,6,8,55,44,8,58,4,60,2,56,24,64,8,66,6,68,4,63,71,72,24,74,8,76,6,78,4,81
0c850f0c6a58f048 0 0 1900806,12,10,14,8,16,6,8,4,18,21,12,6,24,4,24,2,26,29,8,6,32,2,33,34,30,22,38,12,40,8,42,6,44,4,46,2,9,48,36,8,52,4,50,22,56,8,58,6,60,2,55,62,64,30,66,12,68,4,70
bc4ef00ab048b848 0 0 1310982,4,10,12,8,16,6,16,18,6,2,8,2,23,24,20,14,28,12,30,8,3,32,26,12,36,6,34,14,40,6,39,42,44,20,46,34,48,12,50,8,52
d7b37f084c28e4a0 0 0 1310982,6,4,2,14,6,2,8,19,4,2,10,4,23,24,20,16,28,12,2,31,26,12,34,4,36,2,32,16,40,4,38,43,44,32,46,12,48,10,50,2,52
a8a0e860c8c08800 0 0 1179910,10,6,10,4,14,16,12,10,20,6,5,22,8,6,26,4,26,29,24,18,32,6,34,2,3,36,30,4,38,18,41,42,44,24,46,6,48
8ad885d8a588aa88 0 0 1310982,10,6,10,4,14,16,12,10,20,6,5,22,10,8,26,4,26,29,4,2,24,18,34,6,36,4,38,2,32,41,30,4,42,18,45,46,48,30,50,10,52
200000d022d80208 0 0 1507590,12,10,3,14,12,8,18,4,20,2,3,22,6,2,5,26,10,4,30,2,24,16,34,8,36,4,32,39,28,8,42,6,44,4,40,16,48,12,50,10,52,4,54,2,46,56,58
7b9d5cb29c7a6688 0 0 1835270,10,4,6,2,14,16,6,4,20,2,12,10,23,24,8,6,3,28,26,18,32,12,20,35,30,8,38,6,40,4,42,2,36,18,46,12,48,10,50,8,52,4,54,2,44,57,58,26,60,36,62,12,64,10,66,6,68
40ffde3412b8ea40 0 0 1638662,12,8,14,4,16,2,16,18,12,10,22,8,10,24,6,2,8,29,10,2,26,20,34,4,36,2,32,38,30,12,40,20,44,10,46,6,48,4,50,2,42,53,54,20,56,30,58,12,60,4,62
74a1a8725184a288 0 0 1310982,6,4,2,14,6,2,8,19,4,2,10,4,23,24,20,16,28,12,30,2,2,32,26,12,36,4,34,16,40,4,39,43,44,26,46,34,48,12,50,4,53
f7e72f2c7f7e5240 0 0 1638662,12,10,14,4,16,2,16,18,12,4,22,2,4,25,7,8,4,2,26,20,32,10,34,4,36,2,30,39,28,12,42,8,44,2,40,20,48,10,50,6,47,52,54,26,56,28,58,8,60,6,62
4c727ffa02448a00 0 0 1704198,12,10,3,14,12,8,18,4,20,2,3,22,6,2,5,26,10,4,30,2,24,16,34,8,36,4,32,39,28,8,42,6,44,4,40,16,48,12,50,10,52,4,54,2,46,56,58,16,60,12,62,10,64
e506a5caca8c4640 0 0 1835270,12,10,14,4,16,2,16,18,12,4,4,2,22,25,7,8,26,20,30,10,32,4,34,2,5,37,28,12,40,8,42,2,38,20,46,10,48,6,50,2,45,53,54,20,56,26,58,28,60,10,62,8,64,6,66,4,68
b2b0a8003230a800 0 0 1638662,12,10,14,8,3,16,12,4,20,2,3,22,6,4,26,2,6,2,28,31,10,4,34,2,24,18,38,10,40,8,42,4,37,45,32,8,48,2,46,18,52,12,50,54,56,24,58,12,60,4,62
04e8660671628a40 0 0 1900806,12,10,14,8,16,2,16,18,12,8,22,4,24,2,4,26,6,2,8,31,4,2,28,20,36,10,38,2,34,40,32,12,44,2,42,20,48,10,50,6,52,4,54,2,46,57,58,20,60,28,62,42,64,12,66,10,68,8,70
fc52f8fe4044eee8 0 0 1573126,10,8,14,2,2,16,14,6,20,4,20,23,6,4,26,2,8,6,29,30,24,18,34,12,36,8,38,6,2,41,32,12,44,8,46,2,42,18,50,6,49,52,54,18,56,6,58,2,60
e96a29d643847cc8 0 0 1638662,10,8,14,2,2,16,14,6,20,4,20,23,6,4,26,2,8,6,29,30,24,18,34,12,36,8,38,6,40,2,2,42,32,12,46,8,44,18,50,6,48,52,54,18,56,32,58,8,60,2,62
01a62a20c89aa8a8 0 0 1704198,12,4,14,2,14,16,12,10,20,4,10,4,22,25,7,8,24,2,26,18,32,4,31,35,28,12,38,8,36,18,42,10,44,6,46,2,41,49,50,28,52,36,54,10,56,8,58,6,60,4,62,2,65
80808a80fc0c8a80 0 0 1573126,12,2,2,14,12,10,18,8,20,6,22,2,18,6,26,2,24,29,4,7,8,2,30,16,36,8,38,2,35,41,32,8,44,4,42,16,48,10,50,8,47,53,54,16,56,10,58,2,60
323324c07776c420 0 0 1507590,12,8,2,14,12,10,18,8,20,2,18,22,5,6,24,16,28,8,8,30,26,8,34,6,36,2,32,16,40,10,42,8,44,4,38,47,48,24,50,12,52,10,54,8,56,2,58
c6cc42c46c446008 0 0 1900806,12,8,2,14,12,10,18,6,20,2,18,8,24,6,26,2,22,29,5,6,8,2,30,16,36,8,38,2,35,41,32,8,44,6,42,16,48,10,50,8,52,6,54,4,56,2,47,59,60,16,62,30,64,10,66,6,68,4,70
8bfb20a07c0ca828 0 0 1442054,12,10,14,4,2,16,12,8,20,2,13,22,5,6,24,18,28,8,9,31,26,8,34,6,36,2,32,18,40,10,42,8,44,2,39,47,48,32,50,10,52,8,54,2,57
9cbcc71091e4ca48 0 0 1573126,12,10,14,8,16,4,2,18,12,2,12,8,24,2,23,27,5,6,8,2,28,20,34,8,36,2,32,38,30,8,42,6,40,20,46,10,48,8,50,2,44,52,54,28,56,40,58,12,61
33b6029405801680 0 0 1507590,12,10,14,8,16,6,2,18,12,8,22,2,12,25,4,7,26,20,30,8,9,33,28,8,36,4,38,2,34,20,42,10,44,8,41,47,48,20,50,26,52,34,54,10,56,8,59
ca9d8a888a888a88 0 0 1376518,4,10,12,8,16,6,16,18,6,2,8,2,23,24,20,14,28,12,30,8,3,32,26,12,36,6,34,14,40,6,39,42,44,14,46,20,48,34,50,12,52,8,54
397a75b65aec9ea8 0 0 1310982,12,8,14,6,6,16,12,4,13,21,4,2,10,4,24,26,6,2,22,18,32,12,30,35,28,12,38,10,40,2,36,18,44,4,43,46,48,18,50,6,52
439ecf9a66446ac0 0 0 1573126,12,10,10,14,14,8,18,6,20,4,18,4,22,25,2,5,10,6,26,16,32,12,34,10,36,6,31,39,28,6,42,2,40,16,46,12,48,8,50,6,45,53,54,16,56,10,58,8,60
ccce088a0a088a08 0 0 1310982,12,4,14,2,2,16,6,4,10,8,22,6,20,24,8,4,28,2,2,30,26,18,34,12,36,10,6,38,32,4,40,18,44,4,46,2,42,48,50,4,52
5c62dc48dc48dc48 0 0 1835270,12,10,14,4,4,16,12,2,12,8,22,6,20,24,8,6,8,2,28,30,4,2,26,18,36,12,38,2,34,40,32,12,44,6,42,18,48,8,50,6,52,2,46,54,56,18,58,26,60,12,62,8,64,6,66,4,68
1696fc567c566ac0 0 0 1507590,12,10,14,4,4,16,12,2,12,6,22,2,20,24,6,2,8,6,28,30,4,2,26,18,36,12,38,2,34,40,32,12,44,8,42,18,48,6,46,50,52,18,54,32,56,4,58
01fbfb3aaeaeaec0 0 0 1179910,8,10,8,4,16,2,7,18,4,2,3,22,20,14,26,12,28,8,7,30,24,4,32,14,35,36,38,20,40,24,42,12,44,8,46,4,48
52a58578e8185aa0 0 0 1769734,12,10,14,8,16,6,18,4,2,20,8,4,24,2,12,4,28,2,26,30,8,6,34,4,36,2,24,38,4,2,32,22,44,8,46,6,42,48,40,12,52,6,50,22,56,12,58,8,54,60,62,40,64,12,66
d2ffd5702800a880 0 0 2031878,12,10,14,6,16,4,18,2,2,20,8,4,24,2,12,8,28,4,26,31,8,6,34,4,24,36,4,2,32,22,42,8,44,6,46,2,40,48,38,12,52,8,54,6,50,22,58,12,60,2,57,63,64,22,66,38,68,12,70,8,72,6,75
60bcfddce9f64800 0 0 1769734,12,10,14,6,2,16,8,6,20,4,22,2,12,8,26,6,28,4,25,30,8,4,23,35,4,2,32,18,40,8,42,2,38,45,36,12,48,8,46,18,52,12,54,2,50,57,58,32,60,36,62,8,64,2,66
e5bb9b26dbae0660 0 0 1966342,12,10,14,6,2,16,8,6,20,4,12,8,24,6,26,4,28,2,22,31,8,4,34,2,22,2,36,38,32,18,42,8,44,2,5,47,40,12,50,8,48,18,54,12,56,2,52,59,60,18,62,32,64,40,66,12,68,8,70,2,72
ef6a88a8c56a08a8 0 0 2097414,12,10,14,6,16,4,2,18,8,4,22,2,12,4,24,26,8,6,30,2,22,33,4,2,28,20,38,8,40,6,42,4,36,45,34,12,48,6,50,4,52,2,46,20,56,12,58,8,60,2,55,62,64,20,66,28,68,46,70,8,72,4,74,2,76
2a20723272f0e028 0 0 2162950,12,10,14,8,16,6,18,4,20,2,2,22,8,6,26,4,28,2,12,6,32,4,30,34,6,2,28,38,36,24,42,6,44,4,46,2,5,49,40,12,52,8,54,6,56,4,50,24,60,12,62,8,64,2,59,66,68,40,70,50,72,12,74,8,76,6,78
9d480b84d90cb0c0 0 0 1442054,12,6,14,4,6,4,16,19,18,2,10,8,24,6,22,26,3,10,28,20,32,6,34,2,19,37,30,6,38,20,42,12,44,6,46,4,48,2,40,51,52,20,54,12,56
4e8fec5ee4d058e0 0 0 1900806,12,10,14,4,2,16,8,4,12,8,22,6,24,4,26,2,20,28,20,2,6,32,4,2,30,18,38,6,40,4,42,2,36,44,34,12,48,4,46,18,52,12,54,6,56,2,50,58,60,18,62,34,64,46,66,12,68,2,70
9f474bb4ab040808 0 0 2031878,12,10,14,8,16,2,2,18,8,6,22,4,24,2,12,8,28,6,30,4,32,2,27,34,8,25,4,2,36,20,42,8,44,4,46,2,40,48,38,12,52,8,54,4,56,2,50,20,60,12,59,63,64,36,66,38,68,50,70,8,72,2,75
36bf062032ae4620 0 0 1769734,12,10,14,8,16,4,2,18,8,6,22,4,12,8,26,6,28,4,24,31,24,2,8,34,32,20,38,8,40,4,5,43,36,12,46,8,48,4,44,20,52,12,50,55,56,20,58,32,60,36,62,44,64,12,67
dfb25ef28e52de00 0 0 1442054,4,2,10,14,3,6,8,6,6,20,18,16,24,12,26,10,28,6,3,30,22,12,34,6,36,2,32,16,40,10,42,4,39,45,46,18,48,12,50,6,52,4,54,2,57
7e974056d6d642e8 0 0 2031878,12,10,14,8,16,6,18,2,18,4,22,2,20,25,8,6,28,2,12,6,32,2,30,34,8,4,28,4,40,2,39,43,4,2,36,26,48,8,50,2,46,53,44,12,56,2,54,26,60,12,62,8,59,64,66,26,68,12,70,8,72,4,74
7dd0dff2e44acee0 0 0 1638662,4,2,10,2,14,17,3,6,8,6,6,22,20,18,26,12,28,10,30,6,32,2,3,35,24,12,38,6,40,2,36,18,44,10,46,4,48,2,43,50,52,18,54,20,56,12,58,6,60,2,63
dff3bba00c205440 0 0 1769734,12,10,14,4,16,2,14,18,8,6,22,2,12,8,26,2,24,28,8,4,22,4,32,34,30,20,38,8,5,41,36,12,44,8,46,6,42,20,50,12,52,6,49,54,56,30,58,12,60,8,62,6,64,4,67
83d26c68a9d2ec68 0 0 1442054,4,2,10,14,3,6,8,6,6,20,18,16,24,12,26,10,28,6,3,30,22,12,34,6,36,2,32,16,40,10,42,4,39,45,46,18,48,22,50,12,52,4,54,2,57
ec868730a9cc88c0 0 0 2031878,12,10,14,4,16,2,14,2,18,21,8,6,24,2,12,8,28,2,26,30,8,4,34,2,24,4,38,2,37,41,4,2,32,22,46,8,44,49,42,12,52,8,54,6,50,22,58,12,60,6,57,62,64,22,66,32,68,12,70,8,72,2,74
e398a5f4d256a4a0 0 0 1638662,4,2,10,2,14,17,3,6,8,6,6,22,20,18,26,12,28,10,30,6,32,2,3,35,24,12,38,6,40,2,36,18,44,10,46,4,48,2,43,50,52,18,54,20,56,24,58,12,60,2,63
e89168ee986e8e88 0 0 1573126,12,10,14,8,16,4,16,19,8,6,13,22,8,4,26,2,22,4,29,31,4,2,24,20,36,8,34,39,32,12,42,6,40,20,46,12,48,8,50,6,44,53,54,20,56,32,58,12,60
7f2ddd002720d0a8 0 0 1573126,10,4,14,2,5,16,3,6,8,6,6,22,20,18,26,12,28,10,30,6,32,4,34,2,3,37,24,12,40,6,42,2,38,18,46,10,44,48,50,20,52,38,54,12,56,6,58,4,61
715105a2545420a8 0 0 1704198,12,10,14,8,16,4,18,2,16,20,8,6,13,24,8,4,24,4,30,2,28,32,26,22,36,8,5,39,34,12,42,6,40,22,46,12,48,8,50,6,44,53,54,26,56,34,58,12,60,8,62,6,64
c4cab7bec73c7488 0 0 2097414,12,10,14,4,16,2,14,2,18,21,8,6,24,2,12,8,28,2,26,30,8,4,34,2,24,4,38,2,37,41,4,2,32,22,46,8,44,49,42,12,52,8,54,6,50,22,58,12,60,6,57,62,64,22,66,32,68,42,70,12,72,6,74,4,77
2762594e36769a88 0 0 1573126,10,4,14,2,5,16,3,6,8,6,6,22,20,18,26,12,28,10,30,6,32,4,34,2,3,37,24,12,40,6,42,2,38,18,46,10,44,48,50,20,52,24,54,38,56,12,58,4,61
d01724b624b63668 0 0 1835270,12,10,14,8,16,4,17,18,8,6,12,8,24,6,22,27,22,4,8,31,4,2,28,20,36,8,38,4,40,2,34,42,32,12,46,8,48,4,50,2,44,20,54,12,53,57,58,28,60,44,62,12,64,8,66,4,69
2fa2a0228f080088 0 0 1507590,12,8,14,6,6,16,10,8,20,6,22,2,2,24,8,4,8,2,28,30,4,2,26,18,36,2,34,38,32,8,40,18,44,8,46,6,48,4,50,2,42,52,54,26,56,2,58
c8607280dd207280 0 0 2687238,12,10,14,8,16,6,12,8,20,6,22,4,18,24,8,6,28,2,20,30,8,2,10,8,36,6,38,4,40,2,34,42,10,4,46,2,32,26,50,10,52,8,54,4,49,57,44,12,60,10,62,8,64,6,66,4,68,2,58,26,72,12,74,6,76,2,71,78,80,26,82,32,84,58,86,12,88,8,90,6,92,2,94
346278a6660c9a88 0 0 1900806,12,10,14,8,16,4,17,18,8,6,12,8,24,6,22,27,22,4,8,31,4,2,28,20,36,8,38,4,40,2,34,42,32,12,46,8,48,4,50,2,44,20,54,12,53,57,58,28,60,32,62,44,64,12,66,8,68,4,71
b86bf7544bf4b080 0 0 1769734,12,10,14,8,16,4,16,2,18,20,8,6,12,8,26,6,24,29,24,4,32,2,8,34,30,22,38,8,40,4,5,43,36,12,46,8,48,4,44,22,52,12,50,55,56,22,58,30,60,36,62,44,64,12,67
60f8108810881088 0 0 1245446,8,10,12,6,16,2,17,18,4,2,3,22,20,14,26,6,28,4,30,2,7,33,24,6,36,4,34,14,40,2,38,43,44,20,46,6,48,2,50
344ed98c9ee4c8c8 0 0 1310982,8,10,12,6,16,2,17,18,4,2,3,22,20,14,26,6,28,4,30,2,7,33,24,6,36,4,34,14,40,2,38,43,44,14,46,20,48,6,50,2,52
911e188ee6667ee8 0 0 1835270,12,10,14,4,4,16,12,2,12,8,22,6,20,24,8,6,7,28,4,2,26,18,34,12,36,2,32,38,30,12,42,8,44,2,40,18,48,8,50,6,52,2,47,54,56,18,58,26,60,30,62,12,64,6,66,4,68
e648c3c8c378e608 0 0 1966342,12,8,14,6,16,4,18,2,6,20,12,6,24,2,24,4,26,29,10,6,5,32,6,2,30,22,38,12,40,6,42,2,36,44,34,12,48,10,50,4,52,2,46,22,56,4,58,2,55,61,62,30,64,46,66,12,68,6,70,4,73
c280ea80a8202020 0 0 1900806,6,2,12,8,16,6,15,18,12,4,22,2,12,2,25,27,4,2,10,6,32,4,30,34,28,20,38,12,40,4,42,2,7,45,36,12,48,10,50,6,52,4,46,20,56,4,55,58,60,20,62,28,64,46,66,12,68,2,71
76fc6eec4ec442c0 0 0 1507590,12,8,14,4,2,16,10,8,8,4,20,22,6,4,26,2,26,28,24,18,32,10,34,8,36,4,38,2,6,40,30,4,44,2,42,18,48,8,50,6,46,52,54,42,56,6,58
8876a8d69668b6c8 0 0 1507590,8,6,8,4,16,2,14,18,8,2,16,23,2,5,10,8,24,20,30,8,32,6,34,4,36,2,28,39,26,6,42,2,40,20,46,12,48,8,45,50,52,12,54,10,56,8,58
031fe076f07a3ea8 0 0 1769734,12,8,14,4,6,16,12,4,12,2,20,23,10,4,26,2,5,28,6,2,24,18,34,12,36,4,32,38,30,12,42,10,44,4,46,2,40,18,50,4,52,2,49,55,56,24,58,30,60,40,62,12,64,10,67
83c32282c2d88288 0 0 1835270,12,10,14,6,4,16,12,6,12,2,20,23,8,6,26,2,7,28,4,2,24,18,34,12,36,6,32,38,30,12,42,8,44,6,46,2,40,18,50,6,52,2,49,55,56,18,58,24,60,30,62,40,64,12,66,8,69
8888a808da708a80 0 0 1507590,12,10,14,6,3,16,12,6,20,2,3,22,6,4,26,2,4,2,28,31,10,8,34,2,24,18,38,10,37,41,32,8,44,2,42,18,48,12,46,50,52,18,54,24,56,10,58
0028c57e0d7aa4e0 0 0 1442054,12,10,14,2,9,16,6,4,5,20,9,10,22,18,26,12,28,10,30,8,32,6,2,34,24,12,38,10,36,18,42,10,40,44,46,18,48,22,50,24,52,6,54,2,56
c010c8545c8c54c8 0 0 1310982,12,6,14,4,2,16,10,8,10,6,20,22,2,5,24,18,28,12,30,8,32,6,34,4,36,2,6,38,26,6,42,2,40,18,46,4,44,49,50,18,52
f376767c47c2c2c8 0 0 1310982,12,6,14,4,2,16,10,8,9,20,2,5,22,18,26,12,28,10,30,4,32,2,6,35,24,6,38,2,36,18,42,4,40,45,46,18,48,22,50,10,52
8c30487410acd4e8 0 0 1442054,8,4,6,4,16,2,14,18,10,6,10,22,4,2,4,26,24,20,30,10,32,4,34,2,8,36,28,6,40,4,38,20,44,12,46,8,42,48,50,24,52,38,54,10,56
b5847028350cf0a0 0 0 1376518,8,4,3,14,10,8,18,6,18,20,3,4,22,16,26,10,28,4,8,30,24,6,34,4,32,16,38,12,40,6,42,4,36,44,46,16,48,8,50,6,52,4,54
c076176223dcf4c8 0 0 1573126,10,2,10,6,14,17,16,4,20,2,21,23,4,2,4,26,8,6,24,18,32,10,30,34,28,6,38,4,36,18,42,12,44,10,46,6,41,48,50,24,52,12,54,8,56,6,58,4,61
d10400081d408880 0 0 1835270,12,10,3,14,12,8,18,6,3,20,6,4,24,2,4,2,26,29,10,6,32,2,22,16,36,10,38,8,40,6,42,2,34,45,30,8,46,16,50,12,52,8,54,2,49,56,58,22,60,30,62,12,64,8,66,2,68
080d99ec44447000 0 0 1769734,12,8,14,2,10,8,18,2,16,21,12,2,12,10,26,8,25,28,6,4,6,33,30,22,36,10,38,2,18,40,34,8,44,2,42,22,48,12,50,10,52,8,54,4,46,57,58,22,60,12,62,8,64,2,66
9b992bc6936ebaa8 0 0 1704198,12,2,10,8,16,2,14,18,12,8,22,2,12,10,25,27,6,4,6,31,28,20,34,10,36,2,17,39,32,8,42,2,40,20,46,12,48,10,50,4,44,52,54,28,56,12,58,10,60,8,62,2,65
2fb4ac04ac0400a8 0 0 2228486,12,10,14,4,12,6,18,2,16,21,18,4,14,2,25,26,8,6,30,4,32,2,8,4,36,2,34,39,10,6,42,4,28,22,46,12,48,10,50,2,44,52,40,12,56,6,58,4,60,2,54,22,64,6,66,4,68,2,62,71,72,28,74,12,76,10,78,2,80
b4989de49e186ee8 0 0 2359558,12,10,14,4,12,6,18,2,16,21,18,4,14,2,25,26,8,6,30,4,32,2,8,4,36,2,34,39,10,6,42,4,28,22,46,12,48,10,50,2,44,52,40,12,56,6,58,4,60,2,54,22,64,6,66,4,68,2,62,71,72,28,74,40,76,12,78,10,80,6,82,2,84
a882da50a2282aa0 0 0 1245446,12,10,14,6,2,16,12,4,2,20,4,6,10,8,26,6,28,4,30,2,22,18,34,4,33,36,24,8,38,18,42,10,41,44,46,18,48,10,50
b9964428b9661488 0 0 1310982,12,10,14,6,2,16,12,2,2,20,4,6,10,8,26,6,22,18,30,4,29,32,24,8,34,18,38,10,40,4,42,2,37,44,46,22,48,10,50,2,52
f0d0f2087a5ad228 0 0 1376518,12,6,2,14,12,10,18,2,2,20,4,2,6,25,10,8,28,6,22,16,32,4,34,2,30,37,26,8,38,16,42,10,44,4,40,47,48,16,50,22,52,2,54
3f76f67601c8c8c8 0 0 1310982,12,6,2,14,12,10,18,2,2,20,4,2,6,25,10,8,28,6,22,16,32,4,34,2,30,37,26,8,38,16,42,10,44,4,40,47,48,26,50,6,52
002ea2ae00c02a40 0 0 1310982,12,10,14,6,2,16,12,4,2,20,4,6,10,8,26,6,28,4,30,2,22,18,34,4,33,36,24,8,38,18,42,10,41,44,46,18,48,24,50,10,52
10880e88f0e8eee8 0 0 1376518,12,10,14,6,2,16,12,2,2,20,4,6,10,8,26,6,22,18,30,4,29,32,24,8,34,18,38,10,40,4,42,2,37,44,46,22,48,24,50,10,52,2,54
fe2e3a6a94445000 0 0 2031878,10,8,14,6,16,2,14,19,16,4,22,2,22,24,4,2,5,29,8,6,26,20,34,10,36,8,38,2,32,40,30,6,44,4,46,2,42,20,50,12,52,10,54,8,56,6,58,2,48,60,62,20,64,26,66,12,68,6,70,4,72,2,74
4126676208066a60 0 0 1442054,4,2,10,4,14,16,8,4,20,2,3,22,8,6,26,2,8,28,24,18,32,12,34,10,36,4,38,2,3,41,30,12,42,18,46,10,44,49,50,24,52,12,54,4,56
be85e3a8f6e04ae0 0 0 2031878,10,4,6,2,14,16,6,4,20,2,12,10,24,2,23,26,8,6,3,30,28,18,34,12,36,2,20,39,32,8,42,6,44,4,46,2,40,18,50,12,52,10,54,8,56,4,48,59,60,28,62,32,64,40,66,12,68,10,70,8,72,2,74
fd1c1d7400123aa0 0 0 1900806,10,6,12,6,15,17,12,10,20,4,3,23,8,4,26,2,6,4,30,2,28,33,10,8,36,6,38,4,24,18,42,4,44,2,40,46,34,12,50,8,52,2,48,18,56,12,58,10,60,6,55,63,64,18,66,12,68,10,71
2ce8ab7e01b20228 0 0 2228486,10,6,14,2,12,6,18,2,16,20,12,10,24,4,3,27,8,4,30,2,6,4,34,2,32,37,10,8,40,6,42,4,44,2,28,22,48,4,50,2,47,52,38,12,56,8,54,22,60,12,62,10,64,6,58,67,68,22,70,28,72,12,74,10,76,6,78,4,81
cb82070aded84200 0 0 2031878,10,6,12,6,15,17,12,10,20,4,3,23,8,4,26,2,6,4,30,2,28,33,10,8,36,6,38,4,24,18,42,4,44,2,40,46,34,12,50,8,52,2,48,18,56,12,58,10,60,6,55,63,64,18,66,34,68,12,70,10,72,8,75
a0588c683bf024c0 0 0 2359558,10,6,14,2,12,6,18,2,16,20,12,10,24,4,3,27,8,4,30,2,6,4,34,2,32,37,10,8,40,6,42,4,44,2,28,22,48,4,50,2,47,52,38,12,56,8,54,22,60,12,62,10,64,6,58,67,68,22,70,28,72,38,74,12,76,10,78,8,80,6,82,4,85
4bf88b8cb34cdc68 0 0 2097414,12,8,14,6,16,4,7,18,3,12,10,8,24,6,26,4,28,2,5,30,6,4,34,2,22,20,38,8,40,4,42,2,37,44,32,12,48,10,50,4,46,20,54,12,56,10,58,8,60,6,62,4,52,65,66,46,68,12,70,8,72,4,74,2,76
377d417432beccc0 0 0 2031878,6,2,12,8,16,6,14,18,12,4,3,22,10,8,26,6,28,2,5,30,6,4,24,20,36,8,38,4,34,41,32,12,44,10,46,4,42,20,50,12,52,10,54,8,56,6,58,4,48,61,62,24,64,42,66,12,68,6,70,4,72,2,74
1b732e66f0e03000 0 0 2031878,6,2,12,8,16,6,14,18,12,4,3,22,10,8,26,6,28,2,5,30,6,4,24,20,36,8,38,4,34,41,32,12,44,10,46,4,42,20,50,12,52,10,54,8,56,6,58,4,48,61,62,20,64,24,66,42,68,12,70,4,72,2,74
1323afcad354b0c8 0 0 2162950,12,8,14,6,16,4,7,18,3,12,10,8,24,6,26,4,28,2,5,30,6,4,34,2,22,20,38,8,40,4,42,2,37,44,32,12,48,10,50,4,46,20,54,12,56,10,58,8,60,6,62,4,52,65,66,32,68,46,70,12,72,10,74,6,76,4,78
999a219cbd2490c0 0 0 2097414,6,2,12,8,16,6,14,18,12,4,3,22,10,8,26,6,28,2,5,30,6,4,24,20,36,8,38,4,34,41,32,12,44,10,46,4,42,20,50,12,52,10,54,8,56,6,58,4,48,61,62,24,64,32,66,42,68,12,70,10,72,8,74,4,76
46240ff4e4dcb440 0 0 2294022,12,8,14,6,16,4,7,18,3,12,10,8,24,6,26,4,28,2,5,30,6,4,34,2,22,20,38,8,40,4,42,2,37,44,32,12,48,10,50,4,46,20,54,12,56,10,58,8,60,6,62,4,52,65,66,20,68,22,70,32,72,46,74,12,76,10,78,8,80,6,82
a55d5e861ae278a0 0 0 1507590,12,10,14,8,16,4,18,2,8,4,22,2,20,25,12,2,3,28,5,6,30,26,34,10,9,36,32,8,40,6,38,26,44,12,46,6,43,49,50,26,52,12,54,8,56,6,59
5ab6da20826e7a80 0 0 1573126,8,2,12,15,6,2,12,10,20,8,22,6,24,4,26,2,18,28,4,7,30,16,34,10,36,4,38,2,8,41,32,8,44,4,42,16,48,12,50,10,52,8,46,54,56,42,58,8,60
348b079a40ee0400 0 0 2097414,12,2,8,14,4,2,12,10,20,8,22,6,24,4,18,26,6,4,5,31,8,2,28,16,36,10,38,6,35,40,32,8,44,6,46,4,48,2,42,16,52,12,54,10,56,8,58,4,60,2,50,63,64,28,66,42,68,12,70,10,72,8,74,2,77
de546040fe544040 0 0 1507590,8,2,8,14,8,6,18,4,20,2,8,4,22,25,4,2,5,29,26,16,32,8,34,6,36,2,10,39,30,6,42,4,44,2,40,16,48,12,50,10,46,52,54,16,56,12,58
2bada4d226a0d6a0 0 0 2097414,12,8,8,14,4,2,12,10,20,6,18,23,6,4,5,27,8,2,24,16,32,10,34,6,36,4,38,2,31,41,28,8,44,6,46,4,48,2,42,16,52,12,54,10,56,2,50,58,60,16,62,24,64,42,66,12,68,10,70,8,72,4,74,2,76
15a0a5e0b73e1e68 0 0 1900806,12,10,14,4,16,2,12,8,20,2,18,22,3,14,6,9,10,4,30,2,26,24,34,12,36,8,38,4,40,2,32,43,28,12,46,6,44,24,50,12,52,10,54,6,56,2,48,59,60,24,62,26,64,12,66,10,68,2,70
d1af26ec0180ba80 0 0 2031878,12,10,14,4,16,2,12,8,20,2,18,22,3,14,6,9,10,4,30,2,26,24,34,12,36,8,38,4,40,2,32,43,28,12,46,6,44,24,50,12,52,10,54,6,56,2,48,59,60,24,62,26,64,28,66,12,68,10,70,6,72,2,74
b1fba99cfa760c00 0 0 1835270,12,6,14,2,12,10,17,19,18,4,3,22,10,8,7,26,24,20,30,12,32,6,34,4,10,37,28,12,40,8,42,6,44,2,38,20,48,12,50,8,52,4,54,2,47,57,58,24,60,38,62,12,64,10,66,8,68
f5916264268e4e48 0 0 2097414,12,10,14,6,16,4,12,18,3,17,10,8,24,6,26,4,7,29,10,4,32,2,22,20,36,12,38,4,40,2,34,42,30,12,46,8,48,6,50,2,44,20,54,12,56,8,58,4,60,2,53,63,64,20,66,22,68,44,70,12,72,6,74,2,77
fa909c0020ba4e88 0 0 1769734,12,6,14,2,12,10,17,19,18,4,3,22,10,8,7,26,24,20,30,12,32,6,34,4,10,37,28,12,40,8,42,6,44,2,38,20,48,12,50,8,52,4,54,2,47,57,58,24,60,28,62,38,64,12,66
760aa94c6606ec40 0 0 2097414,12,6,14,2,12,10,18,4,17,20,3,19,10,8,26,6,28,4,7,30,10,4,24,22,36,12,38,6,40,4,35,43,32,12,46,8,48,2,44,22,52,12,54,8,56,6,58,4,60,2,50,62,64,22,66,24,68,32,70,44,72,8,74,6,77
2ca977883d443cc0 0 0 1835270,8,6,14,2,5,16,12,10,20,8,22,4,24,2,15,26,10,4,8,31,28,18,34,12,36,10,38,8,7,40,32,12,44,4,46,2,42,18,50,12,52,6,54,2,48,56,58,18,60,12,62,6,64,4,66,2,68
77f821047a08d008 0 0 1835270,8,6,4,2,15,16,12,10,20,4,14,2,22,24,10,4,28,2,8,31,6,2,26,18,36,12,38,10,34,41,32,12,44,8,46,4,42,18,50,12,52,8,54,6,49,57,58,26,60,12,62,8,64,4,66,2,69
1ab10aee38d8d888 0 0 1769734,8,6,4,2,15,16,12,10,20,4,14,2,22,24,10,4,28,2,8,31,6,2,26,18,36,12,38,10,34,41,32,12,44,8,46,4,42,18,50,12,52,8,54,6,49,57,58,18,60,26,62,12,64,8,67
c8d2787873d2cc88 0 0 1900806,8,6,14,4,4,2,16,18,12,10,22,4,16,2,24,27,10,8,30,4,32,2,8,35,6,4,38,2,28,20,42,12,44,10,41,47,36,12,50,4,48,20,54,12,56,6,58,4,53,60,62,20,64,36,66,12,68,2,71
cda359ae7eba6ac8 0 0 1835270,8,6,4,2,15,16,12,10,20,4,14,2,22,24,10,4,28,2,8,31,6,2,26,18,36,12,38,10,34,41,32,12,44,8,46,4,42,18,50,12,52,8,54,6,49,57,58,26,60,32,62,12,64,4,66,2,69
b5b8f4e8860c8c60 0 0 1769734,8,6,4,2,15,16,12,10,20,4,14,2,22,24,10,4,28,2,8,31,6,2,26,18,36,12,38,10,34,41,32,12,44,8,46,4,42,18,50,12,52,8,54,6,49,57,58,18,60,26,62,32,64,12,67
717b38a8585a78e0 0 0 1704198,8,6,14,4,16,2,6,2,19,20,12,10,24,8,26,6,16,28,10,4,32,2,8,34,6,4,30,22,40,12,42,10,44,8,38,47,36,12,50,4,48,22,54,12,56,2,52,58,60,48,62,12,64
20bd2b7a9552b440 0 0 1966342,8,6,6,4,15,16,12,10,20,6,22,4,24,2,14,2,27,28,10,4,32,2,8,35,6,2,30,18,40,12,42,10,38,44,36,12,48,8,50,4,46,18,54,12,56,8,58,2,52,60,62,30,64,46,66,12,68,8,70,4,72
c71f9a6234c83ce0 0 0 1900806,8,6,6,4,15,16,12,10,20,8,22,6,24,4,26,2,14,2,28,30,10,4,34,2,8,36,6,2,32,18,42,12,44,10,46,8,40,49,38,12,52,4,50,18,56,12,58,2,54,60,62,38,64,50,66,12,68,4,70
ac6d8038f3021ca8 0 0 1966342,8,6,6,4,15,16,12,10,20,6,22,4,24,2,14,2,27,28,10,4,32,2,8,35,6,2,30,18,40,12,42,10,38,44,36,12,48,8,50,4,46,18,54,12,56,8,58,2,52,60,62,30,64,36,66,46,68,12,70,4,72
bbc8b2cc3ac8fcc0 0 0 1835270,12,8,14,6,16,2,7,18,12,6,22,2,10,4,25,26,10,8,3,31,10,6,34,4,36,2,28,20,40,10,42,8,44,6,46,4,38,48,32,10,52,2,50,20,56,12,58,8,60,6,62,4,64,2,55,66,68
02606720ef24ce20 0 0 2097414,12,8,14,6,16,2,7,18,12,6,22,2,10,4,25,26,10,8,3,31,10,6,34,4,36,2,28,20,40,10,42,8,44,6,46,4,38,48,32,10,52,2,50,20,56,12,58,8,60,6,62,4,64,2,55,66,68,20,70,12,72,8,74,2,76
0103414c82ee32c8 0 0 1638662,8,6,14,2,12,16,12,8,20,2,5,23,10,8,3,26,14,4,24,18,32,6,34,4,30,36,28,10,38,18,42,12,44,10,46,4,48,2,40,50,52,24,54,12,56,8,58,4,60,2,63
19154e3afc8aaea0 0 0 2162950,8,2,12,8,16,2,15,19,12,6,22,2,4,2,25,26,10,8,30,6,32,4,3,35,8,4,38,2,28,20,42,6,44,4,40,47,36,10,50,4,52,2,48,20,56,12,58,10,60,8,54,62,64,20,66,28,68,12,70,10,72,6,74,4,76,2,78
57aa2a7897ca7a28 0 0 2162950,12,8,14,6,16,2,7,18,12,6,22,2,10,4,25,26,10,8,30,2,3,32,10,6,36,4,38,2,28,20,42,10,44,8,46,6,48,4,40,50,34,10,52,20,56,12,58,8,60,6,62,4,54,65,66,20,68,34,70,12,72,10,74,8,76,2,78
8999f6da28922408 0 0 2031878,8,6,12,6,16,2,14,19,12,8,22,6,24,2,5,26,10,8,3,31,14,4,34,2,28,20,38,6,40,4,36,42,32,10,46,2,44,20,50,12,52,10,54,6,56,4,58,2,49,60,62,28,64,32,66,12,68,10,70,8,72,6,75
6f949abcf3802e08 0 0 1900806,12,8,14,6,16,2,9,18,5,12,10,8,24,6,26,4,3,28,8,4,32,2,22,20,36,6,38,4,40,2,35,42,30,10,46,4,44,20,50,12,52,10,54,8,56,6,49,59,60,20,62,22,64,30,66,6,68,4,71
ee131580070a0c00 0 0 1900806,12,10,14,8,16,4,7,18,14,4,10,4,22,24,10,8,28,2,3,30,10,6,34,4,36,2,26,20,40,10,42,8,44,6,46,4,38,49,32,10,50,20,54,12,56,10,58,8,60,2,53,62,64,50,66,4,68,2,70
7fb221109a0a6408 0 0 2228486,12,6,14,4,9,17,12,8,20,4,22,2,5,24,10,8,28,6,30,4,32,2,3,35,8,4,38,2,26,18,42,6,44,4,46,2,41,49,36,10,52,4,54,2,50,18,58,12,60,10,62,6,64,4,57,66,68,26,70,50,72,12,74,8,76,6,78,2,80
43aa107052f0f420 0 0 1966342,12,10,14,8,16,4,7,18,14,4,10,4,22,24,10,8,3,29,10,6,32,4,34,2,26,20,38,10,40,8,42,6,44,4,36,47,30,10,50,2,48,20,54,12,56,10,58,8,52,61,62,30,64,48,66,10,68,4,70,2,72
6af65db6dd96f440 0 0 2031878,8,2,12,4,15,17,12,8,20,6,22,4,4,2,24,26,10,8,30,6,32,4,34,2,3,36,8,4,40,2,28,18,44,6,46,4,42,48,38,10,52,4,50,18,56,12,58,10,60,4,54,62,64,28,66,38,68,50,70,10,72,8,74
8e8fd682bf3e7e00 0 0 2097414,12,6,14,4,16,2,6,4,18,21,12,8,24,2,4,2,27,28,10,8,32,6,34,2,5,37,20,2,30,22,42,8,44,4,46,2,40,48,38,12,52,10,50,22,56,12,58,10,60,6,62,4,64,2,54,66,68,22,70,12,72,10,74,2,76
440ef4f48a0c0660 0 0 2031878,12,6,14,4,16,2,6,4,18,21,12,8,24,2,4,2,27,28,10,8,32,6,34,2,5,37,20,2,30,22,42,8,44,4,46,2,40,48,38,12,52,10,50,22,56,12,58,10,60,6,62,4,64,2,54,66,68,30,70,10,72,4,74
649ee664b73a7ec0 0 0 2031878,12,6,6,4,16,2,15,18,12,8,22,4,4,2,24,26,10,8,30,6,32,2,5,34,28,20,38,8,40,4,17,43,36,12,46,10,48,4,44,20,52,12,54,10,56,6,51,58,60,20,62,28,64,12,66,10,68,8,70,6,72,4,75
0697751615deaaa0 0 0 2228486,12,6,14,4,16,2,6,4,18,21,12,8,24,2,4,2,27,28,10,8,32,6,34,2,5,37,20,2,30,22,42,8,44,4,46,2,40,48,38,12,52,10,50,22,56,12,58,10,60,6,62,4,64,2,54,66,68,22,70,38,72,12,74,8,76,6,78,4,81
ebdcdcdcdc821428 0 0 2162950,12,6,14,4,16,2,6,4,18,21,12,8,24,2,4,2,27,28,10,8,32,6,34,2,5,37,20,2,30,22,42,8,44,4,46,2,40,48,38,12,52,10,50,22,56,12,58,10,60,6,62,4,64,2,54,66,68,30,70,38,72,8,74,6,76,2,79
fb4dd88ef1fc1200 0 0 1966342,12,6,6,4,16,2,15,18,12,8,22,4,4,2,24,26,10,8,30,6,32,2,5,34,28,20,38,8,40,4,17,43,36,12,46,10,48,4,44,20,52,12,54,10,56,6,51,58,60,20,62,28,64,36,66,12,68,4,70,2,73
e229e6786e26c088 0 0 2294022,12,8,14,6,10,8,18,6,20,4,16,23,12,10,26,8,28,4,30,2,8,4,32,35,34,2,6,4,40,2,38,43,22,2,36,24,48,4,50,2,46,52,44,12,56,8,58,2,54,24,62,12,64,10,66,6,68,4,60,70,72,36,74,54,76,12,78,4,80,2,82
e8a3bf7ca8bcbc20 0 0 2228486,12,8,10,8,16,2,15,18,12,10,22,8,24,4,26,2,8,2,29,30,8,6,34,4,36,2,9,38,32,20,42,4,44,2,17,46,40,12,50,6,52,2,48,20,56,12,58,10,60,8,62,6,64,2,54,67,68,20,70,32,72,48,74,10,76,4,78,2,80
555604a89d5e4c20 0 0 2425094,12,8,14,6,10,8,18,6,20,4,16,23,12,10,26,8,28,4,30,2,8,4,32,35,34,2,6,4,40,2,38,43,22,2,36,24,48,4,50,2,46,52,44,12,56,8,58,2,54,24,62,12,64,10,66,6,68,4,60,70,72,36,74,44,76,54,78,12,80,8,82,4,84,2,86
d388cab467ccf688 0 0 2228486,12,8,10,8,16,4,15,18,12,10,22,8,8,2,25,26,8,6,30,4,32,2,9,34,18,2,28,20,40,4,42,2,39,44,36,12,48,6,50,2,46,20,54,12,56,10,58,8,60,6,62,4,52,65,66,20,68,28,70,36,72,46,74,10,76,6,78,4,80
5c20bf340b8818a0 0 0 2162950,12,6,14,4,16,2,12,8,20,6,22,4,18,24,20,4,10,2,29,31,6,4,3,35,10,8,38,2,32,26,42,12,44,10,46,4,40,48,36,4,52,2,50,26,56,12,58,10,60,8,62,6,64,2,55,67,68,26,70,32,72,10,74,8,76,2,79
900ebfb81c4e7088 0 0 2228486,12,6,14,4,16,2,12,8,20,6,22,4,18,24,20,4,10,2,29,31,6,4,34,2,3,36,10,8,40,2,32,26,44,12,46,10,48,4,42,50,38,4,52,26,56,12,58,10,60,8,62,6,54,64,66,26,68,32,70,38,72,10,74,8,76,4,78,2,81
a88da9b03c5654a8 0 0 2228486,12,10,14,8,16,6,18,4,16,4,22,2,21,25,14,6,28,4,10,2,30,33,8,6,36,4,3,39,10,6,42,2,34,26,46,12,48,4,44,51,40,4,52,26,56,12,58,8,60,2,55,62,64,34,66,52,68,12,70,10,72,8,74,6,76,4,78,2,80
685c7f3c51123488 0 0 2294022,12,10,14,8,16,6,18,4,16,4,22,2,21,25,14,6,28,4,10,2,30,33,8,6,36,4,38,2,3,40,10,6,44,2,34,26,48,12,50,4,46,53,42,4,56,2,54,26,60,12,62,8,58,65,66,34,68,42,70,54,72,12,74,10,76,8,78,6,80,2,82
dd389d9e968cd680 0 0 2031878,8,6,14,2,3,16,12,10,20,8,20,6,24,4,26,2,22,29,10,4,32,2,8,34,6,4,38,2,30,18,42,4,44,2,41,46,36,12,50,4,48,18,54,10,56,8,58,6,53,61,62,18,64,12,66,10,68,8,70,6,72,4,75
f5ed23e645a2ba80 0 0 1769734,8,6,3,14,12,2,12,8,20,6,22,4,18,24,10,8,9,28,6,4,32,2,26,16,36,4,35,39,30,12,42,10,40,16,46,10,48,6,50,4,52,2,44,54,56,16,58,26,60,12,62,8,64,6,66
6d325f22faf04860 0 0 1966342,8,6,14,4,3,17,12,8,20,2,12,6,22,25,10,8,28,4,9,30,6,2,26,18,36,4,34,39,32,12,42,10,44,8,46,4,40,18,50,10,52,6,54,4,56,2,48,59,60,18,62,26,64,32,66,10,68,8,70,6,73
789d991a3898ae68 0 0 1900806,8,4,14,2,6,4,17,18,12,6,22,4,12,8,26,2,24,28,10,8,9,32,18,2,30,20,38,4,37,41,34,12,44,10,42,20,48,10,50,6,52,4,54,2,47,56,58,30,60,42,62,12,64,10,66,4,68,2,70
f69baa74af0e9648 0 0 1900806,8,4,14,2,7,17,12,8,20,6,12,2,23,24,10,8,28,4,9,30,6,2,26,18,36,4,34,39,32,12,42,10,44,8,46,4,40,18,50,10,52,6,54,4,56,2,49,59,60,26,62,32,64,40,66,4,68,2,70
c58a1e0ea54a7868 0 0 1769734,12,8,14,4,8,17,14,6,20,4,12,10,24,8,26,6,28,4,22,30,6,4,3,35,10,8,38,2,32,18,42,12,44,10,46,4,41,49,36,4,52,2,50,18,56,10,58,6,60,4,55,63,64,18,66
893e303cbbace448 0 0 2097414,12,8,14,4,8,17,14,6,20,4,12,10,24,8,26,6,28,4,22,30,6,4,3,35,10,8,38,2,32,18,42,12,44,10,46,4,41,49,36,4,52,2,50,18,56,10,58,6,60,4,55,63,64,18,66,32,68,12,70,8,72,6,74,4,76
74528c04577eaa88 0 0 1966342,12,8,14,4,8,17,14,6,20,4,12,10,24,8,26,6,28,4,22,30,6,4,34,2,3,36,10,8,40,2,32,18,44,12,46,10,48,4,43,51,38,4,52,18,56,10,58,6,60,4,62,2,54,64,66,18,68,38,70,4,72
916a133a853a7a60 0 0 2162950,12,8,14,4,8,17,14,6,20,4,12,10,24,8,26,6,28,4,22,30,6,4,34,2,3,36,10,8,40,2,32,18,44,12,46,10,48,4,43,51,38,4,52,18,56,10,58,6,60,4,62,2,54,64,66,18,68,32,70,38,72,12,74,8,76,6,78
585c4e2e90944a80 0 0 1966342,12,10,14,6,16,4,6,18,14,8,22,4,24,2,12,8,28,4,30,2,27,33,8,6,36,4,3,39,10,6,42,2,34,20,46,12,48,4,45,50,40,4,52,20,56,10,58,8,60,6,62,4,55,65,66,52,68,10,70,8,73
e9f04fdee414d8a0 0 0 2097414,12,10,14,6,16,4,6,18,14,8,22,6,24,4,26,2,12,8,30,6,32,4,34,2,28,36,8,4,3,40,10,6,44,2,38,20,48,12,50,4,47,52,42,4,54,20,58,10,60,8,62,4,57,64,66,38,68,54,70,12,72,10,74,2,76
2ed604566bb682a0 0 0 2294022,12,10,14,6,16,4,6,18,14,8,22,4,24,2,12,8,28,4,30,2,27,33,8,6,36,4,38,2,3,40,10,6,44,2,34,20,48,12,50,4,47,52,42,4,56,2,54,20,60,10,62,8,64,6,66,4,68,2,58,70,72,42,74,54,76,10,78,8,80,4,83
5bb52e1276102e48 0 0 2425094,12,10,14,6,16,4,6,18,14,8,22,6,24,4,26,2,12,8,30,6,32,4,34,2,28,36,8,4,40,2,3,43,10,6,46,2,38,20,50,12,52,4,49,54,44,4,58,2,56,20,62,10,64,8,66,4,68,2,60,71,72,38,74,44,76,56,78,12,80,10,82,4,84,2,86
70ed1720cab4f8e0 0 0 1835270,12,10,14,6,16,4,11,18,12,6,22,2,12,24,10,8,28,6,7,30,10,2,26,20,36,12,38,4,40,2,34,43,32,12,46,8,48,6,50,2,44,20,54,10,56,8,58,2,52,60,62,20,64,4,66,2,68
0a240bf81f9e3468 0 0 1835270,12,10,14,4,10,2,16,18,12,6,22,2,13,25,10,8,7,28,26,20,32,12,34,6,36,4,11,38,30,12,42,8,44,6,46,2,40,20,50,10,52,8,54,6,56,2,48,58,60,20,62,26,64,10,66,6,69
a0dc71245380fa00 0 0 2031878,12,10,14,6,16,4,11,18,12,6,22,2,12,24,10,8,28,6,7,30,10,2,26,20,36,12,38,4,40,2,34,43,32,12,46,8,48,6,50,2,44,20,54,10,56,8,58,2,52,60,62,20,64,32,66,10,68,8,70,4,72,2,74
fd03bf0e5d7eec80 0 0 1900806,12,10,14,4,10,2,16,18,12,6,22,2,13,25,10,8,7,28,26,20,32,12,34,6,36,4,11,38,30,12,42,8,44,6,46,2,40,20,50,10,52,8,54,6,56,2,48,58,60,20,62,26,64,30,66,8,68,6,71
ad1d5a4ee252d668 0 0 1966342,12,10,14,2,10,4,18,2,17,21,14,8,24,6,26,4,28,2,14,4,30,33,8,6,8,36,34,22,40,12,42,8,44,6,46,4,48,2,18,51,38,12,54,8,52,22,58,6,60,2,57,63,64,52,66,10,68,6,70,4,72
229883c60bfe00a0 0 0 1966342,12,10,14,2,10,4,18,2,17,21,14,8,24,4,14,4,28,2,26,30,6,9,32,22,36,12,38,8,40,4,42,2,18,44,34,12,48,6,50,2,46,22,54,8,56,6,58,2,52,60,62,32,64,46,66,12,68,4,70,2,72
5f1304742002b8c0 0 0 2097414,12,10,14,2,10,4,18,2,17,21,14,8,24,6,26,4,28,2,14,4,30,33,8,6,8,36,34,22,40,12,42,8,44,6,46,4,48,2,18,51,38,12,54,8,52,22,58,6,60,2,57,63,64,38,66,52,68,10,70,8,72,6,74,4,76
714005e4f0b088e8 0 0 1704198,12,8,14,6,16,2,14,2,18,21,12,4,24,2,12,26,10,8,30,2,3,33,6,4,28,22,38,6,40,4,42,2,36,45,34,10,48,2,46,22,52,10,54,8,56,4,51,59,60,22,62,6,64
52170f2eb8027c08 0 0 1769734,12,6,14,2,12,17,12,8,20,6,22,2,22,4,24,26,10,8,30,2,3,32,6,4,36,2,28,18,40,6,42,4,38,45,34,10,46,18,50,10,52,8,54,4,48,56,58,18,60,28,62,12,64,6,66
15d8ba8895d83a88 0 0 1835270,8,2,8,14,8,6,18,4,20,2,8,4,22,25,4,2,5,29,26,16,32,8,34,6,36,2,10,39,30,6,42,4,44,2,40,16,48,12,50,10,52,4,46,54,56,26,58,12,60,8,62,6,64,4,66,2,68
24fee696b9a06e88 0 0 1900806,12,6,14,2,12,17,12,8,20,2,20,4,23,25,10,8,28,2,3,31,6,4,34,2,26,18,38,6,40,4,36,43,32,10,46,2,44,18,50,10,52,8,54,4,49,57,58,18,60,26,62,32,64,12,66,10,68,4,70
af169690f94a8488 0 0 1900806,12,8,14,4,14,6,18,4,17,20,12,6,24,4,26,2,24,2,28,31,10,8,3,34,6,4,38,2,32,22,42,6,44,4,41,46,36,10,48,22,52,10,54,8,56,4,51,59,60,48,62,10,64,8,66,6,68,4,71
7ecec888b3b09c60 0 0 1966342,12,6,14,4,16,2,12,4,18,21,12,8,24,4,24,2,27,29,10,8,32,2,3,34,6,4,38,2,30,22,42,6,44,4,40,47,36,10,48,22,52,10,54,8,56,4,51,58,60,30,62,48,64,12,66,10,68,8,70,6,73
796f3efaabf6a8a0 0 0 2097414,12,4,12,6,16,4,18,2,15,20,12,8,24,6,26,4,26,2,28,30,10,8,34,2,3,37,6,4,40,2,32,22,44,6,46,4,42,49,38,10,52,2,50,22,56,10,58,8,60,4,54,63,64,32,66,38,68,50,70,12,72,8,74,4,76
d5e1f8967a82a8a0 0 0 1507590,12,4,3,15,12,10,18,8,9,21,6,4,5,24,22,16,28,10,30,4,32,2,5,34,26,8,38,6,40,2,36,16,44,12,46,10,48,4,43,51,52,22,54,12,56,8,59
73c58cacc8d4c8e8 0 0 1769734,4,2,12,14,8,4,12,10,20,8,22,4,18,24,6,2,5,28,26,16,32,10,34,4,36,2,5,38,30,8,42,6,44,4,40,16,48,12,50,10,52,4,47,55,56,26,58,40,60,12,62,10,64,8,67
9278ab728f564aa0 0 0 1835270,4,2,12,14,8,4,12,10,20,8,18,22,6,2,5,26,24,16,30,10,32,2,5,34,28,8,38,6,40,4,36,16,44,12,46,10,43,49,50,24,52,28,54,36,56,12,58,10,60,8,62,6,64,4,66,2,69
41cd4c323282a628 0 0 1376518,4,2,12,6,15,16,8,6,20,4,7,22,10,4,5,26,24,18,30,12,32,8,34,6,36,2,2,38,28,12,42,10,40,18,46,8,44,48,50,18,52,6,54
3c3d2f4823784028 0 0 1900806,4,2,12,8,16,2,15,19,6,4,8,6,24,4,23,26,10,8,30,6,32,4,34,2,5,36,28,20,40,12,42,4,2,45,38,12,48,10,50,4,46,20,54,8,56,4,53,58,60,28,62,12,64,6,66,4,68,2,71
4efbbffefb4e9c88 0 0 1573126,4,2,12,6,15,16,8,6,20,4,7,22,10,4,5,26,24,18,30,12,32,8,34,6,36,2,2,38,28,12,42,10,40,18,46,8,44,48,50,18,52,24,54,8,56,6,58,4,60
b85ef0661da45aa0 0 0 1507590,4,2,12,6,15,16,8,6,20,4,7,22,10,4,5,26,24,18,30,12,32,8,34,6,36,2,2,38,28,12,42,10,40,18,46,8,44,48,50,18,52,28,54,10,56,6,58
2be964f8154eaaa0 0 0 1835270,4,2,12,6,16,4,18,2,15,21,6,2,8,6,26,4,24,28,5,10,30,22,34,12,36,8,38,6,40,4,42,2,2,44,32,12,48,10,46,22,52,8,54,2,50,57,58,30,60,32,62,12,64,10,66,6,68
e649b61eb9d02028 0 0 1966342,4,2,12,8,16,4,15,18,6,4,22,2,8,6,26,4,24,28,10,8,32,6,34,2,5,36,30,20,40,12,2,43,38,12,46,10,48,4,44,20,52,8,54,4,56,2,51,59,60,20,62,30,64,38,66,10,68,8,70,6,73
d3212d9cc33e0e40 0 0 1769734,4,2,12,6,16,2,15,18,6,2,8,6,24,4,22,26,10,4,5,30,28,20,34,12,36,8,38,6,40,2,2,43,32,12,46,10,44,20,50,8,52,2,49,55,56,44,58,12,60,8,62,6,64,2,67
6dd8d81e4e929268 0 0 1769734,4,2,12,6,16,2,15,18,6,2,8,6,24,4,22,26,10,4,5,30,28,20,34,12,36,8,38,6,40,2,2,43,32,12,46,10,44,20,50,8,52,2,49,55,56,28,58,44,60,12,62,8,64,2,67
3aaa2b020c008e08 0 0 1573126,4,2,12,6,16,4,15,19,8,6,22,4,7,24,5,10,26,20,30,12,32,8,34,6,36,4,38,2,2,41,28,12,44,10,42,20,48,8,47,50,52,20,54,26,56,42,58,4,60
9ab076ca7ac67aa0 0 0 1900806,4,2,12,6,16,2,15,18,6,2,8,6,24,4,22,26,10,4,5,30,28,20,34,12,36,8,38,6,40,2,2,43,32,12,46,10,44,20,50,8,52,2,49,55,56,32,58,44,60,12,62,10,64,8,66,6,68,2,71
9a4386ec24ecc440 0 0 1900806,4,2,12,6,16,2,15,18,6,2,8,6,24,4,22,26,10,4,5,30,28,20,34,12,36,8,38,6,40,2,2,43,32,12,46,10,44,20,50,8,52,2,49,55,56,28,58,32,60,44,62,12,64,10,66,8,68,2,71
caa2024c38a03c28 0 0 1704198,4,2,12,6,16,4,15,19,8,6,22,4,7,24,5,10,26,20,30,12,32,8,34,6,36,4,38,2,2,41,28,12,44,10,42,20,48,8,47,50,52,20,54,26,56,28,58,42,60,10,62,4,64
028822582788a2a8 0 0 1769734,4,2,10,4,14,16,6,4,3,20,6,2,8,6,24,26,22,18,30,12,32,10,34,8,36,4,3,38,28,12,42,8,44,2,40,18,48,10,47,51,52,22,54,28,56,12,58,8,60,6,62,4,64,2,67
809a7b6a9a809420 0 0 1376518,10,4,10,2,14,16,10,6,20,4,3,22,8,6,6,26,24,18,30,12,32,10,34,6,3,36,28,12,40,6,38,18,44,4,43,47,48,24,50,38,52,6,55
6a2a482a482a4880 0 0 1638662,10,2,10,8,14,16,12,10,20,8,22,4,3,24,6,4,3,28,26,18,32,12,34,8,7,36,30,6,40,4,42,2,38,18,46,8,48,4,50,2,45,53,54,26,56,12,58,4,60,2,63
e3f06c0a87946e08 0 0 1507590,12,6,2,14,12,10,18,2,2,20,4,2,6,25,10,8,28,6,22,16,32,4,34,2,30,37,26,8,38,16,42,10,44,4,40,47,48,16,50,22,52,26,54,6,56,2,58
3ec3860ce3964ac0 0 0 1638662,12,6,14,2,2,17,12,10,20,4,2,22,4,2,6,27,10,8,30,4,24,18,34,4,36,2,32,39,28,8,42,6,40,18,46,12,48,10,50,6,45,53,54,18,56,12,58,8,60,6,63
30738a0afbb80888 0 0 1376518,12,10,14,8,16,4,2,18,12,2,2,23,4,6,10,4,24,20,30,4,28,32,26,8,34,20,38,12,40,6,42,4,37,45,46,24,48,12,50,8,52,6,55
1e896ea814dccea8 0 0 1704198,12,10,14,8,16,4,2,18,12,8,22,4,2,25,4,6,10,8,30,2,26,20,34,4,32,36,28,8,38,20,42,12,44,8,46,6,48,2,41,51,52,20,54,26,56,12,58,8,60,6,62,2,65
5b48aae259e002e0 0 0 1573126,2,12,12,10,16,6,18,4,2,20,6,2,4,25,10,8,28,6,30,2,22,14,34,4,33,36,26,8,40,4,38,14,44,12,46,10,43,49,50,22,52,38,54,12,56,10,58,8,61
aeabc2c266369868 0 0 1442054,2,12,12,10,16,6,18,2,2,20,6,4,4,25,10,8,28,6,22,14,32,4,30,34,26,8,36,14,40,12,42,10,38,45,46,14,48,22,50,36,52,8,54,2,56
0f3732200a626220 0 0 1835270,2,12,12,10,16,6,2,19,6,4,22,2,4,24,10,8,28,6,30,4,32,2,20,14,36,4,34,38,26,8,42,4,40,14,46,12,48,10,45,51,52,20,54,26,56,40,58,12,60,10,62,8,64,4,66,2,69
a5d20a3c7d8296a0 0 0 1507590,2,12,12,10,16,6,18,2,2,20,6,4,4,25,10,8,28,6,22,14,32,4,30,34,26,8,36,14,40,12,42,10,38,45,46,14,48,22,50,26,52,36,54,8,56,2,58
f4f5db22dcee0600 0 0 1900806,12,6,14,4,13,16,12,8,20,6,6,4,22,25,10,8,28,6,30,4,32,2,4,34,24,2,26,18,40,4,38,42,36,12,46,8,48,6,50,2,44,18,54,10,56,2,53,59,60,18,62,12,64,10,66,8,68,2,71
4762fd4e02720448 0 0 1900806,12,6,14,4,13,16,12,8,20,6,6,4,22,25,10,8,28,6,30,4,32,2,4,34,24,2,26,18,40,4,38,42,36,12,46,8,48,6,50,2,44,18,54,10,56,2,53,59,60,26,62,10,64,6,66,4,68,2,71
f0069bd4d73c7088 0 0 2031878,12,6,14,4,13,16,12,8,20,6,6,4,22,25,10,8,28,6,30,2,4,33,24,2,26,18,38,4,36,40,34,12,44,8,46,6,48,2,42,18,52,10,54,4,56,2,51,58,60,18,62,26,64,12,66,10,68,8,70,6,72,4,74
43e6094276262668 0 0 2031878,12,6,14,4,13,16,12,8,20,6,6,4,22,25,10,8,28,6,30,4,32,2,4,34,24,2,26,18,40,4,38,42,36,12,46,8,48,6,50,2,44,18,54,10,56,2,53,59,60,18,62,36,64,12,66,10,68,8,70,4,72,2,75
db13ead2dc7232a0 0 0 1900806,12,6,14,4,13,16,12,8,20,6,6,4,22,25,10,8,28,6,30,4,32,2,4,34,24,2,26,18,40,4,38,42,36,12,46,8,48,6,50,2,44,18,54,10,56,2,53,59,60,26,62,36,64,10,66,6,68,2,71
7463ed8839667aa8 0 0 2031878,12,6,14,4,13,16,12,8,20,6,6,4,22,25,10,8,28,6,30,2,4,33,24,2,26,18,38,4,36,40,34,12,44,8,46,6,48,2,42,18,52,10,54,4,56,2,51,58,60,18,62,26,64,34,66,12,68,10,70,8,72,6,74
dd3372143d183260 0 0 1900806,12,6,14,4,16,2,12,2,18,21,12,8,24,6,6,4,27,29,10,8,32,6,34,2,4,37,28,2,30,22,42,4,40,44,38,12,48,8,50,6,52,2,46,22,56,10,58,4,54,61,62,30,64,46,66,6,68,2,71
670dc0f4cd0e06a8 0 0 2031878,12,6,14,4,16,2,12,2,18,21,12,8,24,6,6,4,27,29,10,8,32,6,34,2,4,37,28,2,30,22,42,4,40,44,38,12,48,8,50,6,52,2,46,22,56,10,58,4,54,61,62,30,64,38,66,46,68,6,70,4,72,2,75
aaa8d2a892e0eae0 0 0 1573126,10,8,14,4,12,8,18,4,20,2,16,22,12,4,12,10,28,8,27,31,4,6,16,2,32,24,38,4,36,40,34,8,42,24,46,8,48,6,50,4,52,2,45,55,56,8,58,6,61
8ef0a1285a1eeca0 0 0 2031878,10,6,14,2,12,4,17,19,12,8,22,4,12,10,26,8,28,6,30,4,32,2,25,34,6,4,38,2,4,40,36,20,44,4,15,46,42,8,50,2,48,20,54,8,56,6,58,2,52,60,62,20,64,12,66,10,68,8,70,6,72,2,75
aeaf84eee8408080 0 0 1900806,10,6,14,2,12,8,18,4,16,21,12,4,12,10,26,6,28,4,30,2,25,33,6,2,4,37,34,22,40,4,14,42,38,8,46,2,44,22,50,8,52,6,54,4,56,2,48,59,60,34,62,12,64,10,66,6,68,4,71
89ea2950d9ea2600 0 0 1900806,10,6,14,2,12,8,18,4,20,2,16,22,12,4,26,2,12,10,30,6,32,4,28,34,6,2,4,39,36,24,42,4,14,44,40,8,48,2,46,24,52,8,54,6,56,4,58,2,50,61,62,24,64,36,66,12,68,4,70
d157c96617e6f028 0 0 1769734,12,8,10,8,14,17,12,4,20,2,12,10,24,8,26,4,28,2,22,31,6,2,4,35,16,2,32,18,40,4,39,42,36,8,46,4,44,18,50,12,52,10,54,8,56,6,48,58,60,18,62,12,64,8,66
7cb1fe36f9788400 0 0 1704198,12,8,14,2,10,8,18,2,16,20,12,10,24,8,26,2,13,29,6,4,4,33,30,22,36,4,18,38,34,8,40,22,44,12,46,10,48,8,50,6,52,2,43,54,56,30,58,8,60,6,62,2,65
2716d686673096a0 0 0 1900806,12,8,10,8,14,17,12,4,20,2,12,10,24,8,26,4,28,2,22,31,6,4,34,2,4,36,16,2,32,18,42,4,41,44,38,8,48,4,46,18,52,12,54,10,56,8,58,6,60,4,50,63,64,18,66,32,68,12,70
eaaaa04ee6564400 0 0 1900806,12,8,10,8,14,17,12,4,20,2,12,10,24,8,26,4,28,2,22,31,6,2,4,35,16,2,32,18,40,4,39,42,36,8,46,4,44,18,50,12,52,10,54,8,56,6,48,58,60,18,62,36,64,12,66,8,68,4,70
869a69d08d783868 0 0 1769734,12,8,14,2,10,8,18,2,16,20,12,10,24,8,26,2,13,29,6,4,4,33,30,22,36,4,18,38,34,8,40,22,44,12,46,10,48,8,50,6,52,2,43,54,56,30,58,34,60,8,62,6,64,2,67
bc54c454f8408040 0 0 1442054,10,8,8,14,12,6,18,2,2,20,6,4,24,2,6,2,26,28,22,16,32,2,4,34,30,6,36,16,40,8,42,6,44,4,38,46,48,16,50,22,52,8,54,2,56
6874d4cc68307e88 0 0 1966342,10,6,14,4,12,17,12,8,20,4,22,2,12,10,26,8,28,6,30,2,24,33,6,2,4,37,16,2,34,18,42,4,41,44,38,8,48,4,46,18,52,12,54,10,56,8,58,4,50,60,62,18,64,34,66,38,68,12,70,8,72
e3284c8813284c88 0 0 1573126,10,6,14,4,8,16,12,8,2,20,6,4,24,2,7,26,4,2,22,18,32,2,31,34,28,6,38,2,36,18,42,8,44,6,46,4,41,48,50,18,52,28,54,8,56,4,58,2,60
990207383ef00a60 0 0 1835270,12,10,14,8,16,4,18,2,10,8,22,2,21,25,14,2,12,8,29,30,6,4,34,2,4,36,32,26,40,4,23,42,38,8,46,4,48,2,44,26,52,12,54,8,56,6,58,2,50,60,62,44,64,12,66,10,69
b2085f6c81084e28 0 0 2097414,12,10,14,6,10,6,18,4,20,2,16,22,14,8,26,6,28,4,12,8,32,2,30,34,6,4,38,2,4,40,36,24,44,4,20,46,42,8,50,4,52,2,48,24,56,12,58,8,60,6,54,62,64,36,66,48,68,12,70,10,72,6,74,4,76
054327ae85da58c8 0 0 2162950,12,6,14,4,16,2,10,8,20,2,18,23,12,8,12,10,28,2,27,30,4,2,6,2,35,37,32,24,40,4,42,2,21,45,38,8,48,6,50,4,46,24,54,12,56,10,58,6,60,4,62,2,53,64,66,24,68,32,70,46,72,8,74,4,76,2,79
919c96d48cb2a628 0 0 1966342,12,10,14,8,16,4,18,2,10,8,22,2,21,25,14,2,12,8,29,30,6,4,34,2,4,36,32,26,40,4,23,42,38,8,46,4,48,2,44,26,52,12,54,8,56,6,58,2,50,60,62,38,64,44,66,12,68,10,70,4,73
f78feb8008521408 0 0 2162950,12,10,14,6,10,8,18,6,20,4,22,2,16,24,14,8,28,6,30,4,12,2,32,34,6,2,4,39,36,26,42,4,22,44,40,8,48,4,50,2,46,26,54,12,56,6,58,4,52,61,62,36,64,40,66,46,68,12,70,10,72,8,74,6,76,2,78
4fbb323ce2f06088 0 0 2162950,12,6,14,4,16,2,10,8,20,2,18,23,12,8,12,10,28,2,27,30,4,2,6,2,35,37,32,24,40,4,42,2,21,45,38,8,48,6,50,4,46,24,54,12,56,10,58,6,60,4,62,2,53,64,66,24,68,32,70,38,72,46,74,8,76,6,78
a89955a8887a5cc8 0 0 1704198,12,6,14,2,15,16,12,8,20,2,21,22,10,8,26,6,28,4,30,2,4,33,6,4,24,18,38,4,37,40,34,12,44,8,46,6,48,4,50,2,42,18,54,10,53,56,58,18,60,10,62,2,64
2d4394a05e6aa460 0 0 1704198,12,6,14,2,15,16,12,8,20,2,21,22,10,8,26,6,28,4,30,2,4,33,6,4,24,18,38,4,37,40,34,12,44,8,46,6,48,4,50,2,42,18,54,10,53,56,58,24,60,10,62,2,64
5f37d434b1045040 0 0 1835270,12,6,14,4,16,2,17,18,12,8,22,4,24,2,25,26,10,8,30,6,32,2,4,35,6,4,38,2,28,20,42,4,40,44,36,12,48,8,50,6,52,2,46,20,56,10,58,4,55,60,62,20,64,28,66,10,68
da1e00722b10fe40 0 0 1966342,12,6,14,4,16,2,17,18,12,8,22,4,24,2,25,26,10,8,30,6,32,2,4,35,6,4,38,2,28,20,42,4,40,44,36,12,48,8,50,6,52,2,46,20,56,10,58,4,55,60,62,20,64,36,66,10,68,4,70,2,72
2d0ef15e01881e28 0 0 1966342,12,6,14,4,16,2,17,18,12,8,22,4,24,2,25,26,10,8,30,6,32,2,4,35,6,4,38,2,28,20,42,4,40,44,36,12,48,8,50,6,52,2,46,20,56,10,58,4,55,60,62,28,64,36,66,10,68,4,70,2,72
450ca0aa98a642c0 0 0 1966342,12,6,14,4,16,2,17,18,12,8,22,4,24,2,25,26,10,8,30,6,32,2,4,35,6,4,38,2,28,20,42,4,40,44,36,12,48,8,50,6,52,2,46,20,56,10,58,4,55,60,62,20,64,28,66,36,68,10,70,4,72
10ebdeaac1b23cc0 0 0 1966342,12,10,14,8,16,6,18,4,20,2,10,6,24,2,22,27,14,6,30,4,27,32,6,2,4,37,34,28,40,12,42,10,44,8,46,6,48,2,24,50,38,8,52,28,56,12,58,6,55,60,62,28,64,12,66,10,68,8,70,4,72
73931be2514ec6c0 0 0 1835270,8,2,8,14,8,6,18,4,20,2,8,4,22,25,4,2,5,29,26,16,32,8,34,6,36,2,10,39,30,6,42,4,44,2,40,16,48,12,50,10,52,4,46,54,56,16,58,26,60,12,62,6,64,4,66,2,68
82fe8778ff86fa00 0 0 1376518,12,8,4,14,10,8,18,2,9,20,8,6,24,2,3,26,4,2,22,16,32,12,34,10,36,8,38,4,40,2,31,43,28,6,46,4,44,16,50,10,48,52,54
c9e63e8033ecce80 0 0 1442054,4,13,10,8,16,4,18,2,9,20,8,6,24,2,3,26,4,2,22,14,32,12,34,10,36,2,31,38,28,6,42,4,40,14,46,10,48,4,44,50,52,14,54,4,56
b56cde90bd94d668 0 0 1638662,12,8,14,4,16,2,4,18,10,8,9,23,8,6,26,2,3,28,4,2,24,20,34,12,36,10,38,8,40,2,33,42,30,6,46,4,44,20,50,10,52,2,48,55,56,24,58,10,60,8,63
9c5dfe6e99589808 0 0 1573126,4,12,10,8,16,2,9,19,8,6,22,2,3,24,4,2,20,14,30,12,32,10,34,4,36,2,29,38,26,6,42,4,40,14,46,10,44,49,50,14,52,20,54,10,56,4,58,2,61
1ee38f727002d2a0 0 0 1900806,12,8,14,2,4,16,10,8,20,4,22,2,9,25,8,6,28,2,3,30,4,2,26,18,36,12,38,10,40,8,35,42,32,6,46,4,44,18,50,10,52,4,48,55,56,18,58,26,60,32,62,10,64,6,66,4,68,2,71
aa44039a87dea600 0 0 1310982,12,10,6,15,8,6,18,2,10,8,20,23,8,4,3,26,6,2,24,16,32,12,34,2,31,36,28,4,38,16,42,10,44,6,41,46,48,38,50,10,52
652cb1f824f4f020 0 0 1769734,6,4,12,4,14,16,12,10,20,6,22,4,20,24,10,8,28,4,30,2,30,32,14,2,26,18,38,10,40,2,36,42,34,10,46,8,48,2,44,18,52,12,54,10,56,6,58,2,50,60,62,18,64,4,66
ed7c342a4dfe94a8 0 0 1835270,12,8,14,6,16,4,10,6,18,20,12,6,24,4,26,2,20,29,4,2,6,33,20,2,30,22,38,12,40,8,42,6,44,2,37,47,34,8,48,22,52,12,54,10,56,6,50,58,60,22,62,30,64,10,66,6,68
5140de3001108e60 0 0 1179910,8,10,12,10,16,4,8,18,12,6,22,2,22,24,8,2,20,14,30,10,32,8,34,4,28,36,26,6,38,14,42,4,40,44,46,14,48
f626be96e2920088 0 0 1966342,12,10,14,8,16,6,18,4,20,2,10,6,24,2,22,27,14,6,30,4,27,32,6,2,4,37,34,28,40,12,42,10,44,8,46,6,48,2,24,50,38,8,52,28,56,12,58,6,55,60,62,28,64,38,66,12,68,10,70,8,72
9e3cf6e89af4f220 0 0 1835270,12,8,14,6,16,4,10,6,18,20,12,6,24,4,26,2,20,29,4,2,6,33,20,2,30,22,38,12,40,8,42,6,44,2,37,47,34,8,48,22,52,12,54,10,56,6,50,58,60,22,62,30,64,34,66,10,68
348e160ee042e0e0 0 0 1507590,12,10,14,8,16,2,16,18,12,2,2,22,6,4,8,27,4,2,24,20,32,12,34,10,30,36,28,12,40,4,42,2,38,20,46,10,48,6,50,4,44,53,54,24,56,2,58
e840ba3828a28020 0 0 2097414,12,10,14,8,16,6,18,2,18,20,12,2,2,24,8,6,6,4,29,31,4,2,26,22,36,12,38,10,40,2,34,43,32,12,46,4,48,2,44,22,52,10,54,6,56,4,58,2,50,60,62,22,64,26,66,12,68,10,70,8,72,6,74,2,76
5810fc4810107448 0 0 1966342,12,10,14,8,16,6,18,4,20,2,20,22,12,2,2,26,8,6,6,4,31,33,4,2,28,24,38,12,40,10,42,4,36,45,34,12,48,4,50,2,46,24,54,10,56,6,52,58,60,28,62,34,64,8,66,6,68,4,70,2,73
fffbba820efaf8c0 0 0 2097414,12,10,14,8,16,6,18,2,18,20,2,13,8,6,6,4,28,2,27,30,24,22,34,12,36,10,38,2,5,41,32,12,44,4,46,2,42,22,50,10,52,6,54,4,56,2,48,58,60,22,62,24,64,32,66,12,68,10,70,8,72,6,74,4,76
c3e3be16d47ce840 0 0 1769734,12,10,14,2,14,16,12,8,2,20,6,4,8,24,22,18,28,12,30,10,32,8,34,2,5,36,26,12,40,8,42,4,44,2,38,18,48,10,50,6,52,4,47,54,56,26,58,38,60,8,62,6,64,2,66
0a91a808b18aa8a8 0 0 2556166,12,10,14,4,16,2,16,18,12,8,22,6,24,2,2,26,8,6,6,4,32,2,31,35,4,2,28,20,40,12,42,10,44,8,46,6,48,4,38,51,36,12,54,8,56,6,58,4,60,2,52,20,64,10,66,6,68,2,62,70,72,20,74,28,76,36,78,52,80,12,82,10,84,8,86,4,88,2,91
72082208f208a208 0 0 1638662,12,8,2,14,10,8,8,6,20,4,22,2,18,24,6,4,28,2,28,30,6,2,26,16,36,10,38,8,40,4,35,43,32,4,44,16,48,8,50,2,47,52,54,16,56,44,58,8,60,2,62
8762928898628288 0 0 1835270,12,10,14,4,14,16,12,8,20,4,20,22,6,4,26,2,8,29,4,2,24,18,34,12,36,10,38,8,40,4,32,42,30,12,46,8,48,4,50,2,44,18,54,10,56,6,58,2,52,61,62,18,64,12,66,10,68
43712c2842306c28 0 0 2228486,12,10,14,4,14,16,12,8,20,6,22,4,23,25,8,6,6,4,30,2,29,33,4,2,26,18,38,12,40,10,42,8,44,6,46,4,36,49,34,12,52,8,54,6,56,4,58,2,50,18,62,10,64,6,66,2,61,69,70,26,72,12,74,8,76,6,78,4,81
4cc48d8263448828 0 0 2294022,12,10,14,4,14,16,12,8,20,6,22,4,23,25,8,6,6,4,30,2,29,33,4,2,26,18,38,12,40,10,42,8,44,6,46,4,36,49,34,12,52,8,54,6,56,4,58,2,50,18,62,10,64,6,66,2,61,69,70,18,72,26,74,10,76,8,78,6,80,4,83
ec22d220f9b40420 0 0 2425094,12,10,14,4,14,16,12,8,20,6,22,4,23,25,8,6,6,4,30,2,29,33,4,2,26,18,38,12,40,10,42,8,44,6,46,4,36,49,34,12,52,8,54,6,56,4,58,2,50,18,62,10,64,6,66,2,61,69,70,18,72,34,74,12,76,10,78,8,80,6,82,4,84,2,87
0aefcd80ef0a82c0 0 0 2162950,12,10,14,4,14,16,12,8,20,6,22,4,23,25,8,6,6,4,30,2,29,33,4,2,26,18,38,12,40,10,42,8,44,6,46,4,36,49,34,12,52,8,54,6,56,4,58,2,50,18,62,10,64,6,66,2,61,69,70,26,72,34,74,12,76,2,78
1226f64296ae50e8 0 0 2228486,12,10,14,4,14,16,12,8,20,6,22,4,23,25,8,6,6,4,30,2,29,33,4,2,26,18,38,12,40,10,42,8,44,6,46,4,36,49,34,12,52,8,54,6,56,4,58,2,50,18,62,10,64,6,66,2,61,69,70,18,72,26,74,34,76,10,78,2,80
f44470b094749808 0 0 1769734,12,10,14,8,16,4,16,18,12,4,13,23,6,4,8,27,4,2,24,20,32,12,34,10,30,36,28,12,40,4,42,2,38,20,46,10,48,6,50,4,45,52,54,24,56,38,58,12,60,6,62,4,64,2,67
20efc9fcf78614c0 0 0 1966342,12,10,14,8,16,6,18,4,18,20,12,4,13,25,8,6,6,4,29,31,4,2,26,22,36,12,38,10,40,4,34,43,32,12,46,4,48,2,44,22,52,10,54,6,51,57,58,22,60,26,62,44,64,10,66,8,68,4,70,2,73
43f61e6856f65e68 0 0 1900806,12,10,14,8,16,4,16,18,12,4,13,23,6,4,8,27,4,2,24,20,32,12,34,10,30,36,28,12,40,4,42,2,38,20,46,10,48,6,50,4,45,52,54,20,56,24,58,28,60,38,62,10,64,6,66,4,68,2,71
f89fc0b49ff83ee0 0 0 2359558,12,10,14,8,16,4,16,18,12,8,22,6,24,4,25,27,6,2,8,4,32,2,30,35,4,2,28,20,40,12,42,10,44,8,46,6,48,4,50,2,38,52,36,12,56,8,58,6,60,4,62,2,54,20,66,10,68,8,70,4,65,72,74,28,76,12,78,8,80,6,82,4,85
a632320cc15a4c28 0 0 2359558,12,10,14,8,16,4,16,18,12,8,22,6,24,4,25,27,6,2,8,4,32,2,30,35,4,2,28,20,40,12,42,10,44,8,46,6,48,4,50,2,38,52,36,12,56,8,58,6,60,4,62,2,54,20,66,10,68,8,70,4,65,72,74,20,76,28,78,10,80,6,82,4,85
7381d0aafc24f0a0 0 0 2359558,12,10,14,8,16,4,18,2,16,21,12,8,24,6,26,4,28,2,27,30,6,2,8,4,34,36,32,22,40,12,42,10,44,8,46,6,48,4,5,51,38,12,54,8,56,6,58,4,52,22,62,10,64,8,66,4,68,2,60,71,72,32,74,38,76,12,78,6,80,4,82,2,84
7eced21a8c4c70c8 0 0 2425094,12,10,14,8,16,4,18,2,16,2,20,22,12,8,26,6,28,4,29,31,6,2,8,4,36,2,34,39,4,2,32,24,44,12,46,10,48,8,50,6,42,52,40,12,56,8,58,6,60,4,62,2,54,24,66,10,68,8,70,2,65,72,74,24,76,32,78,40,80,10,82,4,84,2,87
258485608a941a40 0 0 2097414,12,10,14,8,16,4,16,18,12,6,22,4,24,2,22,2,26,28,8,6,32,2,6,4,35,37,4,2,30,20,42,12,44,10,46,6,48,2,40,51,38,12,54,6,56,4,52,20,60,10,62,6,58,64,66,20,68,30,70,52,72,10,74,8,76
ab1e82d21a5ad288 0 0 2031878,12,10,14,8,16,4,16,18,12,6,22,4,24,2,22,2,26,28,8,6,32,2,6,4,35,37,4,2,30,20,42,12,44,10,46,6,48,2,40,51,38,12,54,6,56,4,52,20,60,10,62,6,58,64,66,38,68,52,70,8,72,4,75
eaf4dd78a5e4d228 0 0 2359558,12,10,14,8,16,6,18,4,20,2,18,2,22,24,12,6,28,4,30,2,28,2,32,34,8,2,6,4,38,41,4,2,36,26,46,12,48,10,50,6,44,52,42,12,56,6,58,4,54,26,62,10,64,6,66,2,60,69,70,36,72,42,74,54,76,12,78,8,80,4,82,2,84
60ea60a6e868ac60 0 0 2359558,12,10,14,8,16,6,18,4,18,20,12,6,24,4,26,2,24,2,28,30,8,2,6,4,34,37,4,2,32,22,42,12,44,10,46,6,48,4,50,2,40,52,38,12,56,6,58,4,54,22,62,10,64,6,66,4,60,69,70,22,72,32,74,38,76,54,78,10,80,6,82,2,84
218a2ad4a10a16e8 0 0 1638662,12,10,14,6,3,16,12,8,20,2,20,23,4,6,10,6,24,18,30,12,32,10,34,6,36,4,38,2,29,41,26,8,42,18,46,10,48,8,50,4,52,2,45,55,56,24,58,12,60,10,62
a55240b807f038c0 0 0 1704198,12,10,14,6,3,16,12,8,20,2,20,23,4,6,10,6,24,18,30,12,32,10,34,6,36,4,38,2,29,41,26,8,42,18,46,10,48,8,50,4,52,2,45,55,56,24,58,26,60,12,62,10,64
5797b82866a69000 0 0 1638662,12,10,14,2,3,16,12,4,20,2,21,22,4,6,10,8,28,4,30,2,24,18,34,12,36,10,38,4,32,41,26,8,42,18,46,12,48,6,45,51,52,18,54,12,56,10,58,8,60,6,63
0575ce4e70f0f888 0 0 1573126,12,10,14,2,3,16,12,4,20,2,21,22,4,6,10,8,28,4,30,2,24,18,34,12,36,10,38,4,32,41,26,8,42,18,46,12,48,6,45,51,52,24,54,8,56,6,58,2,61
e59cb882cd969088 0 0 1835270,12,10,14,4,3,16,12,4,20,2,21,22,4,6,10,8,28,2,24,18,32,12,34,10,36,2,31,39,26,8,40,18,44,12,46,6,48,2,43,50,52,18,54,24,56,12,58,10,60,8,62,6,64,4,66,2,69
fc2c2a0a04d40828 0 0 1442054,12,10,3,14,12,2,13,18,6,4,4,23,10,8,20,16,28,12,30,10,32,4,34,2,26,37,24,8,38,16,42,12,44,6,41,46,48,20,50,24,52,6,54,2,56
a93bf51818baaa88 0 0 1769734,12,2,13,14,12,8,18,4,20,2,21,22,10,8,26,6,28,2,4,31,6,4,34,2,24,16,38,4,40,2,36,43,32,12,46,8,48,6,50,2,44,16,54,10,56,6,53,58,60,16,62,24,64,10,66
8d80efea24408640 0 0 1900806,12,2,13,14,12,8,18,4,20,2,21,22,10,8,26,6,28,2,4,31,6,4,34,2,24,16,38,4,40,2,36,43,32,12,46,8,48,6,50,2,44,16,54,10,56,6,53,58,60,16,62,24,64,32,66,10,68,4,70
62ccca02bd6026c8 0 0 1704198,4,2,10,4,14,16,6,4,3,20,6,2,8,6,24,26,22,18,30,12,32,10,34,8,36,4,38,2,3,40,28,12,44,8,42,18,48,10,47,51,52,18,54,22,56,42,58,10,60,6,62,4,65
c547c66c58524ae0 0 0 1769734,10,4,14,2,10,16,10,6,20,4,22,2,3,24,8,6,6,28,26,18,32,12,34,10,36,6,38,4,40,2,3,42,30,12,46,6,48,2,44,18,52,4,51,55,56,26,58,12,60,10,62,6,64,2,67
83542b10bf40ac40 0 0 1769734,10,4,14,2,10,16,10,6,20,4,22,2,3,24,8,6,6,28,26,18,32,12,34,10,36,6,38,4,40,2,3,42,30,12,46,6,48,2,44,18,52,4,51,55,56,26,58,30,60,12,62,10,64,2,67
9210ba10c8404040 0 0 1704198,12,10,14,4,6,16,8,6,20,2,10,8,24,4,22,26,8,4,3,30,6,2,28,18,36,12,38,2,35,40,32,4,42,18,46,10,48,6,50,4,45,53,54,18,56,42,58,10,60,6,62,4,65
65d0ab5eaebe7828 0 0 1638662,12,10,14,6,16,2,6,2,18,21,8,6,24,2,10,8,28,6,30,2,26,33,8,4,3,36,34,22,40,12,6,42,38,4,46,2,44,22,50,10,52,2,48,54,56,34,58,44,60,2,62
655ac09a8b3c9ac0 0 0 1769734,12,10,14,8,16,6,6,2,18,21,8,6,10,8,26,6,25,29,8,4,3,32,30,22,36,12,38,8,40,2,6,43,34,4,44,22,48,10,50,2,47,53,54,22,56,30,58,44,60,8,62,6,64,2,66
3fa1650ee6921668 0 0 1704198,12,10,14,8,6,2,16,19,8,6,22,2,10,8,24,26,8,4,3,30,28,20,34,12,36,8,6,39,32,4,42,2,40,20,46,10,48,6,44,51,52,28,54,32,56,40,58,6,60,4,62,2,64
80184888dde0b080 0 0 1769734,12,6,14,2,13,16,10,4,20,2,11,23,10,8,26,6,28,4,7,30,24,18,34,6,36,4,2,39,32,12,42,8,44,2,40,18,48,6,50,4,52,2,47,55,56,18,58,12,60,10,62,6,64,4,67
fb6200f07b42b428 0 0 1704198,12,6,14,2,13,16,10,4,10,2,20,22,10,8,26,4,7,28,24,18,32,6,34,4,2,37,30,12,40,8,42,2,38,18,46,6,48,4,50,2,45,53,54,18,56,24,58,12,60,6,62,4,65
841c1cbc43484848 0 0 1638662,12,6,14,2,13,16,10,2,10,4,20,22,10,8,7,26,24,18,30,6,32,4,2,35,28,12,38,8,40,6,42,2,36,18,46,6,48,4,50,2,44,53,54,18,56,28,58,12,60,8,62
0f8624b482b05c88 0 0 1769734,12,6,14,2,13,16,10,2,10,4,20,22,10,8,7,26,24,18,30,6,32,4,2,35,28,12,38,8,40,6,42,2,36,18,46,6,48,4,50,2,44,53,54,18,56,24,58,28,60,12,62,10,64,8,66
824f1f52adca9a28 0 0 1638662,12,6,12,2,14,17,10,4,10,2,20,22,10,8,26,6,28,4,7,30,24,18,34,6,36,4,2,39,32,12,42,8,44,2,40,18,48,6,50,4,52,2,46,55,56,40,58,12,60,10,62
00dfdfd6f4d4d488 0 0 1638662,12,6,12,2,14,17,10,4,10,2,20,22,10,8,26,6,28,4,7,30,24,18,34,6,36,4,2,39,32,12,42,8,44,2,40,18,48,6,50,4,52,2,46,55,56,24,58,40,60,12,62
0b7e0f1ed168da08 0 0 1769734,12,6,12,2,14,17,10,4,10,2,20,22,10,8,26,6,28,4,7,30,24,18,34,6,36,4,2,39,32,12,42,8,44,2,40,18,48,6,50,4,52,2,46,55,56,32,58,40,60,12,62,8,64,4,66
cf3e8842a3582428 0 0 1900806,12,6,12,2,14,17,10,4,10,2,20,22,10,8,26,6,28,4,7,30,24,18,34,6,36,4,2,39,32,12,42,8,44,2,40,18,48,6,50,4,52,2,46,55,56,24,58,32,60,40,62,12,64,10,66,8,68,4,70
9e532d4225825aa0 0 0 1442054,10,6,14,4,6,4,17,18,6,2,12,10,24,6,22,27,8,4,3,30,28,20,34,12,36,2,7,38,32,8,40,20,44,12,46,10,43,48,50,40,52,12,54,10,56
35ececec88c8c8c8 0 0 1573126,12,8,14,6,2,16,6,4,10,6,20,22,8,6,26,2,2,28,24,18,32,12,34,10,36,6,38,4,40,2,4,42,30,6,44,18,48,6,50,2,46,52,54,18,56,6,58,2,60
9c0c6a6a986e2e48 0 0 1507590,12,8,14,6,16,2,2,18,10,4,5,22,8,6,26,2,2,28,6,4,24,20,34,12,36,10,38,6,33,41,30,6,42,20,46,6,48,2,44,50,52,24,54,10,56,6,58
b5a5a4f0d524e6e8 0 0 1966342,12,8,14,6,16,4,18,2,2,20,10,4,5,24,8,6,28,4,2,30,26,22,34,12,36,10,38,6,40,4,42,2,6,44,32,6,48,4,46,22,52,6,54,4,56,2,51,59,60,22,62,26,64,10,66,6,68,4,70,2,73
fe7e5656aa8002a8 0 0 2294022,10,8,14,6,16,2,6,2,18,20,6,4,24,2,12,10,28,8,30,6,27,32,8,6,3,36,34,22,40,12,42,4,44,2,24,47,38,8,50,6,52,4,54,2,48,22,58,12,60,10,62,8,64,4,56,66,68,34,70,48,72,12,74,10,76,8,78,4,80,2,82
2f08a08802087288 0 0 1507590,12,6,13,14,14,2,13,18,8,4,22,2,22,24,20,16,28,12,30,10,32,8,34,2,9,36,26,6,40,4,42,2,38,16,46,10,48,6,44,51,52,8,54,6,56,2,58
eccc08a0a80008a0 0 0 1507590,12,10,14,4,16,2,2,18,12,4,22,2,2,24,6,4,28,2,6,2,30,33,10,8,26,20,38,4,36,41,34,8,44,2,42,20,48,10,50,4,46,53,54,26,56,2,58
3608c0fe3608f6c8 0 0 1507590,12,6,13,14,14,2,13,18,8,4,22,2,22,24,20,16,28,12,30,10,32,8,34,2,9,36,26,6,40,4,42,2,38,16,46,10,48,6,44,51,52,16,54,8,56,2,58
feba2ce032bae0e0 0 0 1638662,12,8,8,6,14,16,12,10,20,8,16,23,10,6,26,4,28,2,28,30,16,2,24,18,36,12,38,2,34,40,32,4,44,2,42,18,48,6,50,2,47,52,54,18,56,24,58,8,60,6,62
422fe1b0af54b880 0 0 1442054,12,6,13,14,14,2,13,18,8,4,22,2,22,24,20,16,28,12,30,10,32,8,34,2,9,36,26,6,40,4,42,2,38,16,46,10,48,6,44,51,52,20,54,8,56
b4587c2cf418f0a0 0 0 1638662,12,10,14,8,2,16,12,8,20,2,2,22,6,4,26,2,6,2,28,31,10,8,34,2,24,18,38,4,36,41,32,8,44,2,42,18,48,10,50,4,52,2,46,55,56,18,58,24,60,2,62
0e7d5122fe720488 0 0 1310982,10,6,14,4,14,16,12,10,4,20,12,8,24,2,24,26,4,2,22,18,32,6,34,4,30,36,28,8,38,18,42,6,40,44,46,18,48,10,50,6,52
f025383805d04ae0 0 0 1442054,12,4,2,14,6,4,10,8,20,6,18,22,8,4,26,2,2,28,24,16,32,12,34,10,36,2,6,38,30,4,40,16,44,4,46,2,42,48,50,16,52,30,54,4,56
c63b082a0a082a08 0 0 1900806,12,8,14,6,16,4,18,2,2,20,10,4,5,24,8,6,28,4,2,30,26,22,34,12,36,10,38,6,40,4,42,2,6,44,32,6,48,4,46,22,52,6,54,4,56,2,51,59,60,26,62,32,64,10,66,6,68,4,71
68e062ea42ca48c0 0 0 1179910,12,10,6,14,6,2,8,18,2,4,20,16,24,12,26,4,2,28,22,6,30,16,34,8,36,6,38,4,32,40,42,16,44,20,46,6,48
b7f7ea5a460658e8 0 0 1638662,12,10,14,4,16,2,2,18,12,4,22,2,2,24,6,4,28,2,6,2,30,33,10,8,26,20,38,4,36,41,34,8,44,2,42,20,48,10,50,4,46,53,54,20,56,34,58,4,60,2,62
982247cec5cc1a20 0 0 1507590,10,6,8,2,14,16,6,4,9,21,4,21,22,18,26,12,28,10,30,6,3,32,24,8,36,2,34,18,40,8,42,6,44,2,38,47,48,18,50,22,52,8,54,6,56,4,59
b5b2434e3cb4ca48 0 0 1573126,10,6,8,2,14,16,6,4,9,21,4,21,22,18,26,12,28,10,30,6,3,32,24,8,36,2,34,18,40,8,42,6,44,2,38,47,48,18,50,22,52,24,54,8,56,6,58,4,61
bb64ea603b646a60 0 0 1835270,10,8,8,4,14,17,16,2,6,4,22,2,20,24,4,24,26,18,30,12,32,6,34,4,3,36,28,8,40,4,38,18,44,8,46,6,48,4,50,2,43,53,54,18,56,26,58,28,60,38,62,8,64,6,66,4,69
cac7fc326352d220 0 0 1573126,12,10,14,4,7,16,9,14,4,2,4,23,8,6,20,18,28,12,30,8,26,32,24,6,34,18,38,12,40,10,42,6,44,4,46,2,37,48,50,20,52,34,54,12,56,10,58,2,60
aefe6264ae3eaaa0 0 0 1638662,12,10,14,4,16,2,2,18,12,4,22,2,2,24,6,4,28,2,6,2,30,33,10,8,26,20,38,4,36,41,34,8,44,2,42,20,48,10,50,4,46,53,54,26,56,34,58,4,60,2,62
7527d80050025880 0 0 1442054,12,10,14,8,2,16,12,8,20,2,2,22,6,4,6,27,10,8,24,18,32,4,31,35,28,8,36,18,40,10,42,4,44,2,39,47,48,18,50,24,52,28,54,2,56
fb6a6e5a1ae2a200 0 0 1638662,12,10,14,4,7,16,9,14,4,2,4,23,8,6,20,18,28,12,30,8,26,32,24,6,34,18,38,12,40,10,42,6,44,4,46,2,37,48,50,20,52,24,54,34,56,12,58,10,60,2,62
f50f3dc26b9e10e0 0 0 1442054,12,10,14,2,2,17,12,4,20,2,2,22,6,4,6,27,10,8,30,4,32,2,24,18,36,4,34,39,28,8,40,18,44,12,43,47,48,18,50,12,52,10,54,8,57
e57e2b564e8080a8 0 0 1573126,12,10,14,2,2,17,12,4,20,2,2,22,6,4,26,2,6,2,28,31,10,8,34,2,24,18,38,4,37,41,32,8,44,4,42,18,48,12,46,51,52,18,54,24,56,8,58,2,60
35ccbf4cba4c7c80 0 0 1507590,12,10,14,2,2,17,12,4,20,2,2,22,6,4,6,27,10,8,30,4,32,2,24,18,36,4,34,39,28,8,40,18,44,12,43,47,48,18,50,28,52,12,54,10,56,8,59
d945868889108628 0 0 1704198,12,10,14,2,2,17,12,4,20,2,2,22,6,4,26,2,6,2,28,31,10,8,34,2,24,18,38,4,37,41,32,8,44,4,42,18,48,12,46,51,52,18,54,24,56,32,58,8,60,4,62,2,64
02320120aae22e00 0 0 1638662,12,4,2,14,12,10,18,4,2,20,6,4,24,2,6,2,26,29,10,8,32,4,22,16,36,4,34,39,30,8,42,4,44,2,40,16,48,12,50,10,52,2,46,55,56,40,58,10,60,8,62
144a651eaff4dea0 0 0 1507590,12,4,2,14,12,10,18,4,2,20,6,4,6,25,10,8,28,2,22,16,32,4,30,35,26,8,36,16,40,12,42,10,44,2,38,47,48,22,50,36,52,10,54,8,56,2,58
fff8e6eeefe8e0e8 0 0 1704198,12,10,2,14,12,2,2,19,6,4,22,2,6,24,10,8,28,6,20,16,32,4,34,2,31,36,26,8,40,6,38,16,44,12,46,4,48,2,42,51,52,16,54,20,56,38,58,8,60,4,62,2,64
cd9c89d8a6446a88 0 0 1573126,10,8,14,6,5,16,16,4,20,2,10,6,24,4,23,26,6,4,4,2,30,33,28,18,36,12,38,8,40,4,2,42,34,4,44,18,48,10,50,4,47,53,54,18,56,10,58,4,61
f67e3d4a09d4c2e0 0 0 1704198,10,6,14,4,14,16,4,12,12,10,22,8,24,2,24,26,4,2,20,18,32,6,34,4,36,2,30,39,28,8,42,2,40,18,46,6,48,2,45,51,52,18,54,28,56,10,58,8,60,6,62,2,65
21133998844cccc8 0 0 1376518,2,12,12,10,16,4,18,2,2,20,6,4,6,25,10,8,28,4,22,14,32,4,30,35,26,8,36,14,40,12,42,10,38,45,46,26,48,36,50,10,52,8,54
7e6a01385f5a5808 0 0 1769734,8,6,14,4,16,2,7,19,4,2,7,23,10,4,10,26,24,20,30,12,32,8,34,6,3,36,28,12,40,10,38,20,44,12,46,6,48,4,50,2,42,52,54,20,56,12,58,8,60,6,62,4,64,2,67
eb6026ee59e2bc88 0 0 1704198,8,6,14,4,16,2,7,19,4,2,7,23,10,4,10,26,24,20,30,12,32,8,34,6,3,36,28,12,40,10,38,20,44,12,46,6,48,4,50,2,42,52,54,24,56,12,58,6,60,4,62,2,65
b96f50dc0620ac20 0 0 1638662,8,6,14,4,16,2,7,19,4,2,7,23,10,4,10,26,24,20,30,12,32,8,34,6,3,36,28,12,40,10,38,20,44,12,46,6,48,4,50,2,42,52,54,20,56,24,58,12,60,8,62
122531f81a88a000 0 0 1900806,8,6,14,4,16,2,7,19,4,2,7,23,10,4,10,26,24,20,30,12,32,8,34,6,3,36,28,12,40,10,38,20,44,12,46,6,48,4,50,2,42,52,54,20,56,28,58,12,60,10,62,8,64,6,66,4,68,2,71
80880f7e78da34e0 0 0 2097414,6,4,14,2,8,6,18,4,20,2,16,23,4,2,16,27,10,8,30,6,32,4,34,2,32,2,36,38,28,24,42,12,44,2,3,47,40,12,50,10,52,4,48,24,56,12,58,8,60,2,55,62,64,28,66,40,68,12,70,10,72,6,74,4,77
f88708d2fd28f228 0 0 1573126,10,8,8,14,12,6,18,4,2,20,6,4,24,2,6,2,26,28,22,16,32,2,4,34,30,6,36,16,40,8,42,6,44,4,38,46,48,16,50,22,52,30,54,8,56,6,58,2,60
4b5746e6a8b4aaa0 0 0 1769734,8,6,14,4,16,2,7,19,4,2,7,23,10,4,10,26,24,20,30,12,32,8,34,6,3,36,28,12,40,10,38,20,44,12,46,6,48,4,50,2,42,52,54,20,56,24,58,28,60,12,62,10,64,8,66
f6df57d0fbee0088 0 0 1704198,8,6,14,4,7,16,4,2,7,21,10,4,10,24,22,18,28,12,30,8,32,6,34,2,3,36,26,12,40,10,38,18,44,12,46,6,48,4,50,2,43,53,54,22,56,38,58,12,60,8,62,4,64
d2dc8cce894472c0 0 0 1835270,8,6,14,4,7,16,4,2,7,21,10,4,10,24,22,18,28,12,30,8,32,6,34,2,3,36,26,12,40,10,38,18,44,12,46,6,48,4,50,2,43,53,54,22,56,26,58,38,60,12,62,10,64,8,66,4,68
e6f355785de81ea0 0 0 1704198,8,6,14,4,6,2,17,19,4,2,19,23,10,4,10,26,24,20,30,12,32,6,34,4,3,36,28,12,40,10,38,20,44,12,46,8,48,6,50,2,42,52,54,24,56,12,58,6,60,4,62,2,65
bf459cccea10fa00 0 0 1638662,10,8,14,6,16,4,8,18,12,8,22,6,24,4,4,26,6,4,6,2,30,33,4,2,28,20,38,4,37,40,34,6,44,4,46,2,42,20,50,8,52,6,49,54,56,28,58,42,60,4,62
2dad3d9469464640 0 0 1835270,8,6,14,4,6,4,17,18,4,2,18,23,10,8,26,6,28,4,30,2,28,2,32,34,24,20,38,12,40,8,3,42,36,12,46,10,48,4,44,20,52,12,51,55,56,24,58,36,60,12,62,10,64,6,66,4,69
14970390903ebe00 0 0 1769734,8,6,14,4,6,2,17,19,4,2,19,23,10,4,10,26,24,20,30,12,32,6,34,4,3,36,28,12,40,10,38,20,44,12,46,8,48,6,50,2,42,52,54,20,56,24,58,28,60,12,62,10,64,8,66
035e13a2c4cce8c0 0 0 1638662,8,6,14,4,16,2,6,2,18,21,4,2,21,25,10,4,10,28,26,22,32,12,34,6,36,4,3,39,30,12,42,10,40,22,46,12,48,8,50,6,45,52,54,40,56,12,58,6,60,4,62
7f594b5aa6800440 0 0 1638662,8,6,14,4,16,2,6,2,18,21,4,2,21,25,10,4,10,28,26,22,32,12,34,6,36,4,3,39,30,12,42,10,40,22,46,12,48,8,50,6,45,52,54,26,56,40,58,12,60,2,63
1348d456088e00a0 0 0 2097414,8,6,14,4,16,2,6,4,18,20,4,2,20,25,10,8,28,6,30,4,32,2,30,2,34,36,26,22,40,12,42,8,3,45,38,12,48,10,50,4,46,22,54,12,56,2,52,59,60,26,62,38,64,46,66,12,68,10,70,8,72,6,74,4,77
2993871e6cd6a468 0 0 1638662,10,8,14,4,14,16,6,4,20,2,4,23,8,6,8,4,26,28,24,18,32,12,34,10,36,6,3,38,30,12,42,6,44,2,40,18,48,12,50,10,52,6,54,4,47,56,58,24,60,4,62
ae845a7884ae8008 0 0 2031878,10,8,14,6,16,4,16,18,6,4,22,2,4,25,8,6,28,4,8,30,26,20,34,12,36,10,38,6,40,4,42,2,3,44,32,12,48,4,46,20,52,12,54,10,56,6,58,2,51,60,62,20,64,26,66,10,68,8,70,6,72,2,74
47afed88369abaa8 0 0 2097414,10,8,14,4,14,16,6,4,20,2,4,23,8,4,26,2,8,6,30,2,28,32,24,18,36,12,38,10,40,6,42,2,3,45,34,12,48,4,50,2,46,18,54,12,56,10,58,6,60,4,62,2,52,65,66,18,68,34,70,10,72,4,74,2,76
93343dd6288a8668 0 0 1573126,12,4,2,14,12,10,18,4,2,20,6,4,6,25,10,8,28,2,22,16,32,4,30,35,26,8,36,16,40,12,42,10,44,2,38,47,48,22,50,26,52,36,54,10,56,8,58,2,60
989e79941456be60 0 0 1900806,10,8,14,6,16,4,16,18,6,4,22,2,4,25,8,6,28,4,8,30,26,20,34,12,36,10,38,6,40,4,42,2,3,44,32,12,48,4,46,20,52,12,54,10,56,6,58,2,51,60,62,26,64,32,66,8,68,2,70
16187dc63d3c84c0 0 0 1442054,12,8,14,6,14,2,17,19,12,2,6,2,23,24,10,4,10,29,26,20,32,4,7,35,30,12,36,20,40,8,42,4,38,45,46,20,48,12,50,8,52,6,54,2,57
451c5678a55cc648 0 0 1245446,12,8,14,6,14,2,17,19,12,2,6,2,23,24,10,4,10,29,26,20,32,4,7,35,30,12,36,20,40,8,42,4,38,45,46,26,48,6,50
6881588649966880 0 0 2162950,10,8,14,6,14,16,6,4,6,20,10,4,10,6,26,2,24,29,22,18,32,12,34,8,36,4,38,2,3,41,30,12,44,6,46,4,48,2,42,18,52,12,54,8,56,6,58,4,60,2,51,63,64,18,66,22,68,42,70,12,72,8,74,4,76,2,79
c53c3eb085dc0e20 0 0 1966342,12,4,14,2,12,6,16,18,12,8,22,6,24,4,6,4,28,2,26,30,10,8,34,6,36,2,36,4,40,2,38,43,32,20,46,4,29,49,44,12,52,8,54,6,56,4,58,2,50,20,62,8,61,65,66,20,68,44,70,12,72
6893862886828628 0 0 1966342,12,10,14,8,16,6,18,4,16,4,20,23,20,2,23,26,10,8,30,4,32,2,32,34,28,24,38,12,40,8,42,6,44,4,46,2,30,49,36,6,52,4,50,24,56,8,55,59,60,24,62,28,64,10,66,8,68,6,70,2,73
00119fdea7705440 0 0 1900806,10,8,14,6,16,4,16,18,6,4,4,22,8,6,26,4,28,2,8,31,24,20,34,12,36,10,38,6,40,4,42,2,3,44,32,12,46,20,50,12,52,10,54,6,56,2,49,58,60,32,62,46,64,12,66,8,68,2,70
65612c72c75a32a0 0 0 2031878,12,4,14,2,12,6,16,18,12,8,22,6,24,4,6,4,28,2,26,30,10,8,34,6,36,2,36,4,40,2,38,43,32,20,46,4,29,49,44,12,52,8,54,6,56,4,58,2,50,20,62,8,61,65,66,32,68,44,70,6,72,4,74
3c9cdaf2ca8ea4e0 0 0 2031878,10,8,14,6,16,4,16,18,6,4,4,22,8,6,26,4,28,2,8,31,24,20,34,12,36,10,38,6,40,4,42,2,3,44,32,12,46,20,50,12,52,10,54,6,56,2,49,58,60,24,62,32,64,46,66,12,68,8,70,4,72,2,74
4d2bb00400122068 0 0 2031878,12,4,12,6,16,2,14,18,12,8,22,6,24,4,6,4,28,2,27,30,10,8,34,6,36,2,36,4,40,2,38,43,32,20,46,4,29,49,44,12,52,8,54,6,56,4,58,2,50,20,62,8,64,2,60,66,68,50,70,6,72,4,75
755beda6a14a0648 0 0 2097414,10,8,14,4,14,16,6,4,4,20,8,6,24,2,8,4,27,28,22,18,32,12,34,10,36,6,3,38,30,12,42,6,44,4,46,2,40,18,50,12,52,10,54,6,56,4,49,58,60,18,62,22,64,30,66,40,68,12,70,10,72,6,74,4,76
9edd0ba4ad5aa440 0 0 1442054,12,8,14,6,16,2,15,19,12,2,6,2,22,24,10,4,10,29,26,20,32,4,7,35,30,12,36,20,40,8,42,4,44,2,39,46,48,30,50,36,52,6,54,4,57
2e2abf22bf082e00 0 0 1704198,10,8,14,6,12,10,18,4,16,20,18,8,24,4,26,2,12,6,30,4,32,2,28,34,6,4,38,2,6,40,16,2,36,22,46,4,48,2,44,50,42,8,52,22,56,8,58,4,54,60,62,8,64
f2a080928082c280 0 0 1900806,10,8,14,6,16,4,18,2,16,21,6,4,6,2,24,27,8,6,30,4,8,2,32,35,28,22,38,12,40,10,42,6,44,4,46,2,3,49,36,12,50,22,54,12,56,10,58,6,52,60,62,28,64,36,66,12,68,4,70
6b6949345ba60280 0 0 1835270,10,6,14,2,12,8,18,4,16,20,12,4,24,2,12,10,28,6,30,4,27,33,6,4,36,2,6,2,38,41,34,22,44,4,14,47,42,8,48,22,52,8,54,4,56,2,51,58,60,22,62,10,64,6,66,2,68
17266bb6d9e86688 0 0 2162950,10,8,14,4,16,2,14,19,6,4,22,2,6,25,8,4,28,2,8,6,32,2,30,34,26,20,38,12,40,10,42,6,3,45,36,12,48,4,50,2,46,20,54,12,56,10,58,6,60,4,62,2,53,64,66,46,68,10,70,8,72,6,74,4,76,2,78
ae55e7a62e2afe40 0 0 2097414,10,6,14,2,12,4,18,2,17,21,12,8,24,4,12,10,28,8,30,6,32,4,34,2,26,37,6,4,40,2,6,2,42,45,38,22,48,4,15,51,46,8,52,22,56,8,58,4,60,2,55,62,64,38,66,10,68,8,70,6,72,4,74,2,77
c9a2a28a61a00a88 0 0 1704198,10,8,14,6,16,2,12,10,20,8,18,22,20,2,12,8,28,6,26,30,6,4,34,2,6,36,32,24,40,4,42,2,16,44,38,8,46,24,50,8,52,4,48,54,56,24,58,32,60,12,62,10,64
719e8600fb9e0c00 0 0 1835270,10,8,14,6,12,10,18,4,16,20,18,8,24,4,26,2,12,6,30,4,32,2,28,34,6,4,38,2,6,40,16,2,36,22,46,4,48,2,44,50,42,8,52,22,56,8,58,4,54,60,62,42,64,8,66,6,68
80c1d81e25200a00 0 0 1966342,10,6,14,2,12,8,18,4,16,20,12,4,24,2,12,10,28,6,30,4,27,33,6,4,36,2,6,2,38,41,34,22,44,4,14,47,42,8,48,22,52,8,54,4,56,2,51,58,60,22,62,42,64,10,66,6,68,4,70,2,72
afdd80fac0501088 0 0 2097414,10,6,14,2,12,4,18,2,17,21,12,8,24,4,12,10,28,8,30,6,32,4,34,2,26,37,6,4,40,2,6,2,42,45,38,22,48,4,15,51,46,8,52,22,56,8,58,4,60,2,55,62,64,38,66,46,68,10,70,8,72,6,74,2,77
0562769859208080 0 0 1966342,10,8,14,6,16,4,16,2,18,21,6,4,24,2,6,27,8,6,30,4,8,32,28,22,36,12,38,10,40,6,42,4,3,44,34,12,48,4,46,22,52,12,54,10,56,6,58,2,50,61,62,28,64,34,66,46,68,10,70,6,72
2afaa8285828a828 0 0 2031878,12,10,14,2,15,16,12,8,20,6,22,4,24,2,12,26,8,6,8,4,32,2,30,34,28,18,38,12,40,8,42,6,44,4,46,2,5,48,36,12,52,8,50,18,56,8,58,6,60,4,62,2,54,64,66,18,68,28,70,12,72,2,74
bf24f49075eece00 0 0 2097414,10,8,14,6,16,2,12,10,20,8,22,6,24,2,19,27,20,6,12,30,8,4,34,2,34,36,12,8,32,28,42,6,44,2,41,46,38,6,50,4,52,2,48,28,56,12,58,6,60,2,55,62,64,28,66,38,68,10,70,6,72,4,74,2,77
060082228c8a08a8 0 0 1507590,12,6,13,14,14,2,13,18,10,8,22,4,24,2,24,26,20,16,30,12,32,8,34,2,22,37,28,6,40,4,38,16,44,10,46,6,43,49,50,20,52,28,54,4,56,2,59
8257c6ec82cecc80 0 0 1835270,12,6,14,2,12,2,17,18,15,18,8,4,24,2,24,26,22,20,30,12,32,10,9,34,28,6,38,4,40,2,36,20,44,10,46,8,48,6,42,50,52,20,54,22,56,36,58,12,60,10,62,8,64,6,66,2,68
2a0202025f282828 0 0 1966342,12,10,14,2,15,16,12,2,12,8,22,6,24,4,20,26,8,6,7,30,28,18,34,12,36,2,5,38,32,12,42,8,44,2,40,18,48,8,50,6,52,4,54,2,47,56,58,18,60,28,62,32,64,12,66,6,68,4,70,2,72
d7080a4639666ca0 0 0 1966342,12,10,14,6,16,4,18,2,19,20,12,8,24,6,26,4,24,4,30,2,28,33,6,4,36,2,8,2,38,41,4,2,34,22,46,12,48,8,50,6,52,4,44,54,42,12,56,22,60,6,62,2,59,65,66,34,68,56,70,12,73
e1311a10a4840a00 0 0 2097414,12,10,14,6,16,2,16,19,12,8,22,6,24,4,26,2,22,4,29,30,6,4,34,2,8,36,4,2,32,20,42,12,44,8,46,6,48,4,50,2,40,53,38,12,54,20,58,6,60,2,57,63,64,20,66,32,68,54,70,12,72,6,74,2,77
75b38b8e572a56e8 0 0 1900806,10,6,14,2,12,10,18,6,20,2,16,22,18,8,26,6,12,29,8,4,32,2,32,34,12,8,30,24,40,6,42,2,39,44,36,6,48,4,50,2,46,24,54,12,56,6,58,2,53,60,62,30,64,46,66,12,68,10,70
9b1f85ba4430f0c0 0 0 1900806,8,2,12,10,16,8,18,2,14,20,12,8,16,25,10,4,28,2,28,30,26,22,34,6,36,2,13,38,32,6,42,4,44,2,40,22,48,12,50,10,52,6,54,2,47,56,58,32,60,40,62,12,64,8,66,6,68,4,70
d326e646e39e80a8 0 0 2031878,10,2,12,10,16,8,18,2,14,20,12,8,17,24,8,4,28,2,28,30,26,22,34,6,36,2,13,38,32,6,42,4,44,2,40,22,48,12,50,8,52,6,54,2,47,56,58,26,60,32,62,40,64,12,66,10,68,8,70,6,72,4,74
91281428b9229688 0 0 1835270,10,8,14,6,16,2,12,10,20,8,18,22,20,2,12,8,28,6,26,30,6,4,34,2,6,36,32,24,40,4,42,2,16,44,38,8,46,24,50,8,52,4,48,54,56,24,58,32,60,38,62,12,64,10,66,6,68
64ddcc9c8bfedc40 0 0 1704198,12,4,10,8,16,2,14,19,12,8,12,10,24,2,23,26,6,4,30,2,6,2,32,35,28,20,38,4,17,41,36,8,44,4,46,2,42,20,50,12,52,10,54,4,56,2,49,59,60,20,62,4,64
789b299434286a28 0 0 1704198,12,4,10,8,16,2,14,19,12,8,12,10,24,2,23,26,6,4,30,2,6,2,32,35,28,20,38,4,17,41,36,8,44,4,46,2,42,20,50,12,52,10,54,4,56,2,49,59,60,20,62,36,64
ce81caccbd58ec40 0 0 1769734,12,10,10,8,15,17,14,8,20,4,22,2,12,4,26,2,24,29,6,4,32,2,6,2,34,37,16,2,30,18,42,4,41,45,38,8,48,4,46,18,52,12,54,2,51,56,58,46,60,10,62,8,64,2,67
d140d526d1408040 0 0 1835270,10,8,14,6,16,4,9,18,10,6,22,4,23,25,6,2,4,28,26,20,32,12,34,10,36,6,38,4,3,40,30,8,42,20,46,10,48,8,50,4,52,2,45,54,56,26,58,42,60,10,62,8,64,4,66,2,69
2c82571ae55a3468 0 0 1900806,12,10,10,8,15,17,14,8,20,4,22,2,12,4,26,2,24,29,6,4,32,2,6,2,34,37,16,2,30,18,42,4,41,45,38,8,48,4,46,18,52,12,54,2,51,56,58,38,60,46,62,10,64,8,66,4,68,2,71
8b4670e89d4666e8 0 0 1573126,10,6,9,14,10,8,18,6,20,4,21,23,6,2,4,26,24,16,30,12,32,10,34,8,36,6,3,38,28,8,40,16,44,10,46,2,43,48,50,28,52,40,54,8,56,6,58,2,60
030fb2fa9eeaa8e0 0 0 1638662,12,2,12,15,12,8,18,4,20,2,21,22,10,8,26,6,28,4,30,2,28,2,32,35,6,4,38,2,24,16,42,4,40,45,36,12,48,8,50,6,52,2,46,16,56,8,55,58,60,16,62
80c3c3bce8d4c268 0 0 1376518,12,8,14,6,16,2,16,19,12,6,22,2,23,24,10,4,10,29,26,20,32,4,7,35,30,12,36,20,40,8,42,4,44,2,38,47,48,20,50,26,52,2,54
df65fa125a10da68 0 0 1310982,12,8,14,6,16,2,16,19,12,6,22,2,23,24,10,4,10,29,26,20,32,4,7,35,30,12,36,20,40,8,42,4,44,2,38,47,48,20,50,30,52
d0d7189a24aebae0 0 0 1376518,12,8,14,6,16,2,16,19,12,6,22,2,23,24,10,4,10,29,26,20,32,4,7,35,30,12,36,20,40,8,42,4,44,2,38,47,48,26,50,30,52,2,54
2d5da9fc5a1a90a0 0 0 1442054,12,8,14,6,16,2,16,19,12,6,22,2,23,24,10,4,10,29,26,20,32,4,7,35,30,12,36,20,40,8,42,4,44,2,38,47,48,20,50,26,52,30,54,2,56
c88cdcd692f468c8 0 0 2162950,12,10,14,6,16,4,18,2,10,6,22,2,20,24,14,8,28,6,30,4,32,2,24,35,6,4,38,2,6,2,40,43,36,26,46,12,48,10,50,6,52,2,23,55,44,8,58,2,56,26,62,12,64,8,60,66,68,26,70,10,72,6,74,4,76,2,78
a182525e19182608 0 0 2031878,12,10,14,8,16,6,18,4,20,2,10,6,24,2,23,27,14,6,30,4,32,2,27,34,6,4,38,2,6,2,40,43,36,28,46,12,48,10,50,8,52,6,54,2,24,56,44,8,60,2,58,28,64,12,62,66,68,36,70,12,72,4,74
12b3b2a000406c60 0 0 2162950,12,10,14,6,16,4,18,2,10,6,22,2,20,24,14,8,28,6,30,4,32,2,24,35,6,4,38,2,6,2,40,43,36,26,46,12,48,10,50,6,52,2,23,55,44,8,58,2,56,26,62,12,64,8,60,66,68,26,70,44,72,10,74,6,76,2,78
224523eafef000a0 0 0 2031878,12,10,14,8,16,6,18,4,20,2,10,6,24,2,23,27,14,6,30,4,32,2,27,34,6,4,38,2,6,2,40,43,36,28,46,12,48,10,50,8,52,6,54,2,24,56,44,8,60,2,58,28,64,12,62,66,68,36,70,44,72,12,74
a0fe322028541020 0 0 1245446,4,2,10,15,8,4,18,2,10,21,7,15,22,16,26,12,2,28,24,8,32,4,34,2,30,16,38,10,40,6,37,43,44,16,46,10,48,8,50
3c18d8182c88c888 0 0 1245446,4,2,10,15,8,4,18,2,10,21,7,15,22,16,26,12,2,28,24,8,32,4,34,2,30,16,38,10,40,6,37,43,44,22,46,10,48,8,50
9000d8889aaa7888 0 0 2097414,10,8,14,4,16,2,10,4,20,2,18,23,12,10,26,8,27,28,8,2,8,4,33,34,30,24,38,12,40,6,42,4,44,2,13,47,36,6,50,2,48,24,54,12,56,8,58,6,60,4,62,2,53,64,66,24,68,30,70,6,72,4,74,2,77
0e6d8a9e9494e068 0 0 1966342,10,2,10,8,16,2,14,19,12,10,22,6,22,8,26,6,24,29,8,4,32,2,32,34,12,6,30,20,40,12,42,2,38,45,36,6,48,4,50,2,46,20,54,12,56,8,58,2,52,60,62,20,64,36,66,6,68,4,70,2,72
fd86e8c69e40de00 0 0 2097414,10,4,10,8,16,4,14,19,12,10,22,4,22,8,26,4,24,29,8,4,32,2,8,2,34,36,12,4,30,20,42,12,44,6,40,47,38,6,50,4,52,2,48,20,56,12,58,8,60,6,54,62,64,20,66,30,68,38,70,6,72,4,74,2,76
f4e083e06f481848 0 0 1638662,10,8,14,6,16,4,8,18,12,8,4,22,6,2,6,4,26,29,4,2,24,20,34,4,33,36,30,6,38,20,42,8,44,6,46,4,48,2,41,50,52,24,54,30,56,38,58,4,60,2,62
724af8c0f2caf8c0 0 0 1310982,12,8,14,2,7,16,8,10,8,4,22,2,23,25,6,2,20,18,30,8,29,32,26,4,34,18,38,6,40,4,42,2,37,44,46,34,48,12,50,8,52
791c8de8c6dc3228 0 0 1442054,12,8,14,2,7,16,10,4,20,2,8,22,8,4,26,2,26,28,6,2,24,18,34,8,33,36,30,4,40,2,38,18,44,6,46,4,42,49,50,24,52,38,54,12,56
d992c3d24c920c88 0 0 1769734,10,2,10,8,16,2,14,19,12,10,22,8,23,24,8,4,28,2,28,30,26,20,34,12,36,6,38,2,13,40,32,6,44,4,46,2,42,20,50,12,52,8,54,6,56,2,48,59,60,26,62,42,64,8,66
5ffd4c6e00a20220 0 0 2359558,10,8,14,6,16,2,6,2,18,20,6,4,24,2,12,10,28,8,30,6,32,2,27,34,8,6,3,38,36,22,42,12,44,4,24,47,40,8,50,6,52,4,54,2,48,22,58,12,60,10,62,8,64,4,66,2,56,68,70,36,72,40,74,48,76,12,78,10,80,6,82,4,84
5fd45aac9f901a68 0 0 1704198,10,6,14,4,16,2,12,6,19,21,12,10,24,2,3,27,7,8,10,4,28,22,34,4,36,2,33,38,30,12,42,8,44,2,40,22,48,12,50,10,52,6,47,55,56,22,58,12,60,10,62,2,65
6d1114d2eb989268 0 0 1966342,12,8,14,6,16,4,7,18,3,12,10,8,24,6,26,4,28,2,5,30,6,4,34,2,22,20,38,8,40,4,42,2,37,44,32,12,48,10,50,4,46,20,54,12,56,4,58,2,52,60,62,22,64,46,66,12,68,8,70,2,72
b93400eecf5c9060 0 0 1835270,6,4,12,2,15,17,12,8,20,6,22,4,24,2,3,27,10,4,5,30,6,2,28,18,36,8,38,2,35,40,32,12,44,10,42,18,48,12,50,8,52,6,47,55,56,32,58,42,60,10,62,8,64,4,66,2,68
27c2c33818ec4220 0 0 1835270,6,4,12,2,15,17,12,8,20,6,22,4,24,2,3,27,10,4,5,30,6,2,28,18,36,8,38,2,35,40,32,12,44,10,42,18,48,12,50,8,52,6,47,55,56,28,58,32,60,42,62,12,64,10,66,6,69
c69880626c108040 0 0 1507590,4,2,10,8,16,4,15,18,8,4,22,2,18,25,6,4,15,28,26,20,32,12,2,34,30,8,38,4,40,2,36,20,44,10,46,8,48,6,43,50,52,20,54,26,56,8,58
d2156db0a51a1a40 0 0 1573126,12,10,8,4,16,2,15,19,12,8,3,23,5,6,24,20,28,10,30,4,9,32,26,8,36,6,34,20,40,12,42,8,44,4,46,2,39,49,50,20,52,12,54,8,56,4,58,2,61
067a7a4aacf27a68 0 0 1507590,4,2,10,15,8,4,18,2,10,21,7,15,22,16,26,12,2,28,24,8,32,4,34,2,30,16,38,10,40,6,37,43,44,16,46,24,48,10,50,8,52,6,54,4,56,2,59
f57044c4bb9e0080 0 0 1704198,12,8,8,14,4,2,12,10,18,20,5,6,8,2,22,16,28,10,30,4,32,2,27,34,24,8,38,6,40,2,36,16,44,12,46,10,48,2,43,51,52,22,54,36,56,12,58,10,60,8,62,2,65
a24d443cff107008 0 0 1704198,12,8,8,14,4,2,12,10,18,20,5,6,8,2,22,16,28,10,30,4,32,2,27,34,24,8,38,6,40,2,36,16,44,12,46,10,48,2,43,51,52,16,54,22,56,36,58,12,60,10,62,2,65
51aa15cc3b84a248 0 0 1638662,4,2,10,4,15,16,8,4,20,2,16,23,6,2,15,26,24,18,30,12,32,8,2,34,28,8,38,4,40,2,36,18,44,10,46,6,48,4,50,2,43,52,54,24,56,28,58,10,60,6,62
1edc91a8d8dca8a8 0 0 1900806,4,2,10,8,15,16,8,4,20,2,16,23,6,4,26,2,15,29,24,18,32,12,34,8,2,36,30,8,40,4,42,2,38,18,46,10,48,8,50,6,52,4,54,2,45,57,58,18,60,24,62,30,64,6,66,4,68,2,71
a24c4c84b32a4cc0 0 0 1442054,10,8,14,6,4,16,8,4,16,21,4,7,22,18,26,12,28,10,30,8,32,6,2,34,24,8,38,4,36,18,42,6,44,4,41,47,48,18,50,8,52,6,54,4,57
65cc74aa6d4c5e80 0 0 1704198,12,8,8,15,4,2,12,10,20,2,18,22,5,6,8,2,24,16,30,10,32,4,29,35,26,8,38,6,40,2,36,16,44,12,46,10,43,49,50,24,52,26,54,36,56,12,58,10,60,8,62,6,65
603b620ab5eec200 0 0 1769734,12,10,14,4,12,6,17,19,3,14,7,8,10,4,26,2,22,20,30,12,32,6,34,4,36,2,28,39,24,12,42,8,44,2,40,20,48,12,50,10,52,6,54,2,47,56,58,20,60,10,62,6,64,2,66
58e1175e175ebe08 0 0 1835270,12,10,14,4,16,2,12,6,20,2,18,22,3,14,7,8,10,4,30,2,26,24,34,12,36,6,38,4,40,2,32,43,28,12,46,8,44,24,50,12,52,10,54,6,56,2,48,58,60,24,62,26,64,10,66,2,68
0c705be437f860a0 0 0 1900806,12,10,14,4,12,6,17,19,3,14,7,8,10,4,26,2,22,20,30,12,32,6,34,4,36,2,28,39,24,12,42,8,44,2,40,20,48,12,50,10,52,6,54,2,47,56,58,20,60,24,62,10,64,8,66,6,68,2,70
57bd7b484aa0b488 0 0 1966342,12,10,14,4,16,2,12,6,20,2,18,22,3,14,7,8,10,4,30,2,26,24,34,12,36,6,38,4,40,2,32,43,28,12,46,8,44,24,50,12,52,10,54,6,56,2,48,58,60,24,62,26,64,28,66,10,68,8,70,2,72
63ac1f16b45a88a0 0 0 1704198,12,10,14,6,16,4,12,18,3,17,10,8,24,4,7,26,10,4,30,2,22,20,34,12,36,4,38,2,32,40,28,12,44,8,46,2,42,20,50,12,52,10,54,2,48,57,58,42,60,12,62,4,64
41a1da4a843468a8 0 0 1966342,12,6,14,2,12,10,18,4,17,20,3,19,10,8,26,6,28,4,7,30,10,4,24,22,36,12,38,6,40,4,35,43,32,12,46,8,48,2,44,22,52,12,54,10,56,6,58,2,50,61,62,24,64,44,66,12,68,6,70,2,73
75159fee9f96a048 0 0 2162950,12,6,14,2,12,10,18,4,17,20,3,19,10,8,26,6,28,4,7,30,10,4,24,22,36,12,38,6,40,4,35,43,32,12,46,8,48,2,44,22,52,12,54,10,56,6,58,2,50,61,62,22,64,24,66,44,68,12,70,10,72,6,74,4,76,2,79
e8fb8820b3e040a8 0 0 1835270,12,10,14,6,16,4,12,18,3,17,10,8,24,4,7,26,10,4,30,2,22,20,34,12,36,4,38,2,32,40,28,12,44,8,46,2,42,20,50,12,52,10,54,2,48,57,58,28,60,42,62,12,64,10,66,8,68
039d5820128c5820 0 0 1573126,6,2,12,8,16,4,14,18,10,6,22,4,8,24,8,4,28,2,28,30,26,20,34,8,6,36,32,4,40,2,38,20,44,6,46,4,48,2,42,50,52,20,54,26,56,38,58,2,60
ea77aa5a77ea92c8 0 0 2228486,12,6,14,2,12,10,18,4,17,20,3,19,10,8,26,6,28,4,7,30,10,4,24,22,36,12,38,6,40,4,35,43,32,12,46,8,48,2,44,22,52,12,54,10,56,6,58,2,50,61,62,24,64,32,66,44,68,12,70,10,72,8,74,6,76,4,78,2,81
555d5d4cac64ae80 0 0 1966342,12,6,14,2,12,10,17,19,18,4,3,22,10,8,7,26,24,20,30,12,32,6,34,4,10,37,28,12,40,8,42,6,44,2,38,20,48,12,50,10,52,6,54,4,56,2,47,58,60,20,62,24,64,28,66,38,68,12,70,8,72
fffbfb70ede6e6c8 0 0 1900806,8,6,14,4,16,2,4,2,18,20,12,8,24,2,14,2,26,29,10,4,32,2,9,34,6,2,30,22,40,12,42,8,38,45,36,12,48,10,50,2,46,22,54,12,56,8,58,6,53,60,62,30,64,12,66,8,68,2,70
9196798e198876e8 0 0 1638662,12,8,14,6,13,16,16,2,8,6,20,23,4,2,4,26,24,18,30,10,9,32,28,6,36,4,34,18,40,12,42,10,44,6,46,2,38,49,50,18,52,24,54,12,56,8,58,6,60,2,62
ec3c28f0e9d8ee28 0 0 2097414,8,6,14,2,3,17,12,8,20,4,22,2,14,4,26,2,25,28,10,8,32,2,9,34,6,4,38,2,30,18,42,12,44,8,41,47,36,12,50,10,52,8,54,4,56,2,48,18,60,12,62,8,64,6,59,66,68,18,70,30,72,12,74,4,76
631cc14ec14e20a0 0 0 2031878,8,6,14,2,3,17,12,8,20,4,14,4,22,25,10,8,28,2,9,30,6,4,26,18,36,12,38,8,34,41,32,12,44,10,46,8,48,4,42,18,52,12,54,8,56,6,50,58,60,26,62,32,64,12,66,10,68,8,70,4,72,2,74
f0e4eafe48e808a8 0 0 1769734,12,8,14,6,13,16,16,2,8,6,20,23,4,2,4,26,24,18,30,10,9,32,28,6,36,4,34,18,40,12,42,10,44,6,46,2,38,49,50,18,52,24,54,28,56,12,58,8,60,6,62,4,64,2,66
7d753c70246848c8 0 0 2031878,8,6,14,4,16,2,4,2,18,20,12,8,24,4,17,26,10,4,30,2,9,32,6,4,28,22,38,12,40,8,36,43,34,12,46,10,48,4,44,22,52,12,54,8,56,6,51,58,60,22,62,28,64,34,66,12,68,10,70,8,72,4,74
997b9da2bb846208 0 0 1704198,10,8,14,4,10,16,10,4,20,2,4,2,23,25,6,4,28,2,6,31,26,18,34,12,36,10,38,4,40,2,3,42,32,8,46,6,44,18,50,12,52,2,48,54,56,18,58,10,60,8,62,6,64
3d88128e1cde3c28 0 0 1638662,8,6,14,4,16,2,6,4,18,20,12,6,14,2,25,27,10,8,30,4,32,2,9,34,6,2,28,22,40,12,38,42,36,12,46,10,48,2,44,22,52,12,54,2,50,57,58,44,60,6,62
da03a4f4b0b4f280 0 0 1966342,8,6,14,4,16,2,6,4,18,20,12,8,24,6,14,2,27,29,10,4,32,2,9,34,6,2,30,22,40,12,42,8,38,44,36,12,48,10,50,2,46,22,54,12,56,8,58,2,52,61,62,30,64,46,66,12,68,8,70,2,73
f4812ea4acb0fce0 0 0 2097414,8,6,14,4,16,2,6,2,18,20,12,8,24,6,17,27,10,4,30,2,9,32,6,4,28,22,38,12,40,8,36,42,34,12,46,10,48,4,44,22,52,12,54,8,56,4,50,59,60,22,62,28,64,44,66,12,68,8,70,6,72,4,74,2,77
fa2ac1b4d0f0f288 0 0 1900806,8,6,6,2,14,16,12,6,20,4,14,4,24,2,22,26,10,4,9,30,6,4,34,2,28,18,38,12,37,40,32,12,44,10,46,8,48,2,42,18,52,12,54,2,51,57,58,32,60,42,62,10,64,8,66,6,68,2,71
285808f8f4f024a0 0 0 2294022,8,6,14,2,6,4,17,18,12,8,22,6,14,4,26,2,25,28,10,8,32,2,9,34,18,2,30,20,40,12,42,8,39,44,36,12,48,10,50,8,52,4,54,2,46,20,58,12,60,8,62,4,64,2,56,66,68,30,70,36,72,46,74,12,76,10,78,8,80,4,82
a77d936c52285aa0 0 0 2162950,8,6,14,4,16,2,6,4,18,20,12,8,24,6,14,2,27,29,10,4,32,2,9,34,6,2,30,22,40,12,42,8,38,44,36,12,48,10,50,2,46,22,54,12,56,8,58,2,52,61,62,22,64,30,66,36,68,46,70,12,72,10,74,8,76,6,79
db79813237d6c8c8 0 0 1442054,8,6,12,8,16,2,14,19,5,12,10,8,3,24,14,4,28,2,22,20,32,6,34,4,36,2,30,38,26,10,40,20,44,12,46,4,48,2,42,50,52,22,54,12,56
98af0004cf44a8e0 0 0 2031878,8,2,12,8,16,2,15,19,12,6,22,2,4,2,25,26,10,8,30,6,32,4,34,2,3,36,8,4,40,2,28,20,44,6,46,4,42,49,38,10,52,4,50,20,56,12,58,6,60,4,62,2,55,64,66,20,68,28,70,12,72,6,74
80888934cd7ecec8 0 0 1769734,8,2,12,15,12,8,18,6,20,2,5,22,10,8,26,6,28,4,3,30,8,4,24,16,36,6,38,4,35,40,32,10,44,4,42,16,48,12,50,8,52,6,54,4,47,56,58,24,60,32,62,12,64,10,66
6288f71a5d18eaa8 0 0 2162950,8,2,12,15,12,8,18,6,20,2,4,2,22,24,10,8,28,6,30,4,3,32,8,4,36,2,26,16,40,6,42,4,44,2,38,47,34,10,50,4,48,16,54,12,56,8,58,6,60,4,62,2,53,65,66,16,68,26,70,34,72,12,74,10,76,2,79
44260c7ecc8c8828 0 0 1638662,12,10,14,8,7,17,14,6,20,2,11,22,10,8,26,6,28,4,3,30,10,6,34,2,24,18,38,10,40,8,42,2,37,45,32,10,48,4,46,18,52,12,54,6,50,56,58,46,60,6,62
e2f7ef4051ee90c0 0 0 1966342,8,2,12,8,16,4,18,2,15,20,12,6,24,4,4,2,27,28,10,8,32,6,34,4,3,36,8,4,40,2,30,22,44,6,46,4,48,2,42,50,38,10,54,4,52,22,58,12,60,6,56,62,64,30,66,52,68,6,70,2,72
8022569a7ebaa8a8 0 0 1704198,8,6,12,8,16,4,14,19,12,4,5,23,10,8,26,2,3,28,14,4,32,2,24,20,36,6,38,4,34,41,30,10,42,20,46,12,48,2,45,51,52,20,54,24,56,42,58,8,60,4,62,2,64
99324ecaaaba8848 0 0 1900806,12,10,14,8,16,6,18,2,7,21,14,2,10,2,24,26,10,8,30,6,32,4,34,2,3,36,10,6,28,22,42,10,44,8,46,2,40,48,38,10,52,4,50,22,56,12,58,2,54,61,62,38,64,50,66,10,68,4,70
5edd7c70c8f0e0a8 0 0 2031878,8,2,12,4,15,17,12,8,20,6,22,4,4,2,24,26,10,8,30,6,32,4,34,2,3,36,8,4,40,2,28,18,44,6,46,4,42,48,38,10,52,4,50,18,56,12,58,8,60,6,54,63,64,28,66,38,68,50,70,10,72,8,74
beaedf308ca01000 0 0 1900806,8,6,14,2,12,4,18,2,16,20,12,8,24,4,26,2,5,28,10,8,32,2,3,34,14,4,30,22,40,6,42,4,44,2,38,47,36,10,48,22,52,12,54,8,51,56,58,22,60,30,62,36,64,48,66,10,68,2,70
e7ecfa8614fee208 0 0 2097414,12,6,14,4,16,2,6,4,18,21,12,8,24,2,4,2,27,28,10,8,32,6,34,4,36,2,5,38,20,2,30,22,44,8,46,4,48,2,42,50,40,12,54,10,56,4,52,22,60,12,62,8,59,64,66,22,68,30,70,12,72,4,74,2,76
2b62d57aa5164ae0 0 0 1835270,12,8,14,4,7,17,12,6,4,2,20,22,10,4,5,26,6,2,24,18,32,8,34,2,30,36,28,12,40,10,38,18,44,12,46,6,48,2,42,51,52,18,54,24,56,28,58,12,60,10,62,8,64,6,66,4,69
4b89c296615c62a0 0 0 1704198,12,4,10,2,14,16,12,10,20,6,22,2,6,2,24,26,7,8,28,18,32,4,34,2,11,36,30,12,40,8,38,18,44,12,46,10,48,6,43,51,52,18,54,28,56,38,58,12,60,10,62,2,65
9171665662b24848 0 0 1835270,12,4,10,2,14,16,12,10,20,6,22,2,6,2,24,26,7,8,28,18,32,4,34,2,11,36,30,12,40,8,38,18,44,12,46,10,48,6,43,51,52,18,54,28,56,30,58,38,60,12,62,10,64,8,66,2,69
39e603cced7644c0 0 0 2031878,12,6,14,4,16,2,12,8,20,4,18,23,20,6,26,4,10,28,6,4,32,2,3,34,10,8,38,6,30,24,42,12,44,10,46,4,48,2,40,51,36,4,52,24,56,12,58,10,60,8,62,6,64,4,66,2,54,69,70,30,72,6,74
c163e21a12cccee0 0 0 2162950,12,6,14,4,16,2,12,8,20,6,22,4,18,24,20,4,10,2,29,31,6,4,34,2,3,36,10,8,40,2,32,26,44,12,46,10,48,4,42,50,38,4,52,26,56,12,58,10,60,8,62,4,54,65,66,26,68,32,70,10,72,8,74,6,76,2,79
c4824ccc152cc408 0 0 2097414,12,6,14,4,16,2,12,8,20,4,18,23,20,6,26,4,10,28,6,4,32,2,3,34,10,8,38,6,30,24,42,12,44,10,46,4,48,2,40,51,36,4,52,24,56,12,58,10,60,8,62,6,64,4,66,2,54,69,70,30,72,36,74,4,76
4d04a0204f8c2a20 0 0 2228486,12,6,14,4,16,2,12,8,20,6,22,4,18,24,20,4,10,2,29,31,6,4,34,2,3,36,10,8,40,2,32,26,44,12,46,10,48,4,42,50,38,4,52,26,56,12,58,10,60,8,62,4,54,65,66,26,68,32,70,38,72,10,74,8,76,4,78,2,81
54c36ed0b0f0ea40 0 0 2031878,12,10,14,8,16,6,16,2,18,20,14,6,10,4,26,2,25,28,8,6,32,4,34,2,3,36,10,6,40,4,42,2,30,22,46,12,48,4,45,51,38,4,54,2,52,22,58,12,60,6,62,4,56,64,66,52,68,10,70,4,72,2,75
08d528d0f708d208 0 0 2031878,12,10,14,6,16,4,14,8,20,6,22,4,24,2,18,26,20,4,10,2,30,33,6,4,3,36,10,8,40,2,34,28,44,12,46,4,42,49,38,4,50,28,54,12,56,8,58,4,53,60,62,28,64,50,66,12,68,8,70,6,72,4,74
b55ad1a6597a0ee0 0 0 1966342,12,10,14,8,16,4,16,6,20,4,22,2,18,24,14,6,28,4,10,2,30,33,8,4,3,36,10,6,40,2,34,26,44,12,46,4,42,49,38,4,50,26,54,12,56,6,58,4,53,60,62,34,64,50,66,12,68,10,70,4,72
01df814e72a01428 0 0 2031878,12,10,14,8,16,4,18,2,16,6,22,4,21,25,14,6,28,4,30,2,10,33,8,4,3,36,10,6,34,26,42,12,44,4,41,47,38,4,48,26,52,12,54,6,56,4,51,58,60,26,62,34,64,48,66,12,68,8,70,6,72,4,74
1c2d94782d5c6cc0 0 0 1966342,12,10,14,8,16,6,18,2,17,21,14,6,24,2,10,4,26,29,8,6,32,4,34,2,3,36,10,6,40,4,30,22,44,12,46,4,42,49,38,4,52,2,50,22,56,12,58,6,60,4,54,62,64,38,66,50,68,10,70,8,72
cdf6fcc8ed0c7668 0 0 2294022,12,10,14,8,16,6,18,4,16,4,22,2,21,25,14,6,28,4,10,2,30,33,8,6,36,4,38,2,3,40,10,6,44,2,34,26,48,12,50,4,46,53,42,4,56,2,54,26,60,12,62,6,64,4,58,66,68,34,70,42,72,54,74,12,76,10,78,8,80,6,82
75646d34b6683e68 0 0 2228486,12,10,14,8,16,6,18,4,20,2,16,4,22,24,14,6,28,4,30,2,10,33,8,6,36,4,38,2,3,40,10,6,34,26,46,12,48,4,45,51,42,4,54,2,52,26,58,12,60,6,62,4,56,64,66,26,68,34,70,42,72,52,74,12,76,6,78,2,81
08d8df5009c0de48 0 0 1573126,8,6,3,14,12,8,18,6,20,4,22,2,13,25,10,8,9,28,6,4,32,2,26,16,36,4,35,39,30,12,42,10,44,2,40,16,48,6,50,4,52,2,47,55,56,26,58,6,60
d80178d25fe024e8 0 0 1638662,8,6,3,14,12,2,12,8,20,6,22,4,18,24,10,8,9,28,6,4,32,2,26,16,36,4,35,39,30,12,42,10,40,16,46,6,48,4,50,2,44,53,54,16,56,26,58,8,60,6,62
6886968888e686e8 0 0 2031878,12,10,14,8,16,6,18,4,20,2,20,22,12,8,26,2,2,28,8,6,32,4,34,2,8,4,36,39,4,2,30,24,44,12,46,10,48,8,50,4,52,2,42,55,40,12,58,8,60,4,62,2,56,24,66,10,68,4,70,2,64,73,74
a8aaa2000ba61a48 0 0 1900806,12,10,14,6,16,4,18,2,18,20,2,13,8,6,26,4,8,4,28,31,4,2,24,22,36,12,38,10,40,4,42,2,34,45,32,12,48,4,46,22,52,10,54,4,51,56,58,22,60,12,62,10,64,6,66,4,68,2,70
e280542048a254a8 0 0 1835270,10,8,14,4,10,16,10,4,20,2,4,2,23,25,6,4,28,2,6,31,26,18,34,12,36,10,38,4,40,2,3,42,32,8,46,6,44,18,50,12,52,2,48,54,56,26,58,10,60,8,62,6,64,4,66,2,69
e01ef07e1ee0fe80 0 0 1704198,12,10,14,2,14,16,12,6,20,2,2,22,8,6,26,4,28,2,8,4,32,2,30,35,4,2,24,18,40,12,42,10,44,6,38,47,36,12,50,6,52,4,54,2,48,18,58,10,56,61,62,24,64
768c8a80060c0a00 0 0 1573126,8,6,14,6,16,2,18,2,20,2,10,8,8,24,24,2,8,28,4,2,2,32,30,26,36,12,38,8,6,40,34,2,42,26,46,8,48,4,50,2,44,52,54,26,56,42,58,8,60
5e0c7a4a2c84a268 0 0 1966342,8,6,3,14,12,4,12,8,20,6,22,2,18,24,10,2,9,28,6,4,32,2,26,16,36,4,35,39,30,12,42,10,44,8,46,4,40,16,50,6,52,4,54,2,48,57,58,16,60,30,62,12,64,10,66,8,68,6,70,2,72
a5bf52b89e74dac0 0 0 1835270,8,6,14,2,3,16,12,10,20,8,22,6,24,4,26,2,21,28,10,8,8,33,6,4,36,2,30,18,40,4,42,2,39,44,34,12,48,2,46,18,52,6,54,4,56,2,51,59,60,30,62,34,64,12,66,6,69
0d1b48ae48aebea8 0 0 1966342,8,6,14,2,3,16,12,10,20,2,20,8,24,6,26,4,22,29,10,8,8,33,6,4,36,2,30,18,40,4,42,2,39,44,34,12,46,18,50,6,52,4,54,2,48,57,58,18,60,30,62,34,64,12,66,8,68,6,70,2,72
446462b24c469a60 0 0 1704198,8,4,14,2,6,4,17,18,12,6,22,4,12,8,26,2,24,28,10,8,9,32,18,2,30,20,38,4,37,41,34,12,44,10,42,20,48,6,50,4,52,2,47,55,56,30,58,42,60,4,62,2,65
8dd09226691676e0 0 0 2031878,8,4,6,4,15,16,12,10,20,6,22,2,20,8,26,4,24,29,10,4,8,32,16,2,30,18,38,4,40,2,37,42,34,12,46,8,48,2,44,18,52,6,54,4,56,2,50,59,60,30,62,34,64,44,66,12,68,8,70,6,72,2,74
a008b5981518aa88 0 0 1900806,12,8,14,4,8,17,14,6,20,4,12,10,24,8,26,6,28,4,22,30,6,4,34,2,3,36,10,8,40,2,32,18,44,12,46,10,48,4,43,51,38,4,52,18,56,10,58,2,54,61,62,32,64,12,66,8,68,4,70
22803d624518aaa0 0 0 1966342,12,8,14,4,8,17,14,6,20,4,12,10,24,8,26,6,28,4,22,30,6,4,34,2,3,36,10,8,40,2,32,18,44,12,46,10,48,4,43,51,38,4,52,18,56,10,58,2,54,61,62,18,64,32,66,12,68,8,70,4,72
7143efb44544a400 0 0 1966342,12,8,14,4,8,17,14,6,20,4,12,10,24,8,26,6,28,4,22,30,6,4,34,2,3,36,10,8,40,2,32,18,44,12,46,10,48,4,43,51,38,4,52,18,56,10,58,2,54,61,62,32,64,38,66,12,68,8,70,6,72
644c0fa04baca0c0 0 0 2031878,12,8,14,4,8,17,14,6,20,4,12,10,24,8,26,6,28,4,22,30,6,4,34,2,3,36,10,8,40,2,32,18,44,12,46,10,48,4,43,51,38,4,52,18,56,10,58,2,54,61,62,18,64,32,66,38,68,12,70,8,72,6,74
11d5fe68699ed640 0 0 2031878,12,10,14,6,6,17,14,8,20,2,12,8,24,4,26,2,22,29,8,6,32,4,34,2,3,36,10,6,40,4,42,2,30,18,46,12,48,4,44,50,38,4,54,2,52,18,58,10,60,4,62,2,56,64,66,52,68,10,70,4,72,2,74
b2f7ef1051bec0c0 0 0 2097414,12,10,14,6,16,4,6,18,14,8,22,6,24,4,26,2,12,8,30,6,32,4,34,2,28,36,8,4,3,40,10,6,44,2,38,20,48,12,50,4,47,52,42,4,54,20,58,10,60,2,57,63,64,38,66,54,68,12,70,10,72,8,74,4,77
e1a75be2ce582e48 0 0 1900806,12,10,14,6,16,2,6,18,14,8,12,8,24,4,26,2,23,29,8,6,32,4,34,2,3,36,10,6,40,4,30,20,44,12,46,4,43,48,38,4,52,2,50,20,56,10,58,4,54,61,62,38,64,50,66,10,68,8,71
41c10afa32828040 0 0 2031878,12,10,14,6,16,4,6,18,14,8,22,6,24,4,26,2,12,8,30,6,32,4,34,2,28,36,8,4,3,40,10,6,44,2,38,20,48,12,50,4,47,52,42,4,54,20,58,10,60,2,57,63,64,38,66,42,68,54,70,12,72,10,75
c6dc23fac2d802e8 0 0 1769734,12,10,10,4,16,2,15,19,12,6,22,2,13,25,10,8,28,6,30,4,7,32,26,20,36,12,38,6,40,4,16,42,34,12,46,8,48,2,44,20,52,2,51,55,56,20,58,26,60,10,62,6,64,4,66
4f655c60d51eaa88 0 0 1704198,12,10,14,6,10,4,17,18,12,6,22,2,12,24,10,8,28,4,7,30,18,2,26,20,36,12,38,4,40,2,35,43,32,12,46,8,48,2,44,20,52,2,51,55,56,20,58,32,60,10,62,8,64
10ff5e6245d2c480 0 0 1769734,12,10,10,4,16,2,15,19,12,6,22,2,13,25,10,8,28,6,30,4,7,32,26,20,36,12,38,6,40,4,16,42,34,12,46,8,48,2,44,20,52,2,51,55,56,20,58,26,60,34,62,8,64,6,66
af98d3980fe07ce0 0 0 1638662,12,10,10,4,14,16,14,6,20,4,14,4,24,2,22,26,7,8,16,2,28,18,34,12,36,6,38,4,40,2,33,42,30,12,46,8,44,18,50,2,49,53,54,28,56,44,58,4,60,2,63
6703a220efee5840 0 0 1638662,12,10,14,4,16,2,10,2,18,20,14,6,24,2,14,26,7,8,28,22,32,12,34,6,36,4,38,2,11,40,30,12,44,8,42,22,48,2,47,51,52,22,54,28,56,42,58,10,60,2,63
bec1090e21262820 0 0 1769734,12,10,10,4,14,16,14,6,20,4,14,4,24,2,22,26,7,8,16,2,28,18,34,12,36,6,38,4,40,2,33,42,30,12,46,8,44,18,50,2,49,53,54,28,56,30,58,44,60,8,62,4,64,2,67
d08d60becb1e2e88 0 0 1769734,12,10,14,4,16,2,10,2,18,20,14,6,24,2,14,26,7,8,28,22,32,12,34,6,36,4,38,2,11,40,30,12,44,8,42,22,48,2,47,51,52,22,54,28,56,30,58,42,60,10,62,8,64,2,67
78c7069a8b169628 0 0 1573126,12,6,14,2,12,17,12,8,20,2,20,4,23,25,10,8,3,28,6,4,32,2,26,18,36,6,38,4,34,41,30,10,42,18,46,4,44,49,50,18,52,26,54,12,56,4,58,2,61
9586187888fe96a0 0 0 1704198,12,8,14,6,16,2,14,2,18,21,12,4,12,25,10,8,3,28,6,4,32,2,26,22,36,6,38,4,35,40,30,10,42,22,46,4,48,2,44,50,52,22,54,26,56,30,58,10,60,8,62,6,64
d140c04051404040 0 0 1769734,6,4,12,4,14,16,10,8,8,6,22,2,20,24,22,4,28,2,29,31,14,2,26,18,36,8,38,6,40,2,34,42,32,4,44,18,48,6,50,2,47,53,54,18,56,32,58,44,60,6,62,4,64,2,67
d03ff01e2f72fca0 0 0 1966342,12,8,14,4,16,2,14,6,20,4,22,2,18,25,12,4,28,2,12,30,10,8,34,6,36,4,38,2,3,40,6,4,32,26,46,6,48,4,50,2,44,53,42,10,56,4,54,26,60,4,58,63,64,42,66,54,68,10,70,4,72
42e32ce41c0e4e60 0 0 1966342,12,8,14,4,14,6,18,4,17,20,12,6,24,4,26,2,24,2,28,31,10,8,3,34,6,4,38,2,32,22,42,6,44,4,41,46,36,10,48,22,52,4,54,2,51,56,58,32,60,36,62,48,64,10,66,8,68,6,70,2,72
850c0274f1b47ac0 0 0 1966342,12,8,14,6,16,4,3,18,8,2,12,10,24,4,26,2,22,29,6,4,7,32,30,20,36,10,38,6,40,2,5,42,34,8,46,4,44,20,50,12,52,10,54,8,56,6,48,59,60,20,62,30,64,12,66,8,68,6,70,4,72
3b1eddd2ce442888 0 0 1573126,12,8,14,2,7,16,10,8,20,4,8,22,8,4,26,2,26,28,6,2,24,18,34,8,33,36,30,4,40,2,38,18,44,6,46,4,42,49,50,24,52,30,54,38,56,12,58,4,60
d5ddf2588a8808a8 0 0 1376518,12,6,4,2,14,16,10,8,8,4,20,23,8,6,26,4,28,2,29,31,24,18,34,8,36,4,4,39,32,6,42,2,40,18,46,12,44,48,50,18,52,12,54
698c0b0468126000 0 0 1638662,12,6,4,2,14,16,10,2,8,4,20,23,8,6,26,2,26,28,24,18,32,8,34,4,4,37,30,6,40,4,42,2,38,18,46,12,48,4,45,51,52,24,54,12,56,10,58,8,60,4,63
cba61fee0fd27ec0 0 0 1704198,12,6,4,2,14,16,10,2,8,4,20,23,8,6,26,2,26,28,24,18,32,8,34,4,4,37,30,6,40,4,42,2,38,18,46,12,48,4,45,51,52,18,54,24,56,12,58,10,60,8,62,4,65
5541852aff509408 0 0 1704198,12,8,14,6,4,2,16,18,8,4,10,23,8,6,26,4,28,2,28,30,24,20,34,8,36,4,4,39,32,6,40,20,44,12,46,8,48,2,43,51,52,24,54,32,56,12,58,10,60,6,62,2,65
3516742809b64888 0 0 1966342,12,8,14,6,4,2,16,18,10,8,22,2,8,4,24,27,8,6,30,2,30,32,28,20,36,8,38,4,4,41,34,6,44,4,46,2,42,20,50,12,52,8,54,4,49,57,58,20,60,28,62,34,64,12,66,10,68,6,70,4,73
214afec0016afec0 0 0 1376518,12,6,14,4,4,2,16,18,10,8,8,22,8,6,26,4,28,2,28,30,24,20,34,8,4,36,32,6,40,4,38,20,44,12,46,2,42,48,50,38,52,4,54
86e3385839ac78e8 0 0 2294022,12,8,14,6,16,2,4,2,18,20,8,4,12,10,26,2,24,28,6,2,6,4,34,2,32,37,30,22,40,10,42,6,44,2,5,46,38,8,50,4,52,2,48,22,56,12,58,10,60,8,62,6,55,65,66,30,68,48,70,12,72,10,74,8,76,6,78,4,80,2,83
e88010ec7eea4040 0 0 2097414,4,2,12,8,16,4,15,18,6,4,22,2,8,6,26,4,24,28,10,8,32,6,34,2,34,4,38,2,36,41,30,20,44,12,2,47,42,12,50,8,52,6,54,4,56,2,48,20,60,10,62,6,64,4,59,67,68,20,70,30,72,10,74,2,77
ce0177b2c8c248e8 0 0 2162950,4,2,12,8,16,4,15,18,6,4,22,2,8,6,26,4,24,28,10,8,32,6,34,2,34,4,38,2,36,41,30,20,44,12,2,47,42,12,50,8,52,6,54,4,56,2,48,20,60,10,62,6,64,4,59,67,68,20,70,30,72,42,74,10,76,2,79
269048a663e6a820 0 0 2294022,4,2,12,8,16,4,18,2,15,20,6,4,8,6,26,4,25,28,10,8,32,6,34,2,34,4,38,2,36,41,30,22,44,12,2,46,42,12,50,8,52,6,54,4,56,2,48,22,60,10,62,6,64,4,66,2,58,68,70,48,72,12,74,8,76,6,78,4,80,2,82
adff06322b061608 0 0 2031878,4,2,12,8,15,17,6,4,20,2,8,6,24,4,22,26,10,8,30,6,32,4,34,2,32,2,36,39,28,18,42,12,44,4,2,46,40,12,50,8,52,6,54,2,48,18,58,10,60,6,56,63,64,28,66,48,68,12,70,8,72,2,74
f479ccb2245c9ce8 0 0 2359558,4,2,12,8,16,4,18,2,15,20,6,4,8,6,26,4,25,28,10,8,32,6,34,2,34,4,38,2,36,41,30,22,44,12,2,46,42,12,50,8,52,6,54,4,56,2,48,22,60,10,62,6,64,4,66,2,58,68,70,42,72,48,74,12,76,8,78,6,80,4,82,2,84
e4f24f5e13fae2c0 0 0 2162950,4,2,12,8,15,17,6,4,20,2,8,6,24,4,22,26,10,8,30,6,32,4,34,2,32,2,36,39,28,18,42,12,44,4,2,46,40,12,50,8,52,6,54,2,48,18,58,10,60,6,56,63,64,28,66,40,68,48,70,12,72,8,74,4,76,2,78
64c298c299549a68 0 0 1507590,12,6,14,4,4,16,9,11,8,6,22,2,23,24,4,2,20,18,30,12,32,10,34,8,36,6,29,38,26,8,42,4,44,2,40,18,48,10,50,6,46,53,54,18,56,4,58
3ff2b0520d561460 0 0 1900806,12,6,14,2,4,16,10,2,9,20,8,6,24,2,25,26,4,2,22,18,32,12,34,10,36,8,38,6,40,4,31,43,28,8,46,4,48,2,44,18,52,10,54,6,50,57,58,18,60,22,62,10,64,8,66,4,68,2,70
a8fb92603704f400 0 0 1900806,12,8,14,6,4,16,10,4,20,2,9,22,8,6,26,2,27,28,4,2,24,18,34,12,36,10,38,6,40,2,33,43,30,8,46,4,48,2,44,18,52,10,54,6,56,4,50,59,60,18,62,24,64,30,66,10,68,4,70
635db6221378dc48 0 0 1966342,12,6,14,2,13,16,10,4,20,2,11,23,10,8,26,6,28,4,26,4,30,33,24,18,36,6,38,4,2,41,34,12,44,10,46,6,48,4,50,2,42,18,54,10,56,8,58,2,53,61,62,18,64,24,66,12,68,8,70,2,72
72410dd051c262e0 0 0 1966342,12,6,14,2,13,16,10,4,10,2,20,22,10,8,26,6,28,4,26,4,31,32,24,18,36,6,38,4,2,41,34,12,44,10,46,4,48,2,42,18,52,10,54,8,56,2,51,58,60,18,62,24,64,34,66,10,68,8,70,2,72
bf79e14403187800 0 0 1966342,12,6,12,2,14,17,10,4,10,2,20,22,10,8,26,6,28,4,26,4,30,33,24,18,36,6,38,4,2,41,34,12,44,10,46,6,48,4,50,2,42,18,54,10,56,8,58,2,52,61,62,24,64,42,66,12,68,10,70,4,72
a6010820bef8d6e0 0 0 1835270,12,2,12,6,15,16,10,4,20,2,11,23,10,8,26,6,28,4,26,4,31,32,24,18,36,6,38,4,2,41,34,12,44,10,46,4,48,2,42,18,52,10,54,8,56,2,50,58,60,24,62,34,64,42,66,4,69
9631559486327668 0 0 1442054,12,10,14,6,16,2,2,18,6,4,6,2,23,25,10,4,8,28,26,20,32,8,2,34,30,12,38,8,40,2,36,20,44,10,46,2,43,48,50,20,52,10,54,2,56
51c4dbeea0caaa60 0 0 1638662,12,10,14,6,16,4,2,18,6,2,6,4,23,25,10,4,8,28,26,20,32,8,2,34,30,12,38,8,40,2,36,20,44,10,46,2,43,48,50,20,52,26,54,10,56,6,58,4,60,2,63
c2776656761ed2c0 0 0 1704198,12,6,14,4,16,2,2,19,6,4,22,2,6,2,24,27,10,4,9,30,28,20,34,8,2,37,32,12,40,10,42,8,44,4,38,20,48,10,46,51,52,20,54,28,56,32,58,12,60,10,62,8,64
f68c4966ecaa4600 0 0 1638662,12,10,14,8,16,2,16,18,10,2,5,23,8,6,9,27,24,20,30,8,2,33,28,12,36,8,38,6,34,20,42,10,44,8,46,6,48,4,50,2,41,53,54,20,56,12,58,10,60,8,62
a51da66a58e02e48 0 0 1573126,12,10,14,8,16,2,17,19,5,10,8,6,9,25,22,20,28,8,2,31,26,12,34,8,36,6,32,20,40,10,42,8,44,6,46,4,39,48,50,20,52,22,54,12,56,8,58,2,61
1880af744bb0f048 0 0 1638662,12,10,14,8,16,2,17,19,5,10,8,6,9,25,22,20,28,8,2,31,26,12,34,8,36,6,32,20,40,10,42,8,44,6,46,4,39,48,50,20,52,22,54,26,56,12,58,6,60,2,62
0f135228e5ac5228 0 0 1769734,12,10,14,8,16,2,16,18,4,2,10,22,8,6,9,27,24,20,30,8,2,33,28,12,36,8,38,6,34,20,42,10,44,8,46,6,48,4,50,2,40,53,54,24,56,34,58,12,60,6,62,4,64,2,67
2508ee7887000cc0 0 0 1835270,12,10,14,8,16,2,16,18,4,2,10,22,8,6,9,27,24,20,30,8,2,33,28,12,36,8,38,6,34,20,42,10,44,8,46,6,48,4,50,2,40,53,54,24,56,28,58,34,60,12,62,8,64,4,66,2,68
ab04b2480104b248 0 0 1245446,12,8,14,6,6,16,16,2,6,20,4,2,2,24,22,18,28,10,8,30,26,2,32,18,36,6,38,4,40,2,34,42,44,18,46,22,48,32,50
6a98c09818ea90c8 0 0 1245446,12,8,14,6,6,16,16,2,6,20,4,2,2,24,22,18,28,10,8,30,26,2,32,18,36,6,38,4,40,2,34,42,44,26,46,32,48,2,50
8558d25ad52a8228 0 0 1376518,10,8,8,14,14,2,8,18,4,2,2,22,20,16,26,12,28,8,6,30,24,2,32,16,36,8,38,4,40,2,34,42,44,16,46,24,48,32,50,8,52,2,54
8aa528d2ad82d228 0 0 1573126,12,8,14,4,16,2,6,4,18,20,8,2,10,25,8,4,28,2,28,30,20,2,26,22,36,8,38,2,34,41,32,4,42,22,46,12,48,8,45,51,52,22,54,42,56,12,58,8,61
910a8f1e789c6688 0 0 1507590,12,6,14,4,4,2,16,18,10,8,8,22,8,6,26,4,28,2,28,30,24,20,34,8,4,36,32,6,40,4,38,20,44,12,46,2,42,48,50,24,52,38,54,8,56,4,58
64edf356642e9ac0 0 0 1638662,12,6,14,4,16,2,4,2,19,20,10,8,8,24,8,6,28,4,30,2,30,32,26,22,36,8,4,38,34,6,42,4,40,22,46,12,44,49,50,26,52,34,54,40,56,8,58,6,60,4,62
82f2088802720888 0 0 1573126,10,8,8,14,12,8,18,6,3,20,6,2,6,4,24,26,22,16,30,6,32,2,3,34,28,8,38,4,36,16,42,12,44,8,46,4,48,2,41,51,52,22,54,12,56,4,58,2,61
ddd920a45a5ea420 0 0 1376518,12,4,12,6,16,4,18,2,14,20,10,2,4,24,8,4,28,2,29,31,26,22,34,4,6,36,32,8,38,22,42,12,44,8,46,4,48,2,41,51,52,4,54
623e8e8466328a88 0 0 1442054,12,6,14,4,16,2,14,18,10,2,6,22,8,6,26,2,26,28,24,20,32,6,4,34,30,8,38,2,36,20,42,12,44,8,46,6,40,48,50,20,52,12,54,6,56
7868cb92db926868 0 0 1573126,12,4,12,6,16,4,18,2,14,20,10,8,4,24,8,6,28,4,30,2,30,32,26,22,36,4,6,38,34,8,42,6,40,22,46,12,48,8,50,6,52,4,54,2,44,56,58,40,60
4eec02a88220a208 0 0 1638662,12,4,12,6,16,4,18,2,14,20,10,8,4,24,8,6,28,4,30,2,30,32,26,22,36,4,6,38,34,8,42,6,40,22,46,12,48,8,50,6,52,4,54,2,44,56,58,26,60,40,62
d55557d28d288828 0 0 1573126,12,10,14,4,16,2,2,18,12,4,22,2,12,2,24,26,8,6,8,30,4,2,28,20,36,2,34,38,32,12,42,8,40,20,46,12,48,4,44,50,52,20,54,28,56,32,58,8,60
9a8fcb9e8268c268 0 0 1507590,12,10,14,2,14,16,12,2,14,8,20,22,6,4,6,26,10,8,24,18,32,12,34,10,36,2,30,38,28,8,42,6,44,2,40,18,48,10,46,50,52,18,54,24,56,10,58
dfdfdfeab58a8a40 0 0 1638662,12,10,14,2,14,16,12,2,14,8,20,22,6,4,6,26,10,8,24,18,32,12,34,10,36,2,30,38,28,8,42,6,44,2,40,18,48,10,46,50,52,18,54,24,56,28,58,10,60,6,62
90009104e38c6208 0 0 1310982,12,2,12,14,12,10,12,8,18,20,6,4,6,24,10,8,28,2,22,16,32,12,30,34,26,8,38,6,36,16,42,10,40,44,46,22,48,36,50,12,52
111c40083882faa0 0 0 1442054,12,2,12,14,12,10,12,8,18,20,6,4,6,24,10,8,28,2,22,16,32,12,30,34,26,8,38,6,36,16,42,10,40,44,46,22,48,26,50,36,52,12,54,6,56
a868be7ebc5eaa48 0 0 1114374,10,8,14,6,8,16,3,6,4,2,12,23,20,18,26,8,23,28,24,8,32,4,30,18,36,8,38,6,34,40,42,18,44,8,46
c26fc22c865c86e0 0 0 1966342,12,4,14,2,12,6,17,18,10,8,4,2,22,25,8,4,28,2,29,31,6,4,26,20,36,4,38,2,35,41,32,8,44,2,42,20,48,12,50,8,52,4,54,2,46,57,58,20,60,26,62,42,64,12,66,10,68,4,70,2,73
efa03044df503c88 0 0 1900806,12,4,14,2,12,6,18,4,16,20,10,8,4,24,8,6,28,4,30,2,31,33,26,22,36,4,6,38,34,8,42,6,44,2,40,22,48,12,50,8,52,6,54,4,56,2,47,59,60,34,62,40,64,8,66,6,68,2,71
a4f991cc94fa6e00 0 0 1507590,10,8,14,4,8,16,3,6,12,8,22,6,24,4,4,26,20,18,30,8,4,32,28,8,36,4,38,2,34,18,42,8,44,6,41,46,48,18,50,28,52,8,54,6,56,4,58
96d2d442440056c0 0 0 1507590,10,8,14,4,8,16,3,6,12,8,22,6,24,4,4,26,20,18,30,8,4,32,28,8,36,4,38,2,34,18,42,8,44,6,41,46,48,18,50,20,52,28,54,8,56,4,58
68d6be00e0d63600 0 0 1179910,10,8,8,14,4,2,6,18,12,8,22,6,4,24,20,16,28,8,4,30,26,8,34,2,32,16,38,8,40,6,36,42,44,20,46,32,48
64a05f78cf38f4e0 0 0 2097414,8,6,14,4,16,2,12,6,20,4,22,2,18,24,8,4,6,4,29,31,10,8,8,34,30,2,32,26,40,12,42,6,44,4,46,2,38,48,36,12,52,8,54,2,50,26,58,12,60,8,62,6,64,2,57,67,68,26,70,32,72,12,74,4,76
f658fbea18584040 0 0 1507590,8,6,14,4,16,2,12,18,8,4,2,23,10,8,8,26,6,4,30,2,24,20,34,12,32,36,28,12,40,8,42,2,38,20,46,12,48,8,50,4,44,53,54,24,56,38,58
69e16ca01be46ca0 0 0 1507590,12,6,7,15,10,8,18,6,20,4,22,2,8,24,18,2,2,28,6,2,26,16,34,6,33,37,30,10,40,8,42,4,38,16,46,8,48,6,45,51,52,16,54,12,56,6,59
113e5080313e7080 0 0 1638662,8,6,14,4,16,2,3,18,10,8,22,6,22,24,3,4,14,2,26,20,32,10,34,6,36,4,38,2,30,40,28,6,44,4,42,20,48,12,50,8,52,4,46,54,56,42,58,6,60,2,62
58128520591a8428 0 0 1245446,12,8,14,4,6,2,16,18,10,6,8,22,10,4,2,26,24,20,30,6,32,2,6,34,28,10,36,20,40,8,42,6,44,2,38,46,48,24,50
e444e540e1444040 0 0 1507590,12,8,14,2,7,16,8,2,10,6,21,22,10,4,2,26,6,2,24,18,32,6,31,35,28,10,38,2,36,18,42,8,44,6,46,2,41,48,50,18,52,24,54,12,56,6,59
673232c887828288 0 0 1900806,12,6,7,15,8,2,10,8,20,6,22,4,24,2,19,26,20,2,2,30,6,2,28,16,36,6,35,39,32,10,42,8,44,4,40,16,48,8,50,6,52,2,47,54,56,16,58,32,60,12,62,10,64,8,66,6,68,4,70
8c8226a86e42c468 0 0 1900806,12,4,14,2,12,6,18,4,16,20,10,8,24,4,26,2,4,28,8,6,32,4,34,2,34,36,30,22,40,4,6,42,38,8,46,6,44,22,50,12,52,8,54,6,56,4,48,58,60,30,62,38,64,44,66,8,68,6,70
9bb9fae6819c8060 0 0 1442054,4,2,10,8,16,6,18,4,15,20,8,4,12,6,24,26,6,4,30,2,8,6,33,34,28,22,38,12,40,6,3,42,36,12,46,8,44,22,50,12,48,52,54,28,56
66c0226e4e6a8280 0 0 2228486,4,2,10,8,16,6,18,4,15,20,8,6,24,2,12,4,28,2,26,30,6,4,34,2,8,4,38,2,37,40,32,22,44,12,46,4,48,2,3,50,42,12,54,8,52,22,58,12,60,6,62,4,64,2,56,66,68,22,70,32,72,10,74,8,76,6,78,2,80
ae87a28859fa8828 0 0 1900806,4,2,10,8,16,6,18,4,15,20,8,4,12,6,26,2,24,29,6,4,32,2,8,6,35,36,30,22,40,12,42,6,44,2,3,47,38,12,50,8,52,2,48,22,56,12,58,2,55,61,62,30,64,38,66,8,68,6,70
1cd4a0e418d0a4e0 0 0 1310982,12,4,6,2,14,16,10,6,20,4,8,22,2,10,24,18,28,6,30,2,6,32,26,10,36,4,34,18,40,8,42,6,44,2,38,46,48,24,50,26,52
e1e5be1abe1ae440 0 0 1638662,12,10,14,8,7,16,10,8,10,6,21,22,10,4,2,26,6,2,24,18,32,6,31,35,28,10,38,2,36,18,42,10,44,8,46,6,41,48,50,18,52,24,54,28,56,12,58,6,60,2,63
2a5f29ca9b2210c0 0 0 1835270,12,10,14,6,16,2,12,19,14,8,22,6,9,24,8,4,2,29,12,8,26,20,34,12,36,6,33,38,30,8,42,6,40,20,46,12,48,10,50,8,52,4,54,2,45,56,58,20,60,26,62,10,64,6,66,4,68
c5ccb888454c3808 0 0 2162950,12,10,14,6,12,4,18,2,16,20,10,8,24,6,9,26,8,2,4,2,31,33,12,8,36,4,38,2,28,22,42,12,44,6,46,4,48,2,41,50,34,8,54,6,52,22,58,12,60,10,62,8,64,2,57,67,68,22,70,28,72,52,74,12,76,4,78
82e44ac20a4e4a68 0 0 1442054,12,8,14,2,7,16,10,6,8,20,20,4,24,2,2,26,6,2,22,18,32,6,31,35,28,10,38,2,36,18,42,8,44,6,41,47,48,28,50,36,52,12,54,6,57
420eac2c0ec2e0e0 0 0 1376518,10,8,14,6,16,4,18,2,2,20,6,2,16,25,2,4,26,22,30,10,32,8,10,35,28,6,36,22,40,12,42,10,44,8,39,46,48,22,50,12,52,8,54
02e29e2e00a0d828 0 0 2031878,4,2,10,8,16,6,18,4,15,20,8,6,24,2,12,4,26,29,6,4,32,2,8,4,36,2,35,38,30,22,42,12,44,4,3,47,40,12,50,8,52,2,48,22,56,12,58,6,60,4,55,63,64,22,66,30,68,40,70,10,72,2,74
2ab1aad47e1a5480 0 0 2097414,4,2,10,8,16,6,18,4,15,20,8,4,12,8,26,6,28,4,30,2,24,32,8,6,6,4,38,2,36,41,34,22,44,12,46,8,48,6,50,4,52,2,3,54,42,12,58,8,56,22,62,12,61,65,66,34,68,56,70,10,72,6,74,4,77
42ab5454ab4242e8 0 0 2162950,4,2,10,8,16,6,18,4,15,20,8,4,12,8,26,6,28,4,24,31,8,6,6,4,36,2,34,39,32,22,42,12,44,8,46,6,48,4,3,51,40,12,54,8,56,2,52,22,60,12,62,2,58,64,66,32,68,40,70,52,72,10,74,8,76,4,79
333de86ee2648e08 0 0 2162950,12,10,4,14,8,6,18,2,12,8,22,6,24,4,21,26,6,4,30,2,8,4,34,2,32,37,4,2,28,16,42,12,44,8,46,6,48,4,40,50,38,12,54,6,56,2,52,16,60,12,62,8,64,4,66,2,59,68,70,16,72,28,74,12,76,8,78
8282653661726828 0 0 2031878,12,10,14,6,4,16,8,6,12,8,22,4,21,25,6,4,28,2,8,4,30,33,4,2,26,18,38,12,40,8,42,4,36,45,34,12,46,18,50,12,52,8,54,6,56,4,58,2,48,61,62,26,64,34,66,12,68,8,70,4,72,2,75
2e94b694942ec048 0 0 2228486,12,10,4,14,8,2,12,8,20,4,18,23,6,4,26,2,8,6,30,4,32,2,28,34,4,2,24,16,40,12,42,8,44,4,38,47,36,12,50,6,52,2,48,16,56,12,58,8,60,6,62,4,64,2,55,67,68,16,70,24,72,36,74,12,76,8,78,2,81
1b16d8d2699e7888 0 0 1573126,12,10,14,2,4,16,8,2,12,2,20,22,8,6,7,27,4,2,24,18,32,12,34,2,30,36,28,12,40,8,42,6,44,2,38,18,48,12,50,6,52,4,54,2,47,57,58,38,60
1d04be0851c87a80 0 0 1704198,12,10,14,2,4,16,8,2,12,2,20,22,8,6,6,26,4,2,24,18,32,12,34,2,30,36,28,12,40,6,42,2,38,18,46,12,48,8,50,6,52,4,54,2,44,56,58,24,60,38,62,12,64
278002802f880a88 0 0 1442054,12,10,14,4,7,16,9,10,8,4,2,22,6,2,20,18,28,6,27,31,24,8,34,6,36,2,32,18,40,10,42,6,38,45,46,18,48,24,50,32,52,10,54,6,57
22866b862ae836e8 0 0 1638662,4,2,12,10,16,4,15,18,8,2,13,22,8,6,6,26,24,20,30,12,5,33,28,12,36,6,34,20,40,12,42,8,44,6,46,4,48,2,39,50,52,20,54,24,56,34,58,6,60,4,62
c89d7b2ae8b81c48 0 0 1835270,12,10,14,2,4,16,8,2,12,2,20,22,8,6,6,26,4,2,24,18,32,12,34,2,30,36,28,12,40,6,42,2,38,18,46,12,48,8,50,6,52,4,54,2,44,56,58,24,60,28,62,38,64,12,66,6,68
3ca85c0e438adce0 0 0 1638662,4,2,12,10,16,4,15,18,8,2,13,22,8,6,6,26,24,20,30,12,5,33,28,12,36,6,34,20,40,12,42,8,44,6,46,4,48,2,39,50,52,20,54,24,56,28,58,34,60,4,62
b628018e2c068000 0 0 2359558,12,6,14,4,6,4,16,18,4,2,12,8,24,6,26,2,22,29,10,8,32,6,34,2,34,4,38,2,36,40,18,2,30,20,46,12,48,8,50,6,52,2,44,55,42,12,58,10,60,4,56,20,64,10,66,6,68,4,63,71,72,30,74,12,76,10,78,8,80,6,82,2,85
d8d20d343b3c6ca8 0 0 2556166,12,6,14,2,6,4,18,2,17,21,4,2,12,8,26,6,28,4,30,2,24,33,10,8,36,6,38,2,38,4,42,2,41,45,34,22,48,12,50,8,52,6,54,4,56,2,19,59,46,12,62,10,60,22,66,10,68,6,70,4,72,2,64,75,76,22,78,34,80,12,82,10,84,6,86,4,88,2,91
ef09d01044264400 0 0 2359558,12,6,14,2,6,4,18,2,17,21,4,2,12,8,26,6,28,4,30,2,24,33,10,8,36,6,38,4,40,2,38,2,42,44,34,22,48,12,50,8,52,6,54,4,56,2,19,59,46,12,62,10,64,4,60,22,68,10,70,6,72,2,67,74,76,34,78,46,80,12,82,4,85
a11f4efcbbf018a0 0 0 2425094,12,6,14,2,6,4,18,2,17,21,4,2,12,8,26,6,28,4,30,2,24,33,10,8,36,6,38,2,38,4,42,2,41,45,34,22,48,12,50,8,52,6,54,4,56,2,19,59,46,12,62,10,60,22,66,10,68,6,70,4,72,2,64,75,76,22,78,34,80,46,82,12,84,8,86
48dacfda4efe0040 0 0 2228486,12,6,14,4,16,2,16,19,12,8,22,6,24,2,7,27,10,8,30,6,32,4,34,2,32,2,37,39,6,4,42,2,28,20,46,12,48,8,50,6,52,2,44,55,40,12,58,10,56,20,62,10,64,6,60,66,68,28,70,12,72,10,74,8,76,6,78,2,81
1b4f02309dc6fe00 0 0 2228486,12,6,14,2,14,17,6,2,12,8,22,6,24,4,26,2,20,29,10,8,32,6,34,2,34,4,38,2,37,41,6,4,30,18,46,12,48,8,50,6,52,4,54,2,45,57,42,12,60,10,58,18,64,10,66,6,68,4,70,2,62,73,74,18,76,30,78,10,80
dd43621033ec4c80 0 0 2097414,12,6,14,4,16,2,16,19,12,8,22,6,24,2,7,27,10,8,30,6,32,4,34,2,32,2,37,39,6,4,42,2,28,20,46,12,48,8,50,6,52,2,44,55,40,12,58,10,56,20,62,10,64,6,60,66,68,28,70,40,72,12,74,4,76
af2065aa9952ac28 0 0 2490630,12,6,14,2,14,17,6,2,12,8,22,6,24,4,26,2,20,29,10,8,32,6,34,2,34,4,38,2,37,41,6,4,30,18,46,12,48,8,50,6,52,4,54,2,45,57,42,12,60,10,58,18,64,10,66,6,68,4,70,2,62,73,74,18,76,30,78,42,80,8,82,6,84,4,86,2,89
1c4d608ec15c4260 0 0 1507590,10,4,3,14,8,4,8,6,20,4,18,22,3,4,24,16,28,10,30,8,10,32,26,6,36,4,34,16,40,12,42,10,44,6,38,46,48,24,50,34,52,8,54,6,56,4,58
2a1e00b42a220088 0 0 1245446,6,10,12,8,16,4,4,18,8,6,22,4,24,2,24,26,4,2,20,14,32,4,30,34,28,8,38,6,40,2,36,14,44,8,42,46,48,14,50
ee3efa80ce3eda80 0 0 1573126,8,6,14,4,16,2,14,18,10,8,22,6,22,24,4,2,2,28,26,20,32,10,34,6,36,4,38,2,16,40,30,6,44,2,42,20,48,12,50,2,46,52,54,42,56,6,58,4,60
0ec0f46a94fa3ea0 0 0 1638662,12,8,14,6,16,2,2,18,10,4,5,22,8,6,26,2,2,28,6,4,24,20,34,12,36,10,38,6,33,41,30,6,42,20,46,6,48,2,44,50,52,20,54,24,56,30,58,10,60,6,62
c880d8a04800d8a0 0 0 1573126,12,8,14,4,2,16,4,2,10,8,20,22,8,6,26,4,2,28,24,18,32,12,34,10,36,8,6,38,30,6,42,4,44,2,40,18,48,6,50,4,46,52,54,40,56,6,58,4,60
8878f07888287828 0 0 1573126,12,8,14,4,2,16,4,2,10,4,20,22,8,6,26,4,2,28,24,18,32,12,34,10,36,4,6,38,30,6,42,4,44,2,40,18,48,6,50,4,46,52,54,24,56,40,58,6,60
ae8ee6ce66ec6ae8 0 0 1573126,12,8,14,6,2,16,6,2,10,8,20,22,8,4,2,27,6,4,24,18,32,12,34,10,36,8,31,38,28,4,42,2,40,18,46,4,45,49,50,18,52,28,54,40,56,4,58,2,61
c6202802ec8a02a8 0 0 1638662,10,8,14,6,2,16,6,2,16,4,22,2,21,24,2,4,26,18,30,10,32,8,34,4,36,2,10,39,28,6,40,18,44,12,46,10,48,8,50,6,52,4,43,54,56,26,58,12,60,10,62
c0c2dec2e2687468 0 0 1704198,12,8,14,4,16,2,2,18,4,2,10,4,22,24,8,6,2,29,6,4,26,20,34,12,36,10,38,4,40,2,33,42,30,6,46,2,44,20,50,6,49,53,54,26,56,30,58,44,60,6,62,4,65
ac5a0c6aa8384848 0 0 1704198,12,8,14,4,2,16,4,2,10,4,20,22,8,6,26,4,2,28,24,18,32,12,34,10,36,4,6,38,30,6,42,4,44,2,40,18,48,6,50,4,46,52,54,18,56,24,58,30,60,40,62,6,64
e2006aaa48e24848 0 0 1966342,12,8,14,4,16,2,16,18,10,4,9,22,8,4,26,2,2,28,24,20,32,12,34,10,36,6,38,4,40,2,6,42,30,8,46,6,44,20,50,12,52,6,54,4,56,2,49,59,60,20,62,24,64,12,66,10,68,6,70,2,73
f222022af8880880 0 0 1769734,12,4,12,14,8,4,10,18,8,6,22,2,4,24,6,4,20,16,30,12,32,10,34,8,36,4,38,2,29,41,26,8,44,6,42,16,48,12,50,8,52,6,54,4,47,57,58,42,60,8,62,6,64,4,67
8a16804c54c804c8 0 0 1704198,12,10,14,6,5,16,14,4,16,4,22,2,20,24,3,15,14,8,30,6,26,18,34,12,36,10,38,2,32,40,28,6,44,4,42,18,48,10,50,8,46,52,54,42,56,12,58,10,60,8,62,6,64
61eed222c34c7080 0 0 1310982,8,10,12,6,16,4,18,2,18,21,6,4,3,24,6,2,22,14,30,4,32,2,28,34,26,4,36,14,40,2,39,43,44,22,46,36,48,6,50,2,53
c222c8886222c888 0 0 1507590,10,8,8,6,14,16,12,8,7,20,4,2,4,24,6,4,28,2,22,18,32,10,34,8,36,4,31,38,26,4,40,18,44,10,46,6,48,2,42,50,52,22,54,12,56,8,58
57ff2282b14c08a8 0 0 2294022,12,10,14,4,16,2,16,18,12,6,22,2,2,24,8,6,28,4,30,2,8,4,34,2,32,37,4,2,26,20,42,12,44,10,46,6,48,4,50,2,40,53,38,12,56,6,58,4,60,2,54,20,64,10,66,4,68,2,62,71,72,20,74,26,76,12,78,10,80,4,82
215444c43832c8c8 0 0 1835270,12,10,14,2,14,16,12,6,20,2,2,22,8,6,26,4,28,2,8,4,32,2,30,35,4,2,24,18,40,12,42,10,44,6,38,47,36,12,50,6,52,4,54,2,48,18,58,10,56,61,62,36,64,6,66,2,68
7208f708f2882288 0 0 2490630,12,10,14,8,16,6,18,4,20,2,20,22,12,8,26,2,2,28,8,6,32,4,34,2,8,4,36,39,4,2,30,24,44,12,46,10,48,8,50,4,52,2,42,55,40,12,58,8,60,4,62,2,56,24,66,10,68,4,70,2,64,73,74,24,76,40,78,12,80,10,82,8,84,4,86,2,88
3871c2c2d312e068 0 0 2097414,12,10,14,4,16,2,16,18,12,6,22,2,2,24,8,4,8,6,30,4,28,33,26,20,36,12,38,10,40,6,42,4,44,2,5,47,34,12,50,6,52,4,48,20,56,10,58,4,60,2,55,63,64,20,66,26,68,34,70,12,72,10,74,4,76
51d2d3f04aaae000 0 0 1769734,12,10,14,2,14,16,12,6,2,20,8,6,24,4,26,2,8,4,30,2,28,33,4,2,22,18,38,12,40,10,42,6,44,2,36,47,34,12,50,6,52,4,48,18,56,10,54,59,60,22,62,48,64,4,66
999ee688f89eee88 0 0 2162950,12,10,14,4,16,2,16,18,12,6,2,22,8,6,26,4,28,2,8,4,32,2,30,35,4,2,24,20,40,12,42,10,44,6,46,4,38,49,36,12,52,6,54,4,50,20,58,10,60,4,62,2,56,65,66,20,68,24,70,50,72,12,74,10,76,2,78
102056c05820dec0 0 0 2228486,12,10,14,4,14,16,12,6,20,4,22,2,20,2,25,27,8,6,30,4,32,2,8,4,36,2,34,39,4,2,28,18,44,12,46,10,48,6,50,4,42,53,40,12,56,6,58,4,54,18,62,10,64,4,66,2,61,68,70,28,72,40,74,12,76,4,78,2,81
2b29e682fb269688 0 0 1835270,12,10,14,6,16,2,16,4,19,20,12,4,12,2,25,26,8,4,30,2,8,6,34,4,36,2,32,39,28,22,42,12,44,10,46,2,5,48,40,12,52,4,54,2,50,22,58,10,57,60,62,50,64,12,66,10,68
81d0a834375a1e28 0 0 2359558,12,10,14,4,16,2,14,2,18,20,12,6,24,4,25,27,8,6,30,4,32,2,8,4,36,2,34,39,4,2,28,22,44,12,46,10,48,6,50,4,52,2,42,55,40,12,58,6,60,4,62,2,56,22,66,10,68,4,70,2,65,72,74,28,76,56,78,12,80,6,82,4,85
4bd3c7d6189e6868 0 0 1900806,12,10,14,4,16,2,14,19,12,6,22,4,24,2,23,26,8,4,8,6,32,4,30,35,28,20,38,12,40,10,42,6,5,45,36,12,48,6,50,4,46,20,54,10,52,56,58,20,60,28,62,46,64,12,66,10,68,6,71
e1ef7a121a1402c0 0 0 1966342,12,10,14,2,14,4,17,18,12,6,22,4,24,2,23,26,8,4,8,6,32,4,30,35,28,20,38,12,40,10,42,6,44,2,5,46,36,12,50,6,52,4,48,20,56,10,58,2,54,61,62,36,64,48,66,12,68,10,70,6,72
897864b8dd0c3cc0 0 0 2359558,12,10,14,8,16,4,16,18,12,8,22,6,24,4,24,26,8,6,30,4,8,4,34,2,32,37,4,2,28,20,42,12,44,10,46,8,48,6,50,2,40,53,38,12,56,8,58,6,60,4,62,2,54,20,66,10,68,2,64,71,72,28,74,38,76,54,78,12,80,8,82,4,84
86969848ce1e9848 0 0 2097414,12,10,14,6,16,4,18,2,16,21,12,4,12,2,25,26,8,4,30,2,8,6,34,4,36,2,32,39,28,22,42,12,44,10,5,47,40,12,50,4,52,2,48,22,56,10,58,2,55,61,62,22,64,28,66,40,68,48,70,12,72,10,74,4,77
3332d3224c980688 0 0 2097414,12,10,14,6,16,4,18,2,16,2,20,22,12,4,12,26,8,6,30,4,8,4,32,35,4,2,28,24,40,12,42,10,44,2,38,47,36,12,50,4,52,2,48,24,56,10,58,4,60,2,54,63,64,24,66,12,68,10,70,6,72,4,74,2,76
df42af825d90aa28 0 0 2097414,12,10,14,6,16,4,18,2,16,2,20,22,12,4,12,26,8,6,30,4,8,4,32,35,4,2,28,24,40,12,42,10,44,2,38,47,36,12,50,4,52,2,48,24,56,10,58,4,60,2,54,63,64,24,66,28,68,10,70,6,72,4,74,2,76
8f0a82888f828200 0 0 1442054,12,10,14,4,7,16,9,10,8,4,2,22,6,2,20,18,28,6,27,31,24,8,34,6,36,2,32,18,40,10,42,6,38,45,46,18,48,20,50,24,52,32,54,6,57
ebce3848cdceb448 0 0 1835270,12,2,12,6,15,17,10,4,20,2,4,22,10,8,26,4,6,28,24,18,32,12,34,6,2,37,30,12,40,10,42,4,44,2,38,18,48,12,50,6,52,4,47,55,56,18,58,24,60,12,62,6,64,4,66,2,69
2754455062442ac0 0 0 1900806,12,2,12,6,15,17,10,4,20,2,4,22,10,8,26,4,6,28,24,18,32,12,34,6,2,37,30,12,40,10,42,4,44,2,38,18,48,12,50,6,52,4,47,55,56,18,58,24,60,30,62,12,64,6,66,4,68,2,71
1bb5ce8c31cae4c0 0 0 1573126,12,6,14,2,12,16,10,4,20,2,4,22,10,8,26,6,28,4,6,30,24,18,34,12,2,36,32,12,40,10,42,6,44,4,46,2,38,18,50,12,52,4,48,54,56,24,58,38,60
fbff2e802eda7480 0 0 1704198,12,6,14,2,12,16,10,4,20,2,4,22,10,8,26,6,28,4,6,30,24,18,34,12,2,36,32,12,40,10,42,6,44,4,46,2,38,18,50,12,52,4,48,54,56,24,58,32,60,38,62,6,64
d66cd23cd838dc68 0 0 1638662,8,6,14,4,4,16,8,4,20,2,12,10,24,8,23,26,10,8,30,2,9,33,4,2,28,18,38,4,36,40,34,12,44,10,46,4,42,18,50,8,52,2,49,55,56,18,58,12,60,4,62
fcfea8fe00405440 0 0 1835270,8,6,14,4,4,16,8,4,20,2,12,10,24,2,23,26,10,4,9,30,4,2,28,18,36,4,34,38,32,12,42,10,44,8,46,4,48,2,40,18,52,8,54,2,51,57,58,28,60,10,62,8,64,4,66,2,69
89e868e899887888 0 0 1704198,8,6,14,2,4,16,8,4,20,2,12,10,24,4,23,26,10,8,30,4,32,2,9,35,4,2,28,18,40,4,38,42,36,12,46,10,48,8,44,18,52,8,54,2,51,57,58,18,60,28,62,10,64
ae222ca02e220c00 0 0 1769734,8,6,14,4,4,16,8,4,20,2,12,10,24,2,23,26,10,2,9,30,4,2,28,18,36,4,34,38,32,12,42,10,44,8,46,4,48,2,40,18,52,8,54,2,51,57,58,28,60,32,62,8,64,4,67
222d266622286228 0 0 2097414,12,10,14,8,16,4,18,2,16,2,20,22,12,4,12,26,8,6,30,4,6,4,32,35,4,2,28,24,40,12,42,10,44,2,38,47,36,12,50,4,52,2,48,24,56,10,58,4,60,2,54,63,64,24,66,36,68,12,70,10,72,4,74,2,76
358c2dc4c20852c8 0 0 1769734,12,10,14,6,16,4,16,18,12,4,12,22,8,6,26,4,8,4,28,31,4,2,24,20,36,12,38,10,40,4,34,43,32,12,46,4,48,2,44,20,52,10,50,55,56,24,58,32,60,12,62,6,64,4,66
1ce2016e1fb2d020 0 0 1900806,12,10,14,4,16,2,14,19,12,6,22,4,22,2,25,26,8,4,8,6,32,4,30,35,28,20,38,12,40,10,42,6,5,45,36,12,48,6,50,4,52,2,46,20,56,10,58,4,55,60,62,28,64,46,66,10,68,2,70
05e302ead950aa88 0 0 2031878,12,10,14,4,14,16,12,6,20,4,21,23,8,6,26,4,28,2,8,4,32,2,30,35,4,2,24,18,40,12,42,10,44,6,38,47,36,12,50,6,52,4,54,2,48,18,58,10,60,4,57,62,64,18,66,24,68,48,70,10,72,6,75
2225a2208aaa7888 0 0 2031878,12,10,14,4,14,16,12,6,20,4,21,23,8,6,26,4,28,2,8,4,32,2,30,35,4,2,24,18,40,12,42,10,44,6,38,47,36,12,50,6,52,4,54,2,48,18,58,10,60,4,57,62,64,18,66,24,68,36,70,48,72,10,75
f0e40a4efe4aa4e0 0 0 1573126,12,6,3,14,12,10,18,4,20,2,21,22,6,4,26,2,6,28,10,8,32,4,24,16,36,12,38,6,40,4,34,43,30,8,46,6,44,16,50,10,52,6,49,54,56,16,58,6,60
aa5184a2ee044808 0 0 1769734,12,10,14,6,16,2,3,18,12,8,22,4,24,2,24,27,6,4,6,31,10,6,34,4,36,2,28,20,40,12,42,10,44,6,46,4,39,48,32,8,50,20,54,12,56,8,53,59,60,20,62,12,64,8,67
f8486b480fc09cc0 0 0 1835270,12,10,14,6,16,2,3,18,12,8,22,2,23,24,6,4,28,2,6,2,30,33,10,6,36,2,26,20,40,12,42,10,44,6,46,4,38,48,34,8,50,20,54,12,56,8,58,4,53,60,62,26,64,10,66,6,68
416849ac94a49c60 0 0 2097414,12,8,14,6,16,4,3,18,12,10,22,8,24,4,26,2,27,28,6,4,32,2,6,34,10,8,38,6,40,2,30,20,44,12,46,8,48,6,42,51,36,8,52,20,56,12,58,10,60,8,54,62,64,20,66,30,68,12,70,6,72,4,74,2,76
9323942416560848 0 0 2097414,12,10,14,6,16,2,3,18,12,8,22,4,24,2,24,27,6,4,30,2,6,2,32,35,10,6,38,4,28,20,42,12,44,10,46,6,48,4,40,50,36,8,52,20,56,12,58,8,60,2,55,62,64,28,66,36,68,10,70,6,72,4,74,2,76
fd187d5490a0dc20 0 0 1900806,12,8,14,6,16,4,3,18,12,10,22,2,23,24,6,2,6,4,29,31,10,6,34,4,26,20,38,12,40,8,42,6,37,45,32,8,46,20,50,12,52,10,54,4,56,2,48,59,60,20,62,26,64,32,66,12,68,8,71
15665100f70c6ec0 0 0 1769734,3,12,12,10,16,6,18,4,20,2,21,22,6,4,6,27,10,8,30,6,32,4,24,14,36,12,38,4,40,2,35,42,28,8,44,14,48,12,50,10,52,6,46,54,56,14,58,24,60,44,62,12,64,2,66
cb8d3cbec5eafe40 0 0 1966342,12,6,14,4,16,2,16,19,12,8,22,4,24,2,25,26,10,8,30,6,32,4,34,2,32,2,36,39,6,4,42,2,28,20,46,4,48,2,44,50,40,12,54,8,56,6,58,2,52,20,62,8,64,6,66,4,61,68,70,20,72
7b5d04f821dafe20 0 0 2097414,12,6,14,4,16,2,16,19,12,8,22,4,24,2,25,26,10,8,30,6,32,4,34,2,32,2,36,39,6,4,42,2,28,20,46,4,48,2,44,50,40,12,54,8,56,6,58,2,52,20,62,8,64,6,66,4,61,68,70,20,72,28,74,2,76
58f510aeba14a840 0 0 1310982,12,8,14,2,14,17,12,6,20,2,21,22,10,4,10,27,24,18,30,4,32,2,7,34,28,12,36,18,40,8,42,6,44,4,38,46,48,18,50,28,52
61124fb469d87288 0 0 1442054,12,8,14,2,14,17,12,6,20,2,21,22,10,4,10,27,24,18,30,4,32,2,7,34,28,12,36,18,40,8,42,6,44,4,38,46,48,18,50,24,52,28,54,2,56
5058e652c3802020 0 0 1573126,12,10,14,2,10,2,17,19,14,8,19,23,6,4,6,27,24,20,30,12,32,2,10,35,28,8,36,20,40,12,42,8,44,4,46,2,39,49,50,20,52,12,54,10,56,4,58,2,61
edadaf06a0328400 0 0 1638662,12,10,14,2,10,2,17,19,14,8,19,23,6,4,6,27,24,20,30,12,32,2,10,35,28,8,36,20,40,12,42,8,44,4,46,2,39,49,50,20,52,28,54,12,56,10,58,4,60,2,63
b7cee17e74f288e8 0 0 1835270,8,2,10,6,15,16,8,4,8,6,20,22,4,2,4,27,16,4,24,18,32,10,34,8,36,6,38,4,30,40,28,6,42,18,46,12,48,10,50,8,52,4,54,2,44,57,58,18,60,24,62,10,64,8,66,6,68
77fdf6dcb0ba8a20 0 0 2294022,12,10,14,8,16,6,18,4,20,2,20,22,18,2,2,26,8,2,8,6,30,33,10,2,28,24,38,12,40,8,42,6,44,4,46,2,36,48,34,12,52,8,54,6,56,2,50,24,60,6,62,4,64,2,58,67,68,24,70,28,72,12,74,10,76,8,78,4,80,2,82
285830f0f8185808 0 0 1507590,12,10,14,4,16,2,14,19,12,2,12,4,22,25,8,6,8,29,26,20,32,12,34,10,36,2,5,38,30,12,40,20,44,10,46,6,48,4,42,50,52,26,54,12,56,2,58
43129c685612dc68 0 0 1573126,12,10,14,4,16,2,14,19,12,2,12,4,22,25,8,6,8,29,26,20,32,12,34,10,36,2,5,38,30,12,40,20,44,10,46,6,48,4,42,50,52,26,54,30,56,12,58,2,60
48c843cc43e64848 0 0 1835270,12,10,14,4,14,16,12,2,12,4,22,2,21,25,8,6,8,29,4,2,26,18,34,12,36,10,38,4,40,2,32,42,30,12,44,18,48,10,50,6,52,2,47,54,56,18,58,26,60,44,62,10,64,6,66,4,69
dff8dbc802203620 0 0 1900806,12,10,14,4,14,16,12,2,12,4,22,2,21,25,8,6,8,29,4,2,26,18,34,12,36,10,38,4,40,2,32,42,30,12,44,18,48,10,50,6,52,2,47,54,56,18,58,26,60,30,62,44,64,10,66,6,68,4,71
623c3022e036b228 0 0 1704198,12,10,14,4,3,16,12,2,12,21,6,4,6,25,10,8,28,4,22,18,32,12,34,8,36,2,31,38,26,8,42,2,40,18,46,12,48,4,50,2,44,52,54,18,56,22,58,12,60,10,62,4,64
a0accce830acfce8 0 0 2097414,12,10,14,8,16,2,16,18,12,8,22,6,24,2,2,27,6,2,8,4,30,32,28,20,36,12,38,10,40,8,42,6,44,4,46,2,5,49,34,12,52,8,54,6,56,4,50,20,60,10,62,8,64,4,66,2,58,69,70,28,72,12,74,6,76
79c799c617f68888 0 0 2294022,12,10,14,8,16,2,16,18,12,8,22,6,24,2,2,27,6,2,8,4,32,2,30,35,4,2,28,20,40,12,42,10,44,8,46,6,48,4,38,50,36,12,54,8,56,6,58,4,60,2,52,20,64,10,66,8,68,4,63,70,72,20,74,28,76,12,78,10,80,8,82
e2983102dfcc56c0 0 0 2097414,12,10,14,8,16,6,18,4,20,2,20,22,12,8,26,2,2,28,6,2,8,4,32,35,4,2,30,24,40,12,42,10,44,8,38,46,36,12,50,8,52,4,54,2,48,24,58,10,60,8,62,2,56,65,66,30,68,36,70,8,72,6,74,4,76
5a2ae5c0d66a7cc0 0 0 2097414,12,10,14,6,16,2,16,18,12,8,22,6,2,25,8,2,6,4,28,30,26,20,34,12,36,10,38,8,40,6,42,4,5,45,32,12,48,8,50,6,52,4,54,2,46,20,58,10,60,6,62,4,64,2,56,67,68,26,70,46,72,12,74,4,77
a5df6be611a42a68 0 0 2162950,12,10,14,6,16,4,18,2,18,20,12,8,2,24,8,6,28,2,6,4,32,2,31,35,4,2,26,22,40,12,42,10,44,8,38,47,36,12,50,8,52,4,48,22,56,10,58,6,60,2,54,62,64,22,66,26,68,48,70,12,72,10,74,6,76,2,78
ee648808f4fe0808 0 0 1769734,12,10,14,8,16,6,18,4,20,2,20,22,2,13,8,4,28,2,6,4,32,2,30,34,26,24,38,12,40,10,5,43,36,12,46,4,48,2,44,24,52,10,54,4,56,2,50,59,60,26,62,12,64,2,66
008ba3d417faee00 0 0 1704198,8,6,6,14,10,6,18,2,6,4,22,2,20,24,10,2,2,28,6,2,26,16,34,10,36,2,32,38,30,10,42,4,44,2,40,16,48,12,50,6,52,4,46,55,56,26,58,10,60,6,62,2,64
55b5b5dada060600 0 0 1769734,12,10,14,6,16,2,16,18,2,13,8,4,24,2,8,6,28,4,30,2,26,33,22,20,36,12,38,10,40,4,5,42,34,12,46,4,48,2,44,20,52,10,54,2,50,56,58,20,60,34,62,10,64,6,66
ed29e32a9e5aacc0 0 0 1769734,12,10,14,6,16,2,16,18,2,13,8,4,24,2,8,6,28,4,30,2,26,33,22,20,36,12,38,10,40,4,5,42,34,12,46,4,48,2,44,20,52,10,54,2,50,56,58,22,60,34,62,12,64,2,66
5b213242a45e58a8 0 0 2228486,12,10,14,4,16,2,16,18,12,6,22,2,2,25,8,6,28,4,30,2,8,4,34,2,32,37,4,2,26,20,42,12,44,10,46,6,48,2,40,51,38,12,54,6,56,4,58,2,52,20,62,10,64,4,61,66,68,20,70,26,72,52,74,12,76,10,78,4,80
dcf588f477b81020 0 0 2359558,12,10,14,4,16,2,16,18,12,6,22,2,2,25,8,6,28,4,30,2,8,4,34,2,32,37,4,2,26,20,42,12,44,10,46,6,48,2,40,51,38,12,54,6,56,4,58,2,52,20,62,10,64,4,61,66,68,20,70,26,72,38,74,52,76,12,78,10,80,6,82,4,84
e947e9303448bcc0 0 0 1442054,12,10,14,8,16,2,14,18,12,8,22,2,8,2,25,26,6,4,6,30,28,20,9,34,32,8,38,6,36,20,42,10,44,4,41,47,48,20,50,12,52,8,54,4,57
08a891a0a2a264a0 0 0 1245446,12,10,8,2,14,17,12,8,20,2,12,23,6,4,6,26,24,18,9,30,28,8,34,6,32,18,38,12,40,4,37,42,44,24,46,12,48,4,50
18524aaa387240a0 0 0 1442054,8,2,12,14,12,10,18,8,20,2,18,22,6,4,6,26,24,16,8,30,28,8,34,6,32,16,38,12,40,10,42,4,36,44,46,16,48,24,50,32,52,12,54,10,56
facefac0088e0880 0 0 1573126,8,2,12,14,12,10,18,8,20,2,18,22,6,4,6,26,24,16,8,30,28,8,34,6,32,16,38,12,40,10,42,4,36,44,46,16,48,24,50,28,52,32,54,12,56,10,58,6,60
0054445438ecb020 0 0 1835270,12,10,14,4,3,16,12,8,20,2,20,23,6,4,6,26,8,2,24,18,32,12,34,10,36,4,38,2,30,41,28,8,44,6,46,2,42,18,50,12,52,8,54,4,48,56,58,18,60,24,62,12,64,10,66,4,68
0ff4eee0aff4eee0 0 0 1704198,12,10,2,14,12,8,18,6,20,4,2,22,4,2,6,4,27,28,8,6,32,4,34,2,24,16,38,6,40,2,36,43,30,8,46,6,44,16,50,12,52,8,54,4,49,57,58,24,60,12,62,8,65
54404040dc404040 0 0 1442054,12,10,2,14,12,8,18,2,2,21,6,4,6,24,22,16,28,4,9,30,26,8,34,6,32,16,38,12,40,8,42,4,37,45,46,22,48,26,50,12,52,8,54,6,57
c8bf1f4a1f4ae0e0 0 0 1376518,12,10,14,8,16,2,14,18,12,8,8,2,22,24,6,4,6,28,26,20,32,4,9,34,30,8,38,6,36,20,42,10,44,8,46,4,41,48,50,20,52,12,54
7ec05ee05ee05ee0 0 0 1507590,12,6,14,2,2,16,10,8,10,6,20,22,6,4,2,26,6,2,24,18,32,12,34,8,36,6,38,2,31,41,28,6,42,18,46,6,48,4,45,50,52,42,54,4,56,2,58
cddd86665dd46ee8 0 0 2294022,12,10,14,6,12,4,18,2,16,20,10,8,24,6,9,26,8,4,4,2,31,33,12,8,36,4,38,2,28,22,42,12,44,6,46,4,48,2,41,50,34,8,54,6,52,22,58,12,60,10,62,8,64,4,57,67,68,22,70,28,72,34,74,52,76,12,78,8,80,4,83
a4c61d28c6a4e6e0 0 0 2031878,8,6,14,2,4,2,16,18,10,4,4,22,8,4,26,2,6,4,28,30,24,20,34,12,36,8,38,4,2,40,32,12,44,8,46,4,48,2,42,20,52,12,54,8,56,6,58,4,60,2,50,62,64,20,66,24,68,12,70,8,72,4,74
a0cdb0c8e600c660 0 0 2031878,8,6,14,2,4,2,16,18,10,4,4,22,8,4,26,2,6,4,28,30,24,20,34,12,36,8,38,4,2,40,32,12,44,8,46,4,48,2,42,20,52,12,54,8,56,6,58,4,60,2,50,62,64,24,66,32,68,12,70,8,72,2,74
8696e6e8aec6e6e8 0 0 1769734,6,2,4,2,15,16,10,4,4,20,8,6,24,4,8,4,28,2,27,30,22,18,34,12,36,8,38,4,40,2,2,42,32,12,46,8,48,4,44,18,52,12,54,4,56,2,50,58,60,44,62,12,64,2,66
b1c16d9414f24020 0 0 1835270,6,2,4,2,15,16,10,2,4,20,8,6,24,4,8,4,28,2,27,30,22,18,34,12,36,8,38,4,40,2,2,42,32,12,46,8,48,4,44,18,52,12,54,4,56,2,50,58,60,22,62,44,64,12,66,2,68
0ee018901e6a78c0 0 0 1900806,6,2,4,2,15,16,10,4,4,20,8,6,24,4,8,4,28,2,27,30,22,18,34,12,36,8,38,4,40,2,2,42,32,12,46,8,48,4,44,18,52,12,54,4,56,2,50,58,60,18,62,22,64,44,66,12,68,2,70
728c5c6a59aeaac0 0 0 1900806,6,2,4,2,15,16,10,4,4,20,8,6,24,4,8,4,28,2,27,30,22,18,34,12,36,8,38,4,40,2,2,42,32,12,46,8,48,4,44,18,52,12,54,4,56,2,50,58,60,22,62,32,64,44,66,12,68,4,70
7d73dcdc8c287888 0 0 1966342,6,2,4,2,15,16,10,2,4,20,8,6,24,4,8,4,28,2,27,30,22,18,34,12,36,8,38,4,40,2,2,42,32,12,46,8,48,4,44,18,52,12,54,4,56,2,50,58,60,18,62,22,64,32,66,44,68,12,70,4,72
d3e84c8813284c88 0 0 1442054,10,8,14,4,5,16,12,10,4,2,20,23,10,6,26,4,26,29,24,18,32,10,34,2,2,36,30,10,38,18,42,10,44,8,46,6,48,2,40,51,52,18,54,8,56
458dc64e989ce4a0 0 0 1179910,6,2,8,4,15,16,10,6,10,20,3,4,22,18,26,10,28,8,30,4,8,32,24,6,36,4,34,18,40,12,42,8,38,44,46,34,48
41fdda205ae67a80 0 0 1442054,12,10,8,14,12,2,12,8,20,2,19,23,6,4,6,26,8,2,24,16,32,4,30,34,28,8,38,6,40,2,36,16,44,12,46,8,48,4,50,2,42,53,54,16,56
cddd1aaa3888b000 0 0 1573126,12,10,8,14,12,2,12,8,20,2,19,23,6,4,6,26,8,2,24,16,32,4,30,34,28,8,38,6,40,2,36,16,44,12,46,8,48,4,50,2,42,53,54,16,56,28,58,6,60
cfbf4740d580a280 0 0 1310982,10,2,12,10,16,2,14,19,16,8,22,2,12,8,24,26,6,4,6,30,28,20,10,34,32,6,38,2,36,20,42,8,44,4,40,47,48,20,50,2,52
594a79fc79d60c60 0 0 1442054,12,10,14,4,10,4,17,18,12,4,14,22,8,6,8,26,18,2,24,20,30,32,28,12,36,8,38,2,34,20,42,12,44,6,46,4,41,48,50,20,52,6,54,4,56
602c2502a85ab848 0 0 1573126,12,10,14,4,10,4,17,18,12,4,14,22,8,6,8,26,18,2,24,20,30,32,28,12,36,8,38,2,34,20,42,12,44,6,46,4,41,48,50,20,52,28,54,8,56,6,58,4,60
5686de2e90eab848 0 0 1245446,8,6,12,10,14,16,12,4,20,2,14,22,3,4,24,18,28,12,30,10,9,32,26,6,36,4,34,18,40,10,39,43,44,18,46,12,48,6,51
de40a63026305e40 0 0 1310982,8,6,14,4,16,2,12,10,18,20,12,18,4,2,4,26,24,22,30,12,32,10,9,34,28,6,38,2,36,22,42,10,44,2,41,46,48,24,50,12,52
2a992b18347824e8 0 0 1376518,8,6,12,10,14,16,12,4,20,2,14,22,3,4,24,18,28,12,30,10,9,32,26,6,36,4,34,18,40,10,39,43,44,18,46,26,48,12,50,6,52,4,55
b7ed08520852f808 0 0 1245446,12,10,9,14,9,12,4,2,4,20,8,6,18,16,26,12,28,10,24,30,22,6,34,4,32,16,38,10,40,2,37,42,44,32,46,12,48,2,50
22809d681548aaa0 0 0 1442054,12,10,9,14,9,12,4,2,4,20,8,6,18,16,26,12,28,10,24,30,22,6,34,4,32,16,38,10,40,2,37,42,44,16,46,18,48,32,50,12,52,10,54,2,56
817aa870db20d008 0 0 1376518,12,10,9,14,9,12,4,2,4,20,8,6,18,16,26,12,28,10,24,30,22,6,34,4,32,16,38,10,40,2,37,42,44,22,46,32,48,12,50,4,52,2,54
eef2eec0023a0208 0 0 1573126,12,10,9,14,9,12,4,2,4,20,8,6,18,16,26,12,28,10,24,30,22,6,34,4,32,16,38,10,40,2,37,42,44,16,46,18,48,22,50,32,52,12,54,10,56,4,58,2,60
fd357b2a1daa64e0 0 0 1835270,12,6,14,2,2,16,12,10,20,2,2,23,10,8,26,4,6,28,10,4,24,18,34,6,33,36,30,12,40,10,42,4,44,2,38,18,48,12,50,8,52,6,54,4,47,57,58,18,60,12,62,10,64,8,66,4,69
6d3c93f659a29468 0 0 1900806,12,6,14,2,2,16,12,10,20,2,2,23,10,8,26,4,6,28,10,4,24,18,34,6,33,36,30,12,40,10,42,4,44,2,38,18,48,12,50,8,52,6,54,4,47,57,58,18,60,24,62,12,64,10,66,8,68,4,71
0827ee940a00ec80 0 0 1835270,2,13,12,10,16,6,18,2,2,21,10,8,24,4,6,27,10,4,30,2,22,14,34,6,32,36,28,12,40,10,42,6,44,4,46,2,38,14,50,12,52,8,54,4,49,56,58,14,60,28,62,8,64,6,66,2,68
120b5d44d630e600 0 0 1573126,12,6,14,2,9,16,12,10,20,8,22,4,20,4,24,27,4,2,2,30,8,6,28,18,36,2,35,38,32,6,42,2,40,18,46,10,48,8,50,6,52,2,44,54,56,40,58,12,60
b120a82039202020 0 0 1704198,10,8,14,4,12,8,18,6,16,20,12,4,12,10,26,8,24,28,6,4,2,32,14,6,36,4,38,2,30,22,42,2,41,44,34,6,46,22,50,8,52,2,49,54,56,22,58,46,60,8,62,2,64
6268fea4bcec2020 0 0 1900806,8,6,14,4,3,16,10,6,6,4,22,2,20,25,10,2,3,28,6,2,26,18,34,10,36,8,38,4,32,40,30,4,42,18,46,12,48,10,50,8,52,6,54,4,56,2,45,58,60,26,62,42,64,12,66,10,68,2,70
70e90770846a48c0 0 0 1900806,10,2,9,14,12,8,18,4,20,2,3,22,6,4,3,26,24,16,30,12,32,10,34,8,36,2,7,38,28,6,42,4,44,2,40,16,48,10,50,8,52,4,54,2,47,56,58,16,60,24,62,12,64,10,66,4,68,2,70
82c832c88ac03ac0 0 0 1769734,10,2,8,6,14,16,12,8,20,4,3,22,6,4,3,26,24,18,30,12,32,10,34,8,7,36,28,6,40,4,42,2,38,18,46,10,48,8,50,6,52,4,54,2,45,57,58,28,60,8,62,4,64,2,67
a800e0e8c0e88800 0 0 1769734,8,4,14,2,12,6,18,4,17,20,12,10,14,24,8,2,3,29,8,6,32,4,34,2,26,22,38,12,40,10,42,6,44,4,46,2,37,49,30,4,52,2,50,22,56,12,58,8,60,4,62,2,55,65,66
8dd5fff888800008 0 0 1573126,12,10,14,8,16,4,18,2,3,20,12,2,3,24,6,2,5,28,10,4,26,22,34,8,36,4,32,39,30,8,42,6,44,4,40,22,48,12,50,10,52,8,46,54,56,26,58,12,60
772a7f22588afa28 0 0 1769734,12,10,14,6,3,16,12,2,3,20,6,4,5,24,10,8,28,6,22,18,32,8,34,4,36,2,31,38,26,8,42,6,40,18,46,12,48,10,50,6,52,4,54,2,45,56,58,18,60,22,62,10,64,6,66
855c15cc36281e00 0 0 2294022,12,10,14,8,16,6,3,18,12,8,22,4,24,2,3,26,6,2,5,30,10,8,34,6,36,4,38,2,28,20,42,8,44,4,40,47,32,8,50,6,52,4,48,20,56,12,58,10,60,8,62,6,64,4,66,2,54,68,70,20,72,28,74,32,76,10,78,4,80,2,82
bea4b31ace24ccc0 0 0 1835270,12,6,14,4,12,10,18,6,16,21,10,4,18,4,25,26,10,8,30,6,32,4,7,34,24,2,28,22,40,4,42,2,39,44,36,12,48,8,50,2,46,22,54,10,56,6,58,4,53,60,62,22,64,6,66,4,68
8cdd4d204d201280 0 0 1835270,12,6,14,4,12,10,18,6,16,21,10,4,18,4,25,26,10,8,30,6,32,4,7,34,24,2,28,22,40,4,42,2,39,44,36,12,48,8,50,2,46,22,54,10,56,6,58,4,53,60,62,28,64,12,66,6,68
7005e718a2183000 0 0 1966342,12,6,14,4,12,10,18,6,16,21,10,4,18,4,25,26,10,8,30,6,32,4,7,34,24,2,28,22,40,4,42,2,39,44,36,12,48,8,50,2,46,22,54,10,56,6,58,4,53,60,62,22,64,36,66,10,68,8,70,6,72
a9ea76ea1d521080 0 0 2097414,12,6,14,4,12,10,18,6,16,21,10,4,18,4,25,26,10,8,30,6,32,4,7,34,24,2,28,22,40,4,42,2,39,44,36,12,48,8,50,2,46,22,54,10,56,6,58,4,53,60,62,28,64,36,66,12,68,10,70,8,72,6,74,4,76
4749b692b51eb460 0 0 1835270,12,6,14,4,16,2,12,10,20,6,22,2,18,25,10,4,20,4,29,31,10,8,34,6,36,4,7,38,28,2,32,26,44,4,43,47,40,12,50,8,52,2,48,26,56,10,58,6,60,4,54,62,64,48,66,10,68
a1601e968d1698e0 0 0 1966342,12,6,14,4,16,2,12,10,20,6,22,2,18,25,10,4,20,4,29,31,10,8,34,6,36,4,7,38,28,2,32,26,44,4,43,47,40,12,50,8,52,2,48,26,56,10,58,6,60,4,54,62,64,40,66,48,68,8,70,4,72
0a1cba5c58a8e8e8 0 0 1769734,12,10,14,2,3,16,3,12,6,4,22,2,4,2,25,26,10,8,20,18,32,8,34,4,36,2,30,39,28,8,42,6,40,18,46,12,48,10,50,4,52,2,44,55,56,18,58,20,60,10,62,8,64,6,66
5daee6709d8ee660 0 0 1900806,12,10,14,2,3,16,3,12,6,4,4,2,22,24,10,8,20,18,30,8,32,4,34,2,28,37,26,8,40,6,42,2,38,18,46,12,48,10,50,4,52,2,45,55,56,18,58,20,60,26,62,10,64,8,66,6,68,2,71
d0d88098d8408800 0 0 1769734,12,10,14,4,3,16,12,8,20,2,3,23,6,4,5,26,10,4,24,18,32,8,34,4,31,36,28,8,40,6,38,18,44,12,46,10,48,2,42,50,52,28,54,38,56,10,58,8,60,6,62,4,64,2,67
8df82d2028782800 0 0 1376518,12,10,14,2,15,16,12,4,20,2,3,23,8,6,7,26,24,18,30,12,32,6,5,34,28,12,38,8,36,18,42,6,44,2,40,46,48,18,50,12,52,2,54
23745c6209dedcc8 0 0 1507590,12,10,14,4,16,2,16,19,12,4,22,2,3,25,8,6,7,28,26,20,32,12,34,6,5,36,30,12,40,8,38,20,44,6,46,2,42,48,50,20,52,26,54,4,56,2,59
a1bd1f484b18f0e8 0 0 1966342,12,8,14,4,16,2,16,19,12,6,3,22,10,6,4,2,26,28,6,2,24,20,34,12,36,4,38,2,32,41,30,12,44,10,46,6,48,4,50,2,42,20,54,4,53,57,58,20,60,30,62,12,64,10,66,6,68,4,70,2,73
1e1610324c78cc88 0 0 1900806,12,8,14,6,16,4,18,2,19,20,12,6,3,24,10,6,4,2,28,30,6,2,26,22,36,12,38,4,40,2,34,43,32,12,46,10,48,6,50,4,52,2,44,22,56,4,55,59,60,22,62,26,64,32,66,10,68,4,71
688ee82442c26868 0 0 1704198,12,10,14,2,15,16,12,2,3,21,8,6,24,2,6,2,27,28,22,18,32,12,34,6,36,4,38,2,5,41,30,12,44,8,46,4,42,18,50,6,48,53,54,22,56,42,58,8,60,6,62,4,65
e8fef888fdfeb888 0 0 1900806,12,10,14,4,16,2,16,19,12,2,3,23,8,6,26,2,6,2,29,30,24,20,34,12,36,6,38,4,40,2,5,43,32,12,46,8,48,4,44,20,52,6,50,55,56,20,58,24,60,44,62,8,64,6,66,4,68,2,71
8102af42804280e0 0 0 1835270,12,8,14,2,15,16,12,2,3,21,10,4,4,2,24,26,22,18,30,12,32,6,34,4,36,2,7,39,28,12,42,10,44,6,46,2,40,18,50,4,49,53,54,22,56,28,58,40,60,10,62,6,64,4,66,2,68
681c489c9c283c28 0 0 1900806,12,8,14,6,16,2,16,19,12,2,3,23,10,4,4,2,26,28,24,20,32,12,34,6,36,4,38,2,7,41,30,12,44,10,46,6,48,2,42,20,52,4,51,55,56,20,58,24,60,30,62,42,64,10,66,6,68,4,70
ef848f04c77e5e08 0 0 1900806,12,10,14,6,16,4,18,2,16,2,20,23,12,2,5,26,8,6,30,4,32,2,8,4,34,36,4,2,28,24,42,6,44,4,40,46,38,12,50,6,52,2,48,24,56,8,55,59,60,24,62,12,64,8,66,6,68,2,71
799ab7126586fe68 0 0 1507590,12,10,14,4,14,2,16,18,4,2,12,2,22,24,8,6,9,28,26,20,32,6,34,4,5,36,30,12,40,6,38,20,44,8,46,6,48,4,50,2,42,52,54,26,56,2,58
c245818e27cc1488 0 0 1704198,12,10,14,6,16,4,16,19,12,6,22,4,5,24,8,6,28,2,8,30,4,2,26,20,36,6,38,4,34,40,32,12,44,4,42,20,48,8,50,4,47,53,54,20,56,26,58,8,60,6,62,4,65
666be322a8cce628 0 0 1769734,12,10,14,6,16,4,16,19,12,2,5,22,8,6,26,4,28,2,8,4,30,32,4,2,24,20,38,6,40,4,36,42,34,12,46,6,48,2,44,20,52,8,51,55,56,20,58,34,60,12,62,6,64,2,67
fb2fd62ce756a000 0 0 1638662,12,10,14,4,14,2,16,18,4,2,12,2,22,24,8,6,9,28,26,20,32,6,34,4,5,36,30,12,40,6,38,20,44,8,46,6,48,4,50,2,42,52,54,26,56,30,58,6,60,2,62
f77162b2e8ee5000 0 0 1900806,12,10,14,6,16,4,16,19,12,6,22,2,5,25,8,6,28,2,8,2,30,33,4,2,26,20,38,6,40,4,42,2,36,45,34,12,46,20,50,8,52,4,54,2,49,56,58,20,60,26,62,46,64,12,66,8,68,6,71
e1fd590cf3a4ee00 0 0 1900806,12,10,14,6,16,4,16,19,12,6,22,2,5,25,8,6,28,2,8,2,30,33,4,2,26,20,38,6,40,4,42,2,36,45,34,12,46,20,50,8,52,4,54,2,49,56,58,34,60,46,62,8,64,6,66,4,68,2,70
992394e2a8de6ee8 0 0 2228486,12,10,14,6,16,4,16,19,12,4,5,23,8,6,26,4,28,2,8,4,32,2,30,35,4,2,24,20,40,6,42,4,44,2,38,47,36,12,50,6,52,4,54,2,48,20,58,8,60,2,57,62,64,24,66,36,68,48,70,12,72,8,74,6,76,4,78,2,81
ded37f085d0a3048 0 0 1900806,12,10,14,6,16,4,16,19,12,6,22,2,5,25,8,6,28,2,8,2,30,33,4,2,26,20,38,6,40,4,42,2,36,45,34,12,46,20,50,8,52,4,54,2,49,56,58,20,60,26,62,34,64,46,66,12,68,8,71
305e7c04f85ab400 0 0 1835270,12,10,14,8,10,4,16,18,14,2,18,22,6,2,6,4,26,28,18,2,24,20,34,12,36,8,33,39,30,8,42,4,44,2,40,20,48,12,50,8,52,6,47,54,56,20,58,24,60,8,62,6,64,4,66,2,69
82d03d8053fe0240 0 0 1769734,12,10,14,4,10,16,14,8,20,4,22,2,10,24,6,4,28,2,7,31,10,2,26,18,36,12,35,39,32,8,42,4,44,2,40,18,48,12,50,6,52,2,47,55,56,18,58,32,60,10,62,4,64,2,67
174cc22a1feeca88 0 0 2031878,12,10,14,4,10,8,16,18,14,8,22,4,24,2,18,26,6,4,6,2,30,32,18,2,28,20,38,12,40,8,37,43,34,8,46,4,48,2,44,20,52,12,54,8,56,6,58,4,60,2,51,62,64,20,66,28,68,34,70,4,72,2,75
cfd468e0e7d4e0e0 0 0 2097414,12,10,14,4,16,2,16,19,12,8,22,4,3,24,8,2,8,6,30,4,28,32,26,20,36,12,38,8,40,6,42,4,44,2,5,47,34,12,50,8,52,6,54,4,48,20,58,8,60,6,62,4,64,2,56,67,68,26,70,12,72,8,74,4,76
1ee92234e108a020 0 0 1900806,12,10,14,6,16,2,16,19,12,8,22,6,24,2,3,27,8,6,30,4,32,2,8,34,4,2,28,20,40,12,42,8,44,2,38,47,36,12,50,8,48,20,54,8,56,2,52,59,60,20,62,28,64,8,66,6,68,2,71
f24b60304bf21ae0 0 0 1769734,12,10,14,6,16,2,16,19,12,8,22,6,3,24,8,6,28,4,8,2,31,33,4,2,26,20,38,12,40,8,36,42,34,12,46,8,48,2,44,20,52,8,51,54,56,26,58,34,60,12,62,4,64,2,67
333fc4e2d1e2ae48 0 0 1900806,12,10,14,6,16,2,16,19,12,8,22,6,24,2,3,27,8,6,30,4,32,2,8,34,4,2,28,20,40,12,42,8,44,2,38,47,36,12,50,8,48,20,54,8,56,2,52,59,60,20,62,28,64,36,66,6,68,2,71
5877d7a222d8a2a8 0 0 2097414,12,10,14,6,16,2,16,19,12,8,22,4,24,2,3,26,8,6,8,4,31,32,4,2,28,20,38,12,40,8,42,6,44,4,36,47,34,12,50,8,52,6,54,4,56,2,48,20,60,8,62,4,64,2,58,67,68,48,70,12,72,6,74,4,76
a3ea49aeaaa2ae08 0 0 1769734,12,10,14,4,16,2,16,19,12,8,22,6,24,2,3,26,8,4,30,2,8,6,34,2,32,37,28,20,40,12,42,8,44,2,5,46,38,12,50,8,48,20,54,8,56,6,53,58,60,20,62,48,64,6,66
26216824c8b88cc0 0 0 1835270,12,10,14,2,15,16,12,8,20,6,22,2,3,24,8,4,28,2,8,6,32,2,30,35,26,18,38,12,40,8,42,2,5,44,36,12,48,8,46,18,52,8,54,6,51,56,58,26,60,46,62,12,64,8,66,2,68
2415d5aed5beb2a0 0 0 1835270,12,10,14,4,16,2,16,19,12,8,22,6,3,25,8,4,8,6,29,30,26,20,34,12,36,8,5,39,32,12,42,8,44,2,40,20,48,8,50,6,52,2,46,55,56,20,58,26,60,40,62,8,64,6,66,2,69
731bb6a6664e3060 0 0 2097414,12,10,14,6,16,2,16,19,12,8,22,4,24,2,3,26,8,6,8,4,31,32,4,2,28,20,38,12,40,8,42,6,44,4,36,47,34,12,50,8,52,6,54,4,56,2,48,20,60,8,62,4,64,2,58,67,68,34,70,48,72,12,74,6,76
9f49088ce3f61200 0 0 1900806,12,10,14,4,16,2,16,19,12,8,22,6,24,2,3,26,8,4,30,2,8,6,34,2,32,37,28,20,40,12,42,8,44,2,5,46,38,12,50,8,48,20,54,8,56,6,53,58,60,20,62,38,64,48,66,6,68,4,70
a803d4564056c000 0 0 1966342,12,10,14,4,16,2,16,19,12,8,22,6,24,2,3,26,8,4,30,2,8,6,34,2,32,37,28,20,40,12,42,8,44,2,5,46,38,12,50,8,48,20,54,8,56,6,53,58,60,28,62,38,64,48,66,12,68,8,70,4,72
7f2cdffe16bc7008 0 0 1835270,12,10,14,4,16,2,16,19,12,8,22,6,3,25,8,4,8,6,29,30,26,20,34,12,36,8,5,39,32,12,42,8,44,2,40,20,48,8,50,6,52,2,46,55,56,20,58,26,60,32,62,40,64,8,66,2,69
6203e0eae0c0e068 0 0 1704198,12,10,14,6,3,16,12,2,3,20,6,4,7,24,10,8,28,6,22,18,32,8,34,4,36,2,31,38,26,8,42,4,40,18,46,12,48,10,50,4,52,2,45,55,56,18,58,22,60,10,62,8,65
dd3173063ec490c0 0 0 1704198,12,6,14,4,12,10,18,6,20,4,16,22,10,19,10,8,28,6,28,31,10,2,26,24,36,4,38,2,34,40,32,12,44,10,46,6,48,2,42,24,52,8,50,54,56,26,58,12,60,6,62,2,64
ff5462faec38d400 0 0 2031878,12,6,14,4,12,10,18,6,16,21,10,4,18,4,25,26,10,8,30,6,32,4,30,4,34,37,24,2,28,22,42,4,44,2,41,46,38,12,50,10,52,6,54,4,56,2,48,22,60,8,59,62,64,22,66,28,68,12,70,8,72,4,74
a8fd54ec8f660400 0 0 1769734,12,6,14,4,12,10,18,6,20,4,16,22,10,19,10,8,28,6,28,31,10,2,26,24,36,4,38,2,34,40,32,12,44,10,46,6,48,2,42,24,52,8,50,54,56,26,58,32,60,12,62,6,64,2,66
737e43a27cac1c20 0 0 2097414,12,4,14,2,12,10,17,19,10,4,22,2,18,6,26,4,24,28,10,8,32,6,34,4,32,4,37,38,30,20,42,4,44,2,22,46,40,12,50,10,52,4,54,2,48,20,58,8,60,2,57,62,64,20,66,30,68,40,70,10,72,8,74,4,76
9a74ce6486949ec8 0 0 2031878,12,6,14,4,16,2,12,10,20,6,22,2,18,25,10,4,20,4,29,31,10,8,34,6,36,4,34,4,38,41,28,2,32,26,46,4,45,49,42,12,52,10,54,6,56,4,58,2,50,26,62,8,60,64,66,32,68,50,70,12,72,10,75
9b181674c30ceec0 0 0 1835270,12,4,12,10,16,2,15,19,10,4,22,2,16,6,26,4,24,29,10,8,32,6,34,4,32,4,37,38,30,20,42,4,22,45,40,12,48,10,50,4,52,2,46,20,56,8,58,2,54,60,62,30,64,40,66,46,68
2aa848e85ad848e8 0 0 1638662,12,4,3,14,12,10,18,8,20,4,3,22,6,2,6,4,28,2,26,31,10,2,24,16,36,8,38,4,35,41,32,8,44,4,42,16,48,12,50,6,47,52,54,24,56,12,58,6,60,2,63
45812e06ba3a48e8 0 0 1900806,12,10,14,8,16,4,18,2,3,20,3,12,6,2,6,4,26,28,10,4,24,22,34,8,36,4,38,2,32,41,30,8,44,4,46,2,42,22,50,12,52,10,54,8,56,6,49,59,60,22,62,24,64,10,66,6,68,2,71
12ea5e409aead640 0 0 1376518,4,2,10,14,10,2,10,8,20,6,18,22,6,2,2,26,24,16,30,12,32,8,4,34,28,4,38,2,36,16,42,10,44,8,46,4,40,48,50,36,52,4,54
80cabee220481e60 0 0 1835270,12,10,14,2,3,16,12,8,3,20,6,4,6,2,24,26,22,18,30,8,32,4,34,2,10,37,28,8,40,4,42,2,38,18,46,12,48,10,50,6,52,2,45,55,56,18,58,22,60,28,62,10,64,4,66,2,69
939dcdcc2ac212a0 0 0 1507590,12,10,14,6,16,4,18,2,19,20,12,6,24,2,3,26,8,6,8,2,31,33,4,2,28,22,38,12,40,4,36,43,34,12,46,4,44,22,50,8,49,52,54,22,56,8,58
5d0e4068dd4e0028 0 0 1638662,12,10,14,6,16,2,16,19,12,6,22,2,3,24,8,6,8,2,29,31,4,2,26,20,36,12,38,4,34,41,32,12,44,4,42,20,48,8,47,50,52,26,54,12,56,8,58,6,60,2,62
0f0d6d604a5282c0 0 0 1704198,12,10,14,6,16,2,16,19,12,6,22,2,3,24,8,6,28,2,8,30,4,2,26,20,36,12,38,4,34,41,32,12,44,4,42,20,48,8,50,2,47,53,54,20,56,26,58,8,60,6,62,4,65
3f83a108200a82e8 0 0 1507590,12,10,14,6,16,2,16,19,12,6,22,2,3,24,8,6,8,2,29,31,4,2,26,20,36,12,38,4,34,41,32,12,44,4,42,20,48,8,47,50,52,26,54,32,56,12,59
4d3209365cb06cc0 0 0 1900806,12,10,14,4,16,2,16,19,12,2,3,23,8,2,8,6,26,28,24,20,32,12,34,6,36,4,38,2,5,41,30,12,44,6,46,4,48,2,42,20,52,8,54,6,56,2,51,59,60,20,62,24,64,42,66,8,68,4,70
98e5c440fa740048 0 0 1900806,12,10,14,4,16,2,16,19,12,2,3,23,8,2,8,6,26,28,24,20,32,12,34,6,36,4,38,2,5,41,30,12,44,6,46,4,48,2,42,20,52,8,54,6,56,2,51,59,60,20,62,24,64,30,66,42,68,4,70
ed1a041a2d080808 0 0 1638662,8,4,14,2,12,4,17,18,12,10,22,2,14,24,3,8,8,6,30,2,26,20,34,12,36,10,38,6,40,2,32,43,28,4,44,20,48,12,50,8,52,6,46,55,56,26,58,8,60,4,62
96f87d3e7f6e94a8 0 0 2162950,8,4,12,4,16,2,14,18,12,10,22,8,24,2,14,2,26,29,8,2,3,33,8,6,36,4,30,20,40,12,42,10,44,8,46,6,48,4,50,2,38,52,34,4,54,20,58,12,60,8,62,6,64,4,56,67,68,20,70,30,72,10,74,8,76,2,79
e494b636ea9ac848 0 0 1507590,6,2,8,6,14,17,10,2,9,20,5,6,22,18,26,12,28,10,2,30,24,8,34,6,32,18,38,10,40,8,42,6,44,4,46,2,37,48,50,18,52,22,54,6,56,4,58
ad0420208d040020 0 0 1573126,8,4,14,2,12,4,17,18,12,10,22,8,14,24,3,8,8,6,30,2,26,20,34,12,36,10,38,8,40,6,32,43,28,4,44,20,48,12,50,8,52,6,46,55,56,28,58,4,60
1ed36162bc8e3cc0 0 0 1835270,8,2,12,6,16,4,14,18,12,10,9,22,8,6,26,4,3,28,24,20,32,12,34,10,36,4,38,2,27,40,30,6,44,4,42,20,48,12,50,8,52,6,54,2,47,57,58,42,60,12,62,8,64,6,66,2,69
22132392965886c8 0 0 2031878,8,4,12,6,14,17,12,10,20,6,22,2,9,24,8,6,28,2,5,30,26,18,34,12,36,10,38,6,40,4,29,42,32,6,46,2,44,18,50,12,52,8,54,6,56,4,58,2,49,60,62,18,64,26,66,44,68,10,70,8,72,4,74
8a54540054989848 0 0 2162950,8,2,12,6,16,4,14,18,12,10,22,8,24,2,9,26,8,6,30,4,32,2,3,35,28,20,38,12,40,10,42,8,44,4,46,2,31,49,36,6,52,4,54,2,50,20,58,12,60,8,62,6,56,64,66,36,68,50,70,12,72,8,74,4,76,2,79
d4a8092a0102dc80 0 0 1507590,12,6,14,4,3,16,12,10,20,8,4,2,22,24,8,6,28,4,5,30,8,2,26,18,36,10,38,8,40,4,35,43,32,8,46,6,48,2,44,18,52,12,50,54,56,26,58
757272fa8f888800 0 0 1245446,10,6,10,2,14,16,12,8,5,20,10,8,24,6,26,4,27,28,4,2,22,18,34,6,32,37,30,4,38,18,41,42,44,18,46,30,48,2,50
687e6a7e7e687c68 0 0 1376518,8,10,12,6,16,4,18,2,18,21,6,4,3,24,6,2,22,14,30,4,32,2,28,34,26,4,36,14,40,2,39,43,44,14,46,22,48,36,50,6,52,2,55
3f8a2aac7f866aa0 0 0 1573126,8,4,14,2,12,10,18,8,20,6,16,22,12,8,12,26,8,6,4,2,30,32,8,2,28,24,38,6,40,2,36,42,34,8,46,6,48,2,44,24,52,8,50,54,56,24,58,2,60
676a7dbc28963240 0 0 2097414,8,4,12,10,16,6,15,18,12,4,12,8,24,4,26,2,22,29,8,6,32,4,4,2,35,36,30,20,40,6,42,4,9,44,38,8,48,6,50,4,52,2,46,20,56,8,58,2,55,61,62,20,64,30,66,12,68,10,70,8,72,4,74,2,77
323312a6768874c0 0 0 1900806,8,4,12,10,16,6,15,18,12,8,22,4,12,4,26,2,24,29,8,6,4,2,32,34,30,20,38,6,9,41,36,8,44,6,46,2,42,20,50,8,52,2,48,55,56,20,58,30,60,36,62,12,64,10,66,8,68,2,70
8ad8fad8da88aa88 0 0 1245446,10,6,10,2,14,16,12,8,20,2,5,22,8,4,9,26,24,18,30,6,32,4,3,34,28,4,36,18,39,40,42,24,44,28,46,6,48,2,50
74d6e868f4d66868 0 0 1507590,8,4,14,2,12,8,18,4,20,2,16,23,12,10,26,8,15,28,8,2,8,33,8,6,36,4,30,24,40,12,42,6,38,44,34,8,48,4,46,24,51,52,54,24,56,46,58
cfd3dc76180462c8 0 0 1310982,8,10,12,6,16,4,4,18,8,6,22,4,24,2,24,26,4,2,20,14,32,4,30,34,28,8,38,6,40,2,36,14,44,6,42,46,48,20,50,4,52
194b3838461ec2c8 0 0 1573126,8,2,12,8,16,4,14,18,12,10,22,8,22,6,24,26,8,6,30,4,6,2,32,34,28,20,38,6,40,4,8,42,36,8,46,4,44,20,50,8,52,6,48,54,56,44,58,6,60
9e56809a1e0c00c0 0 0 2425094,8,2,12,8,16,6,18,4,20,2,14,22,12,10,26,8,28,6,30,2,26,6,34,4,36,2,32,38,8,6,42,2,4,2,44,46,40,24,50,6,52,2,8,54,48,8,58,6,60,4,62,2,56,24,66,8,68,4,64,70,72,40,74,56,76,12,78,10,80,6,82,4,84,2,86
fb325bbafe68fee0 0 0 1835270,8,2,12,6,14,16,12,10,20,2,20,8,24,4,22,27,8,6,30,4,5,32,28,18,36,6,38,4,8,40,34,8,44,6,46,2,42,18,50,8,52,4,54,2,49,57,58,18,60,28,62,42,64,8,66,4,69
3200e20ae28a3280 0 0 1900806,8,2,12,8,16,6,14,18,12,10,22,8,22,6,26,4,28,2,24,30,8,4,34,2,6,4,36,38,32,20,42,4,44,2,8,46,40,8,50,6,48,20,54,8,56,6,58,4,60,2,52,62,64,40,66,48,68,6,70
3ff1e0487984e048 0 0 2359558,12,10,14,6,16,4,18,2,19,20,12,8,24,4,26,2,24,6,30,4,28,33,6,4,36,2,8,4,40,2,38,43,4,2,34,22,48,12,50,8,52,4,54,2,46,56,44,12,60,6,62,4,64,2,58,22,68,6,70,2,67,73,74,34,76,44,78,58,80,12,82,2,85
2d525252fd288228 0 0 2359558,8,2,12,8,16,6,18,4,20,2,14,22,12,10,26,6,26,8,30,6,32,4,28,34,8,6,38,2,4,2,40,42,36,24,46,6,48,2,8,50,44,8,54,6,56,4,58,2,52,24,62,8,64,4,60,66,68,36,70,44,72,52,74,12,76,10,78,6,80,4,82,2,84
996746849dfe2448 0 0 2228486,12,10,14,6,16,2,16,19,12,8,22,4,22,6,26,4,28,2,25,30,6,4,34,2,8,4,36,38,4,2,32,20,44,12,46,8,48,4,42,51,40,12,54,6,56,4,58,2,52,20,62,6,64,2,61,67,68,20,70,32,72,40,74,52,76,12,78,4,81
4d76646c0d7a2460 0 0 2097414,12,6,14,4,16,2,9,18,12,10,22,4,22,8,26,2,24,29,8,6,32,2,4,2,34,36,8,2,30,20,42,6,41,45,38,8,48,6,50,4,52,2,46,20,56,8,58,4,60,2,54,63,64,20,66,30,68,38,70,46,72,8,74,2,77
932a82a2b3800808 0 0 1835270,12,10,14,8,16,4,18,2,16,2,20,23,12,8,26,6,28,4,30,2,28,32,8,6,36,4,38,2,3,40,34,24,44,6,46,4,48,2,9,51,42,6,52,24,56,4,58,2,55,60,62,24,64,34,66,6,69
888c981c3c982c08 0 0 1376518,12,4,12,2,14,16,12,10,20,6,22,4,22,25,8,6,28,4,3,30,26,18,34,6,36,4,8,38,32,6,40,18,44,4,43,47,48,18,50,32,52,6,55
138220a09b8220a0 0 0 1573126,12,6,12,15,12,10,18,4,20,2,18,22,6,4,26,2,8,29,8,6,32,2,24,16,36,6,38,2,34,40,30,6,44,4,42,16,48,4,50,2,46,52,54,42,56,4,58,2,60
3292225278886848 0 0 1638662,10,8,8,6,14,16,12,8,7,20,4,2,4,24,6,4,28,2,22,18,32,10,34,8,36,4,31,38,26,4,40,18,44,10,46,6,48,2,42,50,52,22,54,26,56,12,58,8,60,4,62
cc1cb6e62afa5000 0 0 2031878,12,4,12,6,16,4,18,2,14,20,12,10,24,8,26,6,28,4,30,2,30,33,8,6,36,4,7,38,34,22,42,6,44,4,8,46,40,6,50,4,52,2,48,22,56,2,55,59,60,34,62,48,64,12,66,8,68,6,70,4,72,2,75
480ef40e84c21ae0 0 0 2031878,10,2,8,6,14,16,6,2,12,8,22,4,24,2,20,26,6,4,30,2,3,32,28,18,36,10,38,6,40,4,7,42,34,6,46,4,48,2,44,18,52,10,54,8,56,4,58,2,50,61,62,18,64,28,66,44,68,10,70,4,72,2,74
3468166830285628 0 0 1900806,8,4,12,4,15,16,12,10,20,8,22,4,24,2,14,2,26,28,8,2,8,33,8,6,36,4,30,18,40,12,42,8,44,6,46,2,38,49,34,8,52,4,54,2,50,18,56,58,60,30,62,50,64,8,66,4,68,2,70
c8c881842e841848 0 0 1900806,8,4,14,2,12,8,18,4,16,20,12,10,24,2,15,26,8,2,8,31,8,6,34,4,28,22,38,12,40,6,42,2,36,45,32,8,48,4,46,22,51,52,54,22,56,28,58,46,60,12,62,10,64,8,66,4,68,2,70
71042208f104a208 0 0 1704198,8,4,14,2,12,8,18,4,16,20,12,10,24,8,15,26,8,2,8,31,8,6,34,4,28,22,38,12,40,6,42,2,36,45,32,8,48,4,46,22,51,52,54,22,56,32,58,46,60,8,62,4,64
755674eeb9303000 0 0 852230,12,10,4,14,8,4,18,2,12,21,2,6,22,16,9,26,28,16,24,30,32,22,34,24,36,28,38
00f88ad88aa80088 0 0 917766,12,10,4,14,8,4,18,2,12,21,2,6,22,16,9,26,28,16,24,30,32,16,34,22,36,24,38,28,40
fb53fef6b012ea48 0 0 1704198,8,4,12,4,15,16,12,10,20,2,14,2,22,24,8,2,8,29,8,6,32,4,26,18,36,12,38,8,40,6,42,2,34,45,30,8,48,4,50,2,46,18,52,54,56,26,58,30,60,46,62,2,64
12a7457c82ae08a8 0 0 1966342,12,6,14,4,12,8,18,6,20,2,16,22,12,10,26,8,28,6,30,4,8,4,33,35,8,6,38,2,39,40,36,24,44,8,46,2,8,49,42,8,52,4,50,24,55,56,58,24,60,36,62,12,64,10,66,8,68,6,70,4,73
5552df7220a8aa88 0 0 1638662,12,6,14,4,12,8,18,6,20,2,16,22,12,10,26,8,28,6,8,4,30,33,8,6,36,2,37,38,34,24,42,8,44,2,8,47,40,8,50,4,48,24,53,54,56,24,58,40,60,2,62
13649944239476a8 0 0 1638662,12,10,14,8,16,6,14,6,20,4,18,22,12,6,26,4,8,4,30,2,28,33,8,6,36,2,36,39,34,24,42,8,44,2,9,46,40,8,50,4,52,2,48,24,55,56,58,34,60,40,62
fd3fde1260081680 0 0 1900806,10,4,12,10,16,6,18,2,14,20,12,6,24,2,16,4,28,2,26,31,10,8,34,4,34,6,38,4,36,41,14,2,32,22,46,6,48,4,50,2,45,52,42,12,56,10,58,4,60,2,54,22,63,64,66,32,68,6,70
b1fe8f7aef00b848 0 0 1966342,10,4,12,10,16,6,18,2,14,20,12,6,24,2,16,4,28,2,26,31,10,8,34,4,34,6,38,4,36,41,14,2,32,22,46,6,48,4,50,2,45,52,42,12,56,10,58,4,60,2,54,22,63,64,66,22,68,42,70,10,72
b24a750e0b565a48 0 0 1966342,10,4,12,10,16,6,18,2,14,20,12,6,24,2,16,4,28,2,26,31,10,8,34,4,34,6,38,4,36,41,14,2,32,22,46,6,48,4,50,2,45,52,42,12,56,10,58,4,60,2,54,22,63,64,66,32,68,42,70,6,72
d91de29a9d902e60 0 0 1573126,10,4,14,2,12,10,17,18,18,6,22,4,24,2,13,27,8,6,8,31,28,20,34,10,36,2,14,38,32,12,40,20,43,44,46,20,48,28,50,40,52,10,54,6,56,4,58,2,61
694902a274049868 0 0 1638662,10,4,14,2,12,10,17,18,18,6,22,4,24,2,13,27,8,6,8,31,28,20,34,10,36,2,14,38,32,12,40,20,43,44,46,20,48,28,50,32,52,40,54,10,56,6,58,4,60,2,63
0888a0aa22528a80 0 0 1900806,12,10,14,4,16,2,14,18,12,6,22,4,24,2,12,27,8,6,30,4,32,2,8,4,36,2,34,39,28,20,42,12,44,6,46,4,5,48,40,12,52,6,54,4,56,2,50,20,59,60,62,20,64,28,66,50,68,12,70
cf918102bf6e0408 0 0 1638662,12,10,14,4,16,2,14,18,12,6,22,4,24,2,13,26,8,6,8,31,28,20,34,12,36,2,5,38,32,12,40,20,43,44,46,20,48,28,50,32,52,40,54,12,56,6,58,4,60,2,62
70f818f878f008e8 0 0 1179910,2,12,10,8,9,16,8,6,20,4,2,22,18,14,26,10,28,6,6,31,24,8,32,14,35,36,38,14,40,18,42,24,44,32,46,10,48
46e4c6a8a0e420a8 0 0 1900806,8,6,14,4,4,16,8,4,20,2,12,10,24,2,23,26,10,4,9,30,4,2,28,18,36,4,34,38,32,12,42,10,44,8,46,4,48,2,40,18,52,8,54,2,51,57,58,18,60,28,62,32,64,8,66,4,68,2,71
a604a2206ac82aa8 0 0 2097414,10,2,8,6,14,16,6,2,12,8,22,6,24,4,26,2,20,28,6,4,32,2,3,34,30,18,38,10,40,6,42,4,7,44,36,6,48,4,50,2,46,18,54,10,56,8,58,4,60,2,52,63,64,18,66,30,68,36,70,46,72,10,74,2,76
404acce466c66ae8 0 0 1769734,8,6,14,4,2,16,8,4,20,2,12,10,24,8,26,2,23,28,10,4,32,2,9,34,4,2,30,18,40,2,38,42,36,12,46,10,44,18,50,8,52,4,49,55,56,30,58,36,60,44,62,8,64,2,67
8a808b8439ccb848 0 0 1573126,8,6,12,8,16,6,14,19,12,10,22,6,6,24,4,2,4,28,8,4,32,2,26,20,36,8,38,6,40,4,34,42,30,4,44,20,48,12,50,2,46,53,54,20,56,26,58,6,60
f1ae590cc8c86ac0 0 0 1704198,8,6,12,8,16,6,14,19,12,10,22,6,6,24,4,2,4,28,8,4,32,2,26,20,36,8,38,6,40,4,34,42,30,4,44,20,48,12,50,2,46,53,54,20,56,26,58,30,60,6,62,4,64
a5a21a48d5d21a48 0 0 2031878,8,6,14,2,12,6,18,4,20,2,17,22,12,10,26,8,28,2,4,30,6,4,3,35,14,4,32,24,40,8,42,4,44,2,38,46,36,6,50,4,48,24,54,12,56,8,58,6,60,2,53,63,64,24,66,48,68,12,70,8,72,4,74
b3cc0116cdccc268 0 0 1900806,8,6,14,4,16,2,12,8,20,6,18,22,12,10,26,8,28,6,4,30,6,2,3,35,32,24,38,8,40,4,15,43,36,6,46,2,44,24,50,12,52,6,54,4,56,2,49,58,60,32,62,44,64,8,66,6,68,4,71
ad577daa209e44a0 0 0 1900806,8,6,14,4,16,2,12,6,18,20,12,10,24,6,26,4,4,28,6,2,3,33,30,22,36,8,38,4,15,41,34,6,44,2,42,22,48,12,50,8,52,6,54,4,56,2,47,58,60,22,62,30,64,42,66,8,68,4,71
2022200030726000 0 0 1310982,8,6,14,2,12,4,16,18,12,6,22,4,4,24,10,6,28,4,2,30,14,4,26,20,36,12,38,4,34,40,32,6,44,2,42,20,48,12,46,50,52
7748e08017482080 0 0 1638662,12,6,14,4,9,16,4,2,12,4,21,22,10,6,26,4,2,28,8,4,24,18,34,12,36,6,38,4,32,40,30,6,44,2,42,18,48,12,50,6,52,2,46,55,56,18,58,12,60,4,62
c86c9becdccc8c40 0 0 1442054,8,6,14,2,12,4,16,18,12,6,22,4,4,24,10,6,28,4,2,30,14,4,26,20,36,12,38,4,34,40,32,6,44,2,42,20,48,12,46,50,52,26,54,4,56
57d20c88a92ca8e0 0 0 1769734,12,6,14,4,9,16,4,2,12,4,21,22,10,6,26,2,2,28,8,4,24,18,34,12,36,6,38,4,32,40,30,6,44,2,42,18,48,12,50,6,52,2,46,55,56,18,58,30,60,12,62,4,64,2,66
8928998867282828 0 0 1573126,8,6,14,2,12,4,16,18,12,6,22,4,4,24,10,6,28,2,2,30,14,4,26,20,36,12,38,4,34,40,32,6,44,2,42,20,48,12,46,50,52,26,54,32,56,4,58,2,60
16fe5e542aeaea40 0 0 1638662,12,8,14,6,9,16,4,15,10,6,22,4,2,24,8,4,28,2,20,18,32,12,34,8,36,6,31,38,26,6,42,2,40,18,46,12,48,8,50,6,52,4,45,54,56,40,58,8,60,4,62
70ffed827df2ba80 0 0 1835270,12,8,14,6,9,16,4,2,15,21,10,6,24,2,2,26,8,4,22,18,32,12,34,8,36,6,30,38,28,6,42,2,40,18,46,12,48,8,50,6,52,4,54,2,45,57,58,28,60,40,62,8,64,6,66,4,69
2672688896828828 0 0 1769734,12,10,14,6,16,2,2,18,6,2,12,8,24,6,23,26,6,4,30,2,8,6,34,2,33,37,4,2,28,20,42,2,40,44,38,12,48,8,50,4,46,20,54,6,53,57,58,20,60,28,62,8,64,2,66
9e79684a9a8e06e8 0 0 2031878,12,10,14,6,16,4,2,18,6,2,12,8,24,2,23,26,6,4,30,2,8,6,34,4,36,2,33,39,4,2,28,20,44,2,42,46,40,12,50,8,52,6,54,4,56,2,48,20,60,6,59,63,64,28,66,40,68,6,70,4,72,2,75
7cfa707ed8481800 0 0 1835270,8,6,14,4,16,2,12,6,18,20,12,10,24,8,26,4,4,28,6,2,3,33,30,22,36,8,38,4,15,41,34,6,44,2,42,22,48,12,50,8,52,6,54,4,56,2,47,58,60,34,62,42,64,8,66,2,68
6037707237600200 0 0 2097414,8,6,14,2,12,6,18,2,17,20,12,10,24,8,4,26,6,4,3,31,14,4,28,22,36,8,38,4,40,2,34,42,32,6,46,4,44,22,50,12,52,8,54,6,56,4,58,2,49,61,62,22,64,32,66,44,68,12,70,8,72,6,74,2,77
074b9ae4da1e56a0 0 0 1966342,8,6,14,4,16,2,12,8,20,6,18,22,12,10,26,8,28,6,4,30,6,2,3,35,32,24,38,8,40,4,15,43,36,6,46,2,44,24,50,12,52,6,54,4,56,2,49,58,60,32,62,36,64,44,66,8,68,4,70,2,72
7075440afdbc8200 0 0 2097414,8,6,14,4,16,2,12,6,18,20,12,10,24,6,26,4,4,28,6,2,3,33,30,22,36,8,38,4,15,41,34,6,44,2,42,22,48,12,50,8,52,6,54,4,56,2,47,58,60,22,62,30,64,34,66,42,68,8,70,6,72,4,74,2,76
f422af5c97beccc0 0 0 2097414,10,6,14,4,10,8,18,6,20,4,16,22,20,2,8,6,27,29,4,2,3,33,8,2,30,24,38,10,40,4,42,2,37,44,34,6,48,4,50,2,46,24,54,12,56,10,58,6,60,4,52,62,64,24,66,30,68,12,70,10,72,6,74,4,76
235caf9c68e86ca0 0 0 1966342,12,10,14,8,7,16,8,6,12,6,20,22,4,2,4,26,8,4,30,2,24,18,34,12,36,10,38,8,40,4,33,42,28,4,44,18,48,12,50,10,52,8,54,6,56,2,46,59,60,18,62,24,64,12,66,10,68,8,70,6,72
71b70f366fb888a0 0 0 1769734,8,6,14,4,10,6,18,4,16,20,10,8,24,2,6,26,10,2,2,30,8,2,28,22,36,4,38,2,34,40,32,10,44,4,46,2,42,22,50,12,52,10,54,4,56,2,48,59,60,22,62,28,64,6,66
0dd172be8a56e428 0 0 2097414,12,10,14,8,7,16,8,6,12,6,20,22,4,2,4,26,8,4,30,2,24,18,34,12,36,10,38,8,40,4,33,42,28,4,44,18,48,12,50,10,52,8,54,6,56,2,46,59,60,18,62,24,64,28,66,12,68,10,70,8,72,6,74,4,76
d7a8b18a5104ae40 0 0 1442054,12,10,14,6,5,16,8,4,20,2,12,6,23,24,3,6,26,18,30,12,32,10,9,34,28,6,36,18,40,12,42,10,44,4,46,2,38,48,50,26,52,36,54,6,56
a255a2cc15482648 0 0 2621702,10,8,14,6,16,2,10,18,12,6,22,4,12,8,26,4,28,2,25,31,8,6,34,4,36,2,36,38,12,10,42,6,44,4,46,2,32,20,50,12,52,10,54,4,49,56,40,6,60,4,62,2,58,20,66,12,68,10,70,8,72,6,74,4,76,2,65,78,80,20,82,32,84,58,86,10,88,8,90,2,93
08334388a89c1c28 0 0 1835270,10,2,10,8,16,2,14,19,12,10,22,8,23,24,8,4,28,2,28,30,26,20,34,12,36,6,38,2,13,40,32,6,44,4,46,2,42,20,50,12,52,8,54,6,56,2,48,59,60,26,62,32,64,42,66,4,68
8cc2c382c8687828 0 0 1835270,12,10,14,6,14,8,18,6,16,21,10,8,11,24,8,4,28,2,28,30,12,6,34,2,26,22,38,12,40,8,37,42,32,6,46,4,48,2,44,22,52,12,51,55,56,22,58,26,60,44,62,12,64,6,66,2,69
9014b01478f03860 0 0 1769734,10,4,10,14,6,4,18,2,4,21,8,6,24,4,8,4,26,28,22,16,32,12,34,10,36,6,38,4,3,41,30,12,44,8,46,6,48,2,42,16,52,12,54,10,56,6,50,59,60,22,62,4,64,2,66
c121de64b7becec8 0 0 1769734,8,6,14,4,8,4,18,2,16,21,6,4,24,2,6,2,27,29,10,4,32,2,10,35,30,22,38,12,40,8,3,43,36,12,46,10,48,6,44,22,52,12,54,8,56,6,58,2,51,60,62,22,64,30,67
a6bf7d8a45baae40 0 0 1704198,8,6,8,14,6,4,6,18,10,6,22,4,22,2,24,27,20,16,30,12,32,8,34,6,36,4,3,39,28,12,42,10,44,6,46,4,40,16,50,12,52,8,54,4,49,57,58,40,60,12,62,4,65
7974fd78002848e8 0 0 1573126,12,10,14,6,5,16,8,4,20,2,12,6,23,24,3,6,26,18,30,12,32,10,9,34,28,6,36,18,40,12,42,10,44,4,46,2,38,48,50,18,52,26,54,36,56,12,58,10,60
cab61c8a691a2640 0 0 1704198,8,6,10,8,16,6,14,18,10,6,18,2,22,24,2,5,10,4,26,20,32,4,34,2,31,37,28,6,40,2,38,20,44,12,46,8,48,4,42,50,52,26,54,38,56,8,58,6,60,4,62,2,65
ec466c0a20eca0a0 0 0 2031878,10,6,14,4,8,16,8,4,20,2,10,8,24,6,26,4,28,2,23,31,3,10,8,6,36,4,32,18,40,6,42,4,44,2,38,47,34,4,48,18,52,12,54,8,56,6,58,4,50,61,62,18,64,32,66,8,68,6,70,4,72,2,75
b762ae629d484848 0 0 1114374,10,4,4,14,3,14,8,6,8,20,18,16,24,12,26,10,3,28,22,12,32,8,34,2,30,16,38,12,37,40,42,18,44,10,46
722ad07a2a728888 0 0 1245446,10,4,4,14,3,14,8,6,8,20,18,16,24,12,26,10,3,28,22,12,32,8,34,2,30,16,38,12,37,40,42,18,44,22,46,10,48,8,50
a26eb63e68682c68 0 0 1507590,8,6,10,15,13,15,4,2,4,20,12,10,18,16,26,12,28,10,30,8,25,32,22,6,36,4,34,16,40,12,42,6,38,45,46,16,48,18,50,12,52,10,54,8,56,6,59
ee51652ab808aa40 0 0 1638662,8,6,10,15,13,15,4,2,4,20,12,10,18,16,26,12,28,10,30,8,25,32,22,6,36,4,34,16,40,12,42,6,38,45,46,16,48,18,50,22,52,12,54,10,56,8,58,6,60,4,63
9c80e9bce19494a8 0 0 1507590,10,8,14,6,16,4,7,18,8,6,22,2,22,25,4,2,5,28,22,4,32,2,26,20,36,10,34,39,30,6,42,2,40,20,46,12,48,10,44,50,52,26,54,40,56,2,58
dadd2a22f7f00800 0 0 1835270,12,10,14,8,16,6,18,4,19,20,12,6,24,4,25,26,10,6,30,4,3,32,4,2,28,22,38,12,40,4,36,42,34,6,46,4,48,2,44,22,52,12,50,55,56,22,58,28,60,34,62,6,64,4,66,2,68
898c7eaec6cc5888 0 0 1245446,2,4,4,10,8,6,8,18,16,14,22,12,24,2,2,27,20,12,30,8,32,2,28,14,36,12,38,4,35,41,42,14,44,12,46,4,48,2,51
b64fc33648bcb048 0 0 1638662,6,2,4,2,15,17,10,4,17,20,8,6,24,4,7,26,22,18,30,12,32,4,34,2,2,36,28,12,40,8,42,6,44,2,38,18,48,12,50,6,52,2,46,54,56,18,58,4,60,2,63
b5e16af2954e4a08 0 0 1573126,6,2,4,15,10,4,4,18,8,4,22,2,7,24,20,16,28,12,30,4,2,33,26,12,36,8,38,2,34,16,42,12,44,6,46,2,41,48,50,20,52,26,54,8,56,6,58,2,60
8e8c8a0894445000 0 0 1245446,4,7,10,4,4,16,6,2,8,4,21,22,18,14,26,12,28,8,30,6,32,4,2,35,24,12,38,6,36,14,42,12,44,8,41,46,48,36,50
044ee2285eee3000 0 0 1310982,4,7,10,2,4,16,6,2,8,4,21,22,18,14,26,12,28,8,30,6,32,4,2,35,24,12,38,6,36,14,42,12,44,8,41,46,48,18,50,36,52
d47c3dc27cd46ac0 0 0 1442054,4,7,10,2,4,16,6,2,8,4,21,22,18,14,26,12,28,8,30,6,32,4,2,35,24,12,38,6,36,14,42,12,44,8,41,46,48,14,50,18,52,36,54,4,56
08a0ae0c088a8008 0 0 1573126,4,7,10,4,4,16,6,2,8,4,22,2,21,24,18,14,28,12,30,8,32,4,2,34,26,12,38,2,36,14,42,12,44,8,46,6,40,49,50,26,52,36,54,8,56,4,58,2,60
d222266622286228 0 0 1573126,4,7,10,4,4,16,6,2,8,4,22,2,21,24,18,14,28,12,30,8,32,4,2,34,26,12,38,2,36,14,42,12,44,8,46,6,40,49,50,18,52,26,54,36,56,8,58,2,60
d78a2894cbd69468 0 0 1507590,6,4,7,15,10,4,4,18,6,2,8,6,24,4,23,26,20,16,30,12,32,8,34,6,36,4,2,38,28,12,40,16,44,12,46,8,48,6,42,50,52,16,54,6,56,4,59
e6bef33ce4bc32a8 0 0 1638662,6,2,6,4,16,2,15,19,10,4,4,22,8,6,26,4,7,28,24,20,32,12,34,4,36,2,2,38,30,12,42,8,44,6,46,2,40,20,50,12,52,2,48,54,56,24,58,30,60,8,62
e94880c4041e0808 0 0 1442054,6,2,6,4,15,16,10,4,4,2,20,23,8,4,7,26,24,18,30,12,32,6,34,4,2,36,28,12,40,8,42,6,38,18,46,12,48,6,50,2,44,53,54,38,56
fa014cfeef143028 0 0 1900806,6,2,6,4,16,2,15,19,10,2,4,22,8,6,26,4,28,2,7,30,24,20,34,12,36,6,38,4,40,2,2,43,32,12,46,8,44,20,50,12,52,6,54,2,49,57,58,20,60,24,62,44,64,6,66,4,68,2,71
0af4fc208a64ec20 0 0 1638662,6,2,6,4,15,16,10,4,4,2,20,23,8,4,7,26,24,18,30,12,32,6,34,4,2,36,28,12,40,8,42,6,38,18,46,12,48,6,50,2,44,53,54,28,56,38,58,8,60,4,62
02a8008042e840c0 0 0 917766,8,10,12,8,7,16,2,4,18,14,22,8,7,24,26,14,20,28,30,14,32,18,34,20,36,26,38,8,40
1d19d1c4628cc8c8 0 0 2031878,12,6,14,4,8,4,18,2,16,21,12,10,24,8,26,6,28,4,28,30,8,6,34,2,34,37,32,22,40,12,42,10,44,6,46,2,8,49,38,8,52,4,54,2,50,22,58,8,60,6,57,62,64,22,66,32,68,12,70,10,72,8,74
81c82326fe2e5cc0 0 0 1835270,10,8,14,4,10,16,10,4,20,2,4,2,23,25,6,4,28,2,6,31,26,18,34,12,36,10,38,4,40,2,3,42,32,8,46,6,44,18,50,12,52,2,48,54,56,18,58,26,60,8,62,6,64,4,66,2,69
8bb030b0a4e0e0e0 0 0 1900806,10,8,14,4,10,16,10,4,20,2,4,2,23,25,6,4,28,2,6,31,26,18,34,12,36,10,38,4,40,2,3,42,32,8,46,6,44,18,50,12,52,2,48,54,56,26,58,32,60,10,62,8,64,6,66,4,68,2,71
d510a5762ae6aa80 0 0 1900806,10,8,14,4,10,16,10,4,20,2,4,2,23,25,6,4,28,2,6,31,26,18,34,12,36,10,38,4,40,2,3,42,32,8,46,6,44,18,50,12,52,2,48,54,56,18,58,26,60,32,62,8,64,6,66,4,68,2,71
1d323ba82e76c420 0 0 2359558,12,6,14,4,8,4,18,2,16,21,12,10,24,8,26,6,28,4,30,2,28,2,32,34,8,6,38,4,40,2,41,42,36,22,46,12,48,10,50,6,52,4,8,55,44,8,58,4,60,2,56,22,64,8,66,6,68,4,63,71,72,22,74,36,76,44,78,12,80,10,82,4,85
fe22a0c022feea20 0 0 2228486,12,8,14,6,16,2,12,4,20,2,19,22,12,10,26,8,28,6,30,2,30,32,8,4,6,4,37,39,4,2,34,24,44,10,46,8,48,6,50,4,43,52,40,12,56,4,58,2,54,24,62,6,64,4,60,67,68,24,70,12,72,8,74,6,76,4,78,2,81
23a218884ba63cc0 0 0 2490630,12,8,14,6,12,4,18,2,16,20,12,10,24,8,26,6,28,2,28,30,8,4,34,2,6,4,38,2,36,40,32,22,44,10,46,8,48,6,50,4,4,52,42,12,56,4,58,2,54,22,62,6,64,4,66,2,60,68,70,22,72,32,74,42,76,12,78,10,80,8,82,6,84,4,86,2,88
0e787ef87ef88e08 0 0 1376518,12,2,2,14,8,6,8,18,10,2,4,2,23,25,20,16,28,12,30,8,2,32,26,12,36,2,34,16,40,4,42,2,38,45,46,16,48,12,50,10,52,4,55
a557da82da827028 0 0 1507590,12,2,2,14,8,6,8,18,10,2,4,2,23,25,20,16,28,12,30,8,2,32,26,12,36,2,34,16,40,4,42,2,38,45,46,16,48,20,50,12,52,10,54,8,56,4,59
6949e212c2129868 0 0 1310982,12,8,14,2,14,16,10,4,10,20,6,2,8,24,22,18,28,10,30,2,2,32,26,12,36,8,34,18,40,6,42,2,38,44,46,18,48,22,50,10,52
7208f28aa2822200 0 0 1114374,12,10,9,14,12,2,3,18,4,6,8,2,20,16,26,10,28,8,30,2,24,33,22,8,34,16,38,4,37,40,42,16,44,4,46
c26a176a3dc0e8c0 0 0 2162950,12,10,14,8,16,6,18,2,2,20,8,6,8,4,24,26,10,8,30,6,32,4,2,34,32,2,28,22,40,12,42,6,44,4,46,2,39,49,36,10,52,8,54,6,50,22,58,10,60,8,62,6,64,4,57,66,68,28,70,50,72,8,74,4,76,2,78
9362130eee0ec4c8 0 0 1245446,12,10,9,14,12,2,3,18,4,6,8,2,20,16,26,10,28,8,30,2,24,33,22,8,34,16,38,4,37,40,42,16,44,20,46,12,48,4,50
037601548208a208 0 0 1638662,12,10,14,8,16,2,14,18,6,4,6,2,22,24,8,2,10,8,28,31,26,20,34,8,36,4,38,2,2,40,32,12,44,10,46,8,42,20,50,10,52,8,48,55,56,42,58,10,60,2,62
6a204bb4fc58ee00 0 0 1638662,12,10,14,8,16,2,14,18,6,4,5,22,8,2,10,8,26,29,24,20,32,8,34,6,2,37,30,12,40,10,42,8,38,20,46,10,48,8,44,51,52,24,54,38,56,10,58,6,60,2,62
98429a9098429a60 0 0 1376518,8,2,4,2,14,16,12,4,6,20,10,6,6,25,6,4,22,18,30,12,32,8,34,4,28,36,26,6,40,2,38,18,44,10,46,6,42,49,50,18,52,2,54
906120dae5145aa0 0 0 1310982,12,10,9,14,12,2,3,18,4,6,8,2,20,16,26,10,28,8,30,2,24,33,22,8,34,16,38,4,37,40,42,16,44,20,46,22,48,12,50,4,52
80ec0808a0ec2808 0 0 983302,8,12,12,10,16,8,3,18,4,6,8,2,20,14,26,10,25,28,22,8,30,14,34,4,32,36,38,30,40,12,42
461c1248cc9c1848 0 0 1310982,8,2,4,2,14,16,12,2,6,20,10,8,6,25,6,4,22,18,30,12,32,8,34,2,28,36,26,6,40,2,38,18,44,10,46,8,42,49,50,22,52
f4243d0ea1ca68e0 0 0 1245446,8,2,4,2,14,16,12,2,6,20,6,10,6,4,22,18,28,12,30,8,32,2,26,34,24,6,38,2,36,18,42,10,40,44,46,18,48,22,50
d98cd184d8885000 0 0 1442054,10,2,4,2,14,16,12,2,6,20,10,8,6,25,6,4,22,18,30,12,32,10,34,2,28,36,26,6,40,2,38,18,44,10,46,8,42,49,50,22,52,26,54,6,56
22022000a202a000 0 0 2031878,12,8,14,4,14,16,8,4,10,8,20,22,8,6,26,4,4,28,6,2,24,18,34,12,36,10,38,8,40,4,42,2,33,45,30,8,48,6,50,4,52,2,46,18,56,12,58,6,60,2,55,63,64,18,66,46,68,12,70,6,72,2,75
233ece32a3e44ee8 0 0 1704198,10,8,9,14,14,2,9,18,4,2,4,22,20,16,26,12,28,8,30,6,32,2,7,34,24,6,38,4,36,16,42,12,44,10,41,47,48,16,50,20,52,24,54,36,56,12,58,6,60,4,62,2,65
2aaf270822d82080 0 0 1638662,6,10,4,10,10,8,6,18,16,14,22,12,24,10,26,6,28,2,2,30,20,12,34,10,36,6,38,2,32,14,42,12,44,10,46,6,48,4,40,50,52,14,54,12,56,10,58,6,60,2,62
c94c8654d9ac6688 0 0 1966342,10,4,6,15,4,15,10,8,20,6,22,4,6,24,18,16,28,12,30,10,32,6,34,4,36,2,2,39,26,12,42,10,44,6,46,4,48,2,40,16,52,12,54,10,56,6,51,59,60,16,62,26,64,12,66,10,68,4,70,2,73
f44eb0a05e4eb0a0 0 0 1245446,12,10,14,8,5,16,6,4,6,21,12,8,5,24,22,18,28,12,3,30,26,12,32,18,36,12,38,6,40,2,34,43,44,18,46,12,48,10,50
fd787af0f8280828 0 0 1900806,10,8,8,6,16,2,14,18,14,2,18,22,16,4,2,26,12,10,30,8,32,6,34,2,24,20,38,8,40,2,36,43,28,8,46,2,44,20,50,12,52,8,54,6,56,2,49,59,60,24,62,44,64,12,66,6,68,2,71
72421222f090e888 0 0 1835270,10,8,14,6,8,6,18,2,16,20,16,2,20,24,18,4,2,28,12,10,32,2,26,22,36,8,38,2,34,41,30,8,44,2,42,22,48,12,50,6,52,2,47,55,56,26,58,30,60,42,62,12,64,6,66,2,69
f3d5e22a0c086a08 0 0 2162950,12,4,12,14,10,8,18,2,9,20,8,6,24,4,4,26,6,4,30,2,22,16,34,12,36,10,38,4,32,40,28,8,44,6,46,4,48,2,42,16,52,12,54,8,56,6,58,4,60,2,51,63,64,22,66,42,68,10,70,8,72,6,74,4,76,2,79
a0dc048c450a8800 0 0 1638662,4,2,6,14,10,14,8,4,6,20,18,16,24,12,26,10,28,6,30,4,2,32,22,12,36,6,38,4,34,16,42,12,44,6,46,4,48,2,40,50,52,22,54,34,56,12,58,6,60,4,62
958008807fa62ec0 0 0 1835270,4,2,6,4,16,2,14,18,10,4,14,22,8,4,6,26,24,20,30,12,32,10,34,6,36,2,2,38,28,12,42,6,44,4,46,2,40,20,50,12,52,6,54,4,48,56,58,24,60,12,62,6,64,4,66,2,68
ac4a6cda439edaa8 0 0 1835270,4,2,6,4,16,2,14,18,10,4,14,22,8,4,6,26,24,20,30,12,32,10,34,6,36,2,2,38,28,12,42,6,44,4,46,2,40,20,50,12,52,6,54,4,48,56,58,20,60,28,62,12,64,6,66,4,68
b999d27294e47888 0 0 1638662,6,4,5,15,10,2,5,18,8,6,22,4,6,24,20,16,28,12,30,10,32,4,2,35,26,12,38,4,40,2,36,16,44,12,46,4,43,49,50,16,52,20,54,36,56,10,58,6,60,4,63
94f60848fedc0808 0 0 1507590,6,4,5,15,10,4,5,18,8,6,22,4,6,24,20,16,28,12,30,10,32,2,2,35,26,12,38,4,40,2,36,16,44,12,46,4,43,49,50,26,52,36,54,6,56,2,58
1292389248686268 0 0 2162950,12,8,14,6,16,4,16,18,8,4,10,8,22,24,8,6,28,4,4,30,6,2,26,20,36,12,38,10,40,8,42,6,44,4,46,2,35,49,32,8,52,6,54,4,56,2,50,20,60,12,62,2,59,65,66,32,68,50,70,8,72,6,74,4,76,2,79
0f16da2af0bc7080 0 0 1900806,10,8,14,4,16,2,6,4,18,20,12,10,24,8,6,26,10,6,30,4,32,2,6,34,6,2,28,22,40,12,42,6,38,44,36,4,48,2,46,22,52,10,54,6,56,4,58,2,50,60,62,28,64,36,66,46,68,2,70
d69c48d29cd65868 0 0 1179910,8,4,14,2,12,4,16,18,4,2,12,10,22,24,6,8,26,20,30,10,32,8,4,34,28,12,36,20,40,6,38,42,44,20,46,4,48
678b7eccdb386880 0 0 1704198,8,4,12,4,15,16,12,10,20,4,22,2,5,24,6,8,4,2,26,18,32,10,34,8,36,4,31,39,28,12,42,2,40,18,46,6,45,48,50,18,52,26,54,12,56,10,58,8,60,6,62,4,65
877630208736f0a0 0 0 1245446,8,4,14,2,12,4,16,18,4,2,12,10,22,24,6,8,26,20,30,10,32,8,4,34,28,12,36,20,40,6,38,42,44,20,46,28,48,4,50
f3da0b1a250c1e00 0 0 1769734,8,4,12,4,15,16,12,10,20,4,22,2,5,24,6,8,4,2,26,18,32,10,34,8,36,4,31,39,28,12,42,2,40,18,46,6,45,48,50,18,52,26,54,28,56,12,58,10,60,8,62,6,64,4,67
0d41be58d74ea8a8 0 0 1638662,8,4,14,2,12,16,4,2,12,10,22,8,24,4,20,26,8,6,30,4,32,2,8,35,28,18,38,10,4,40,36,12,44,4,42,18,48,8,50,6,52,4,54,2,46,57,58,42,60,12,62
258ef7b66b7e6868 0 0 1769734,8,6,14,4,16,2,12,19,4,2,12,10,24,8,26,6,22,28,8,4,32,2,15,34,30,20,38,10,40,4,4,43,36,12,46,4,44,20,50,8,52,4,54,2,48,56,58,36,60,44,62,12,64,4,66
c3c2bce8b3b2bce8 0 0 1704198,12,4,8,6,16,2,14,18,16,4,12,10,24,4,23,26,4,2,8,4,32,2,31,35,28,20,38,10,40,8,42,6,44,4,46,2,17,48,36,2,50,20,54,8,56,4,58,2,53,61,62,4,64
c54692888946de88 0 0 1638662,12,10,14,4,16,2,8,2,19,20,8,4,24,2,12,8,28,4,30,2,26,33,8,6,4,37,34,22,40,10,42,4,9,45,38,2,46,22,50,8,52,6,49,55,56,22,58,10,60,6,62
b767eae0aa7a2a20 0 0 1769734,12,10,14,8,16,6,8,4,18,20,12,8,24,4,8,27,8,6,4,31,20,2,28,22,36,10,38,8,40,6,42,4,44,2,35,46,32,2,48,22,52,8,54,6,51,57,58,28,60,10,62,4,64,2,67
2fc1907a5ab4a248 0 0 1769734,12,10,14,4,8,4,17,18,12,8,22,2,8,25,8,6,28,4,4,30,18,2,26,20,36,10,38,4,35,41,32,2,42,20,46,8,48,6,50,4,45,52,54,20,56,26,58,10,60,6,62,4,64,2,67
63e34d2c16bcf440 0 0 1638662,12,10,14,2,8,2,16,18,8,4,22,2,12,8,26,4,28,2,24,31,8,6,4,35,32,20,38,10,9,40,36,2,42,20,46,8,48,6,45,51,52,20,54,36,56,10,58,8,60,6,63
b9898e88e6867e88 0 0 1638662,12,10,14,8,16,6,18,2,8,4,20,22,12,8,8,27,8,6,4,31,22,2,28,24,36,10,38,8,40,6,35,42,32,2,44,24,48,8,50,6,47,53,54,28,56,32,58,10,60,2,63
916a6ce811eaec68 0 0 1704198,8,6,12,14,12,10,18,8,20,2,18,6,24,2,22,26,4,2,2,30,28,16,34,2,8,36,32,6,40,2,38,16,44,10,46,8,48,4,50,2,42,52,54,28,56,38,58,12,60,10,62,2,64
9504c04015044040 0 0 1507590,8,6,12,10,14,16,12,8,20,4,22,2,14,24,4,2,2,28,26,18,32,12,34,10,36,2,9,38,30,6,42,2,40,18,46,10,48,8,50,2,45,52,54,12,56,8,58
7da10dd085a60a28 0 0 1638662,8,6,12,10,16,8,18,2,14,20,12,8,24,4,26,2,14,28,2,5,30,22,34,12,36,10,38,8,9,40,32,6,44,2,42,22,48,10,50,2,47,53,54,22,56,12,58,6,60,2,63
531330885c4cc028 0 0 1638662,8,6,12,10,14,16,12,8,20,2,14,23,2,5,24,18,28,12,30,10,32,2,9,34,26,6,38,2,36,18,42,10,44,8,46,4,41,48,50,24,52,12,54,8,56,6,58,4,60,2,62
009454c08094d4c0 0 0 1638662,8,6,12,10,14,16,12,8,20,4,22,2,14,24,4,2,2,28,26,18,32,12,34,10,36,2,9,38,30,6,42,2,40,18,46,10,48,8,50,2,45,52,54,30,56,12,58,8,60,2,62
ed15f95c748c30c0 0 0 1638662,8,6,12,10,16,8,18,2,14,20,12,8,24,4,26,2,14,28,2,5,30,22,34,12,36,10,38,8,9,40,32,6,44,2,42,22,48,10,50,2,47,53,54,22,56,32,58,12,60,6,63
d18eb3a04ce62ec8 0 0 1704198,12,10,14,2,8,4,16,18,12,8,8,23,8,6,26,4,4,28,18,2,24,20,34,10,33,36,30,2,38,20,42,8,44,6,46,4,41,48,50,20,52,24,54,30,56,10,58,8,60,6,62,4,64
8a8dff7875720088 0 0 1638662,12,10,14,8,9,16,12,8,20,2,9,22,2,5,8,6,24,18,30,12,32,10,34,8,36,2,28,38,26,6,42,2,40,18,46,10,48,4,45,51,52,24,54,40,56,6,58,4,60,2,63
f6f2d3289d96d688 0 0 1769734,2,13,12,6,16,4,2,18,10,8,22,4,7,24,10,4,28,2,20,14,32,6,30,35,26,12,38,8,40,2,36,14,44,12,46,10,48,8,50,2,43,53,54,14,56,20,58,12,60,10,62,8,64,4,67
e45c039acda8c408 0 0 1704198,2,13,12,10,16,6,18,2,2,21,10,8,24,4,24,6,28,4,26,30,10,4,34,2,22,14,38,6,36,40,32,12,44,8,46,2,42,14,50,12,52,10,49,55,56,14,58,12,60,10,62,4,65
4672cf92fa580008 0 0 1835270,12,6,14,2,2,16,12,10,20,2,2,23,10,8,26,6,28,4,26,4,30,32,10,4,24,18,38,6,37,40,34,12,44,8,46,2,42,18,50,12,52,10,54,6,49,57,58,18,60,24,62,12,64,10,66,4,69
7666127268d84888 0 0 1769734,2,13,12,10,16,6,18,4,20,2,2,22,10,8,26,6,26,28,10,2,24,14,34,6,33,36,30,12,40,8,42,6,44,2,38,14,48,12,50,10,52,4,46,54,56,14,58,30,60,12,62,8,64,6,66
d8c119d018dcdcc8 0 0 1966342,12,6,14,2,2,16,12,10,20,4,22,2,2,24,10,8,28,6,28,30,26,18,34,6,10,36,32,12,40,8,42,6,44,2,38,18,48,12,50,10,52,6,54,4,46,56,58,18,60,26,62,32,64,12,66,8,68,6,70,2,72
b5ec9c8038c872c8 0 0 1835270,12,8,14,4,14,6,16,18,6,4,13,22,10,8,26,6,28,4,30,2,28,2,32,34,22,2,24,20,40,4,39,42,36,12,46,10,48,4,44,20,52,8,54,6,56,4,51,59,60,20,62,6,64,4,66,2,69
ee16fd8a119e6868 0 0 1966342,12,6,14,4,16,2,12,4,20,2,19,23,12,8,26,6,28,4,30,2,6,32,10,4,10,36,6,2,34,24,42,4,41,44,38,12,48,10,46,24,52,8,54,6,56,4,50,59,60,24,62,38,64,10,66,6,68,4,70,2,73
f90cbfea0208a208 0 0 1376518,10,2,12,14,12,10,18,8,20,6,12,8,24,6,26,2,22,28,6,4,4,32,30,16,36,6,10,38,34,4,42,2,40,16,46,10,48,8,44,50,52,16,54
514083b0fe102ce0 0 0 1310982,6,4,10,8,14,16,6,10,10,2,10,23,14,2,20,18,28,8,30,6,32,2,27,35,24,10,38,4,36,18,42,12,44,8,46,4,40,49,50,20,52
e581813a3fe0e0e0 0 0 1573126,12,4,8,4,16,2,15,18,8,2,12,10,24,8,26,4,22,28,8,6,4,32,30,20,36,10,38,4,8,41,34,4,44,2,42,20,48,8,50,6,46,52,54,30,56,42,58,2,60
0fac84a4d260e2e0 0 0 1638662,12,4,14,2,8,4,18,2,17,20,8,2,12,10,26,8,28,2,24,31,8,6,4,34,32,22,38,10,8,40,36,4,44,2,42,22,48,8,50,6,46,52,54,32,56,36,58,42,60,8,62
ea48fe76f4de4040 0 0 1245446,12,8,14,2,12,4,16,18,4,2,12,10,22,24,6,8,26,20,30,12,32,10,34,8,36,4,4,38,28,12,40,20,44,6,42,46,48,20,50
466c6ac0a288ca60 0 0 1179910,8,12,12,10,16,2,3,18,4,6,8,2,20,14,26,10,28,8,30,2,25,32,22,8,34,14,38,4,36,40,42,20,44,34,46,10,48
538b7e8ec69618e8 0 0 1900806,12,10,14,2,12,6,16,18,12,8,22,6,24,2,7,26,10,2,4,2,31,33,6,2,28,20,38,12,40,10,42,8,44,2,37,46,34,12,50,2,48,20,54,4,56,2,53,59,60,20,62,28,64,12,66,8,68,2,70
90f2408810724088 0 0 1048838,8,12,12,10,16,8,3,18,4,6,8,2,20,14,26,10,25,28,22,8,30,14,34,4,32,36,38,22,40,30,42,12,44
a55cc6a0251c86e0 0 0 1442054,12,8,12,4,15,16,4,2,12,10,20,22,8,2,6,27,24,18,30,12,32,10,34,8,36,4,38,2,4,41,28,12,42,18,46,6,44,48,50,18,52,28,54,4,56
70d7788a0f02d220 0 0 1769734,12,10,14,2,12,6,16,18,6,2,12,8,24,2,22,27,4,2,10,31,28,20,34,12,36,10,38,8,40,6,42,2,6,45,32,12,46,20,50,4,52,2,48,55,56,20,58,28,60,32,62,12,64,6,66
ae061c48c584aae8 0 0 1966342,12,2,12,6,16,4,18,2,15,20,4,2,12,10,24,26,6,2,8,6,32,4,31,35,28,22,38,12,40,10,42,6,44,4,46,2,4,49,36,12,52,6,54,2,50,22,58,8,60,6,62,4,56,65,66,50,68,12,70,8,73
1803440026f41608 0 0 1966342,12,6,14,4,12,17,12,10,20,6,22,4,5,24,8,4,28,2,6,30,4,2,26,18,36,12,38,10,40,2,35,43,32,12,46,4,48,2,44,18,52,8,54,4,56,2,51,58,60,26,62,32,64,44,66,10,68,8,70,6,72
57a0826c57a082a0 0 0 1704198,10,4,8,14,4,2,12,8,19,20,8,6,24,4,19,26,6,4,30,2,22,16,34,8,36,2,33,39,28,8,42,6,44,4,46,2,40,16,50,8,52,6,54,4,49,56,58,40,60,8,62,6,64
7ce8fce8fc687c68 0 0 917766,8,6,4,14,10,14,4,6,18,16,22,12,24,10,26,8,2,28,20,2,30,16,34,8,32,36,38,30,40
b0ac56cad6063060 0 0 1835270,8,4,10,8,16,6,14,18,18,4,10,4,23,25,4,2,3,28,10,6,32,4,34,2,26,20,38,8,40,6,42,2,37,45,30,6,48,4,46,20,52,12,54,8,56,6,50,58,60,26,62,46,64,10,66,4,69
044ea6e40aeaa840 0 0 1245446,8,12,12,10,16,2,3,18,4,6,8,2,20,14,26,10,28,8,30,2,25,32,22,8,34,14,38,4,36,40,42,20,44,22,46,34,48,10,50
d22a70888a2a7288 0 0 1310982,12,8,12,14,12,6,18,2,3,20,4,10,8,2,22,16,28,12,30,8,32,6,34,2,27,36,24,12,38,16,42,4,40,44,46,22,48,12,50,6,52
8256fd563fc0eac0 0 0 1310982,12,4,12,14,12,10,18,2,3,20,6,8,4,2,22,16,28,12,30,10,32,4,34,2,27,36,24,12,38,16,42,6,40,44,46,16,48,22,50,10,52
1068fbfef9deb248 0 0 1245446,12,6,12,14,12,8,18,6,3,20,4,2,10,25,6,2,22,16,30,12,32,8,29,34,26,12,36,16,40,4,42,2,38,45,46,16,48,26,50
324832421ac098e8 0 0 1376518,12,6,12,14,12,8,18,2,3,20,4,10,6,2,22,16,28,12,30,8,32,6,34,2,27,36,24,12,38,16,42,4,40,44,46,16,48,22,50,24,52,8,54
d1c4a248c4c4e248 0 0 1769734,12,10,14,4,14,6,18,4,16,20,12,8,24,6,3,26,10,6,6,4,30,32,6,2,28,22,38,12,40,8,37,42,34,12,46,10,48,6,50,4,44,22,54,6,56,4,52,58,60,44,62,12,64,10,66
efc6d8c6c9e032e0 0 0 2162950,12,10,14,4,14,6,18,4,16,20,12,8,24,6,3,26,10,6,30,2,6,4,34,2,33,37,6,2,28,22,42,12,44,8,41,46,38,12,50,10,52,6,54,4,48,22,58,6,60,4,62,2,56,65,66,28,68,48,70,12,72,10,74,8,76,2,79
dbc16b0e35d07ae0 0 0 1573126,2,8,10,8,16,4,16,6,20,4,22,2,18,25,2,4,26,14,30,10,32,6,34,2,10,37,28,6,38,14,42,12,44,8,46,4,41,48,50,14,52,26,54,12,56,8,58,4,60
2f88228888208a20 0 0 1638662,12,10,14,4,14,6,16,18,12,4,3,22,10,8,6,26,6,4,30,2,24,20,34,12,36,6,33,38,28,12,42,10,44,6,40,20,48,6,46,50,52,28,54,40,56,12,58,10,60,6,62
486238129292e248 0 0 1900806,12,10,14,4,14,6,16,18,12,6,22,2,3,24,10,8,6,2,28,31,6,4,34,2,26,20,38,12,40,4,42,2,37,44,32,12,48,10,50,6,46,20,54,6,56,2,52,59,60,26,62,32,64,46,66,12,68,6,70
0200fd787df08288 0 0 983302,10,8,9,14,3,12,4,6,18,16,22,10,24,2,3,26,20,8,28,16,32,4,31,34,36,16,38,18,40,4,42
5a5c687c6e687c68 0 0 1048838,10,8,9,14,3,12,4,6,18,16,22,10,24,2,3,26,20,8,28,16,32,4,31,34,36,16,38,18,40,20,42,4,44
bceed28833c4a208 0 0 1310982,3,13,12,10,16,4,4,18,6,8,4,2,20,14,26,12,28,4,30,2,25,32,22,12,34,14,38,6,37,40,42,20,44,34,46,6,48,4,50,2,53
b3052ac47f90a240 0 0 1376518,3,13,12,10,16,4,4,18,6,8,4,2,20,14,26,12,28,4,30,2,25,32,22,12,34,14,38,6,37,40,42,20,44,22,46,34,48,6,50,4,52,2,55
e048e0e8604860e8 0 0 1966342,12,8,14,4,14,16,8,6,20,4,22,2,10,8,24,26,8,4,4,31,28,18,34,12,36,10,38,8,40,6,6,43,32,8,46,4,48,2,44,18,52,12,54,4,56,2,50,58,60,18,62,32,64,44,66,12,68,4,70,2,72
a280e2c02200e2c0 0 0 1442054,10,8,14,6,16,4,10,18,12,8,2,22,6,4,2,26,4,2,24,20,32,12,34,10,36,8,38,6,40,2,30,42,28,4,44,20,48,10,50,8,52,6,46,54,56
3f3d49c27b861c68 0 0 1245446,12,6,9,14,12,10,18,8,20,2,2,22,6,4,26,2,6,28,8,2,24,16,34,8,33,37,38,16,30,40,42,24,44,38,46,12,48,8,51
ee08080822080808 0 0 983302,12,10,14,8,8,16,2,12,4,6,8,2,20,18,26,8,24,28,30,18,22,32,34,18,36,20,38,30,40,8,42
5288472287a29208 0 0 1704198,12,8,14,4,6,4,16,18,12,10,22,8,24,6,26,4,8,28,2,4,8,6,34,4,30,20,38,12,40,6,36,42,32,6,46,4,44,20,50,2,48,52,54,20,56,30,58,8,60,6,62,4,64
d5d2d0527a787aa8 0 0 1310982,8,6,14,4,16,2,10,18,2,18,2,4,22,20,26,12,28,10,30,8,32,4,7,34,24,6,36,20,40,10,42,4,39,44,46,22,48,12,50,8,52
64b82a06466abc60 0 0 1114374,10,8,8,14,14,2,8,18,2,4,20,16,24,12,26,8,6,28,22,6,30,16,34,8,36,4,32,38,40,20,42,30,44,8,46
9740104017c090c0 0 0 1179910,10,8,8,14,14,2,8,18,2,4,20,16,24,12,26,8,6,28,22,6,30,16,34,8,36,4,32,38,40,20,42,22,44,30,46,8,48
4d085d524d080808 0 0 1376518,8,4,14,2,10,6,16,18,4,18,4,7,22,20,26,12,28,10,30,8,32,6,3,34,24,8,38,4,36,20,42,10,41,45,46,20,48,12,50,8,52,6,55
36b3d7883cbcd288 0 0 1507590,8,4,14,2,10,6,16,18,4,18,4,7,22,20,26,12,28,10,30,8,32,6,3,34,24,8,38,4,36,20,42,10,41,45,46,20,48,24,50,12,52,8,54,6,56,4,59
09383cd219727cc8 0 0 1573126,8,2,10,8,16,4,14,18,4,18,6,2,4,24,22,20,28,12,3,30,26,8,32,20,36,10,38,8,40,6,42,4,44,2,35,46,48,32,50,10,52,8,54,6,56,4,58,2,60
6da466c26d0496c8 0 0 1376518,8,2,10,8,14,17,4,17,6,2,4,22,20,18,26,12,3,28,24,8,30,18,34,10,36,8,38,6,40,2,33,43,44,24,46,30,48,10,50,8,52,6,55
f8b72a6a074870c0 0 0 1573126,6,2,12,8,16,6,18,4,14,20,6,20,8,4,26,2,2,29,24,22,32,12,34,10,36,8,38,4,8,40,30,8,44,6,46,2,42,22,50,12,52,6,54,2,48,57,58,22,60
bcf770da46028a20 0 0 1704198,6,2,12,8,16,6,18,4,20,2,14,23,6,23,8,4,2,28,26,24,32,12,34,10,36,4,38,2,8,40,30,8,44,6,46,2,42,24,50,12,52,6,54,2,48,57,58,24,60,30,62,8,64
dfc09eb24036ba00 0 0 1573126,6,2,12,6,16,4,14,18,6,18,8,4,2,24,22,20,28,12,30,10,32,6,34,4,36,2,8,38,26,8,42,6,44,2,40,20,48,12,50,8,52,6,46,54,56,40,58,8,60
19fd710c86c22200 0 0 1769734,6,2,12,4,16,2,14,18,6,18,8,4,2,24,22,20,28,12,30,10,32,8,34,4,36,2,8,38,26,8,42,6,44,2,40,20,48,12,50,8,52,2,46,54,56,20,58,22,60,40,62,8,64,2,66
ba32bae0ea921a40 0 0 1704198,6,2,12,6,16,4,18,2,14,21,6,21,8,4,2,26,24,22,30,12,32,10,34,8,36,6,38,4,8,40,28,8,44,6,46,2,42,22,50,12,52,8,54,6,56,2,48,59,60,28,62,42,64
580ca45a73141a28 0 0 1900806,6,2,12,6,16,4,14,18,6,18,8,4,24,2,2,27,22,20,30,12,32,10,34,6,36,4,38,2,8,40,28,8,44,6,46,2,42,20,50,12,52,8,54,6,56,2,48,59,60,20,62,22,64,28,66,42,68,6,70
4e2c0ea40ea04e28 0 0 983302,6,4,8,14,8,10,4,6,18,16,22,12,24,6,26,4,2,28,20,8,32,2,30,16,36,4,34,38,40,16,42
f8c92836f8a028a0 0 0 1573126,10,6,10,14,12,6,18,4,2,20,8,4,2,24,4,2,22,16,30,12,32,10,34,8,36,6,38,4,40,2,28,42,26,4,44,16,48,10,50,6,52,4,46,54,56,16,58,10,60
dcf61c3642e88228 0 0 1376518,6,10,12,8,16,4,4,18,8,6,22,4,24,2,24,26,4,2,20,14,32,4,30,34,28,8,38,6,40,2,36,14,44,8,42,46,48,14,50,20,52,4,54
3f049daee2ea4040 0 0 1310982,6,10,12,8,16,6,4,18,8,4,22,2,22,24,4,2,20,14,30,4,28,32,26,8,34,14,38,8,40,6,42,2,36,44,46,14,48,26,50,8,52
b00c2d6a2d6eb008 0 0 1638662,6,4,14,2,12,10,18,8,16,20,12,4,24,2,9,26,8,6,30,2,30,32,30,4,28,22,38,8,37,41,34,6,42,22,46,4,45,49,50,22,52,28,54,42,56,12,58,8,60,2,63
d2d7252afe0410e0 0 0 2097414,12,8,14,6,16,4,6,2,18,21,12,10,24,8,26,6,28,4,30,2,8,6,33,35,8,4,38,2,39,41,36,22,44,8,46,6,8,49,42,6,52,4,50,22,56,12,58,8,60,2,54,62,64,22,66,36,68,10,70,6,72,4,74,2,77
85a5a7781de42e28 0 0 1966342,12,8,14,4,6,2,16,19,12,10,22,4,24,2,8,6,26,29,8,4,32,2,32,34,30,20,38,8,40,6,8,43,36,6,46,4,48,2,44,20,52,12,54,8,56,6,51,59,60,20,62,30,64,36,66,10,68,8,70,6,73
0d662214bb7a9408 0 0 1704198,12,8,14,6,4,17,12,10,20,8,22,4,24,2,8,6,26,29,8,2,8,32,28,4,36,2,30,18,40,8,42,6,39,45,34,6,46,18,50,12,52,8,54,2,49,56,58,30,60,46,62,10,64
cfa42142128c56c0 0 0 1835270,12,8,14,6,4,17,12,10,20,8,22,4,24,2,8,6,26,29,8,2,9,33,28,4,36,2,30,18,40,8,42,6,39,45,34,6,48,2,46,18,52,12,54,8,50,57,58,30,60,34,62,46,64,10,66,6,68
fefaeeaa57604260 0 0 1507590,12,8,14,2,12,6,18,4,17,20,12,10,24,4,4,26,8,4,30,2,8,33,8,6,36,4,28,22,40,4,38,42,34,8,46,4,44,22,50,12,48,52,54,28,56,4,58
79e4d83c7de02cc8 0 0 2097414,12,10,14,4,14,8,16,18,12,8,22,2,4,2,25,27,8,6,30,4,30,32,8,4,36,2,28,20,40,4,42,2,39,45,34,8,48,6,50,4,52,2,46,20,56,12,58,10,60,8,62,6,64,4,66,2,55,69,70,20,72,28,74,6,76
5cfe54dc0aa80880 0 0 1835270,12,2,12,8,16,6,18,4,15,20,12,10,24,8,26,6,28,4,4,30,8,4,34,2,8,37,8,6,40,4,32,22,44,4,42,46,38,8,50,4,48,22,54,12,56,8,52,58,60,32,62,38,64,8,66,4,68
8d809bf8f2f0e488 0 0 2228486,12,10,14,4,16,2,14,8,20,2,18,22,12,4,26,2,4,2,29,31,8,6,34,4,34,36,8,4,40,2,32,24,44,4,46,2,43,49,38,8,52,6,54,4,56,2,50,24,60,12,62,10,64,8,66,6,68,4,59,71,72,24,74,32,76,38,78,2,80
e83d3298eb3e02a8 0 0 1769734,10,6,14,4,10,4,16,18,2,12,8,2,2,24,22,20,28,12,30,10,32,8,34,6,36,2,5,39,26,4,42,2,40,20,46,10,48,2,45,51,52,20,54,22,56,12,58,10,60,8,62,6,64,4,66
b462b5a2b5a0b460 0 0 1048838,6,4,8,14,8,10,4,6,18,16,22,12,24,6,26,4,2,28,20,8,32,2,30,16,36,4,34,38,40,16,42,20,44
9e1e0b0cadf01a48 0 0 1638662,4,2,10,2,15,16,8,4,16,21,6,2,15,24,22,18,28,12,30,10,32,8,34,4,2,36,26,8,40,4,42,2,38,18,46,10,48,6,45,50,52,22,54,26,56,10,58,6,60,2,62
1a4a131c3c9ce0e0 0 0 1638662,10,8,14,6,16,4,18,2,4,21,8,4,21,24,6,4,28,2,4,31,26,22,34,12,36,8,38,4,2,40,32,8,44,4,46,2,42,22,50,6,52,2,48,55,56,26,58,8,60,4,62
6a783e686e681668 0 0 1638662,6,4,4,14,10,8,4,18,8,6,22,2,14,24,20,16,28,12,30,8,32,6,34,4,2,36,26,12,40,8,42,6,44,4,38,16,48,8,50,4,52,2,46,54,56,16,58,8,60,4,62
aae50da44d52aea8 0 0 1573126,6,4,4,14,10,8,4,18,8,6,22,2,14,24,20,16,28,12,30,8,32,6,34,4,2,36,26,12,40,8,42,6,44,4,38,16,48,8,50,4,52,2,46,54,56,20,58,8,60
0b448aea10e40420 0 0 1704198,6,4,4,14,10,8,4,18,8,6,22,2,14,24,20,16,28,12,30,8,32,6,34,4,2,36,26,12,40,8,42,6,44,4,38,16,48,8,50,4,52,2,46,54,56,16,58,20,60,8,62,4,64
fbc376363c448888 0 0 1573126,4,2,6,4,15,16,10,8,15,20,8,4,24,2,16,26,22,18,30,12,32,8,2,34,28,12,38,8,36,18,42,8,44,6,46,2,40,48,50,18,52,28,54,8,56,6,58,4,60
dc0437c8d17c42c8 0 0 1900806,6,4,4,14,10,8,18,4,20,2,4,22,8,6,26,2,14,28,24,16,32,12,34,8,36,6,38,4,2,40,30,12,44,8,46,6,48,4,42,16,52,8,54,4,56,2,50,58,60,24,62,30,64,8,66,6,68,4,70
0f5b2f4840e48c28 0 0 1900806,6,4,4,14,10,8,18,4,20,2,4,22,8,6,26,2,14,28,24,16,32,12,34,8,36,6,38,4,2,40,30,12,44,8,46,6,48,4,42,16,52,8,54,4,56,2,50,58,60,16,62,24,64,30,66,8,68,6,70
c947ce74437c7480 0 0 1573126,6,4,14,2,4,17,10,8,20,6,4,22,8,6,26,4,28,2,17,30,24,18,34,12,36,8,2,39,32,12,42,8,40,18,46,8,45,49,50,18,52,24,54,32,56,40,58,12,61
448ca82c3c542c08 0 0 1376518,4,10,8,6,4,17,6,4,20,2,17,22,18,14,26,12,28,4,30,2,3,32,24,12,36,4,38,2,34,14,42,6,44,2,40,46,48,18,50,12,52,4,54
20cc28883b287828 0 0 1442054,4,10,4,8,6,4,18,2,8,20,16,14,24,12,26,4,28,2,3,30,22,12,34,4,36,2,32,14,40,6,42,2,38,44,46,14,48,22,50,12,52,4,54,2,56
72fdf82af2be4400 0 0 1573126,4,10,8,6,4,17,6,4,17,20,18,14,24,12,26,8,28,6,30,4,32,2,3,34,22,12,38,8,40,6,42,4,44,2,36,14,48,6,46,50,52,22,54,36,56,6,58,4,60
ba80302002028808 0 0 1442054,4,10,4,8,6,4,8,18,16,14,22,12,24,8,26,4,28,2,3,31,20,12,34,8,36,4,38,2,32,14,42,6,41,44,46,14,48,16,50,20,52,32,54,6,56
04ede006400cdc60 0 0 1638662,10,8,8,6,14,16,14,4,16,20,16,4,24,2,4,27,12,10,30,8,32,6,22,18,36,8,38,4,34,41,28,8,44,4,42,18,48,4,50,2,47,53,54,22,56,42,58,4,60,2,63
f2d012c07ad09ac0 0 0 1573126,10,8,8,6,14,16,14,4,16,20,16,2,4,24,12,10,28,8,30,6,22,18,34,8,36,4,32,39,26,8,42,4,40,18,46,2,45,48,50,22,52,26,54,40,56,8,58,2,60
60744b9622beca60 0 0 2425094,12,10,14,6,16,2,9,18,14,8,22,6,24,2,8,4,28,2,27,30,10,8,34,4,4,2,36,39,12,6,42,2,32,20,46,10,48,8,50,6,44,53,40,10,56,8,58,6,54,20,62,12,64,8,66,6,68,4,70,2,61,72,74,20,76,12,78,8,80,6,82,4,84,2,86
8e053110ff6a4080 0 0 2031878,10,8,12,8,16,6,14,19,12,10,22,6,14,2,25,26,8,6,30,4,32,2,2,35,22,8,38,2,28,20,42,8,44,2,40,47,36,8,50,2,48,20,54,12,56,4,58,2,53,60,62,48,64,12,66,10,68,8,70,4,72,2,74
a59584ee41caa688 0 0 1835270,10,8,12,8,16,6,14,19,12,10,22,6,14,2,25,26,8,6,30,4,2,32,22,8,36,2,28,20,40,8,42,2,38,45,34,8,48,2,46,20,52,12,54,4,51,57,58,34,60,46,62,12,64,10,66,4,69
a0d8aa8820582a08 0 0 1376518,12,10,2,14,12,8,2,18,10,4,22,2,23,25,20,16,28,4,6,30,26,4,32,16,36,12,38,4,40,2,34,43,44,16,46,12,48,10,50,4,52,2,55
b2489ac0fa00d288 0 0 1310982,2,12,12,10,16,8,18,4,2,20,10,4,24,2,24,26,22,14,30,4,6,32,28,4,34,14,38,12,40,10,42,4,36,44,46,14,48,22,50,10,52
9d4840c0bf6a40c0 0 0 1310982,10,8,4,14,12,8,18,6,4,20,8,6,4,25,4,2,22,16,30,10,32,4,29,34,26,8,38,4,36,16,42,10,44,6,40,47,48,16,50,8,52
28f5df8aae8cea40 0 0 1179910,12,2,9,14,12,10,18,8,20,2,2,22,4,6,8,2,24,16,30,8,29,33,34,16,26,36,38,24,40,26,42,34,44,12,46,8,49
55f43b9a8a0ee460 0 0 1966342,6,2,12,10,16,2,15,18,16,8,22,4,7,24,10,4,28,2,2,30,26,20,34,12,36,10,38,8,40,6,10,43,32,10,46,6,44,20,50,12,52,6,54,2,49,57,58,20,60,26,62,10,64,8,66,6,68,4,70,2,73
88ad8808f0800080 0 0 1638662,8,6,12,8,16,6,18,2,15,20,14,2,20,25,8,4,28,2,2,30,26,22,34,10,36,6,38,2,9,40,32,8,44,6,42,22,48,10,50,8,52,6,47,55,56,22,58,8,60,6,63
80c6ecccc8426488 0 0 1507590,8,2,12,10,16,8,18,6,20,4,14,22,8,22,8,6,28,4,2,30,28,2,26,24,36,10,38,6,34,40,32,8,44,2,42,24,48,10,50,8,46,52,54,26,56,8,58
2e1462d0fe043240 0 0 2031878,12,10,14,6,16,2,2,18,6,2,12,8,24,2,23,26,6,4,30,2,8,6,34,4,36,2,33,39,4,2,28,20,44,2,42,46,40,12,50,8,52,6,54,4,56,2,48,20,60,6,59,63,64,20,66,28,68,40,70,6,72,4,75
7c3292683c822228 0 0 1573126,8,2,12,10,16,8,18,6,20,4,14,22,8,22,8,6,28,4,2,30,28,2,26,24,36,10,38,6,34,40,32,8,44,2,42,24,48,10,50,8,46,52,54,26,56,32,58,8,60
0c04da0821040808 0 0 1835270,8,4,14,2,10,6,18,4,17,20,18,2,4,2,25,27,6,4,27,30,28,22,34,12,36,6,38,2,3,40,32,8,44,4,46,2,42,22,50,12,52,10,54,8,56,4,49,59,60,22,62,28,64,4,66,2,69
664c64ec6e44a028 0 0 1966342,8,4,14,2,10,8,18,6,17,20,20,4,24,2,4,2,27,29,6,4,32,2,29,35,30,22,38,12,40,6,42,4,3,44,36,8,48,4,50,2,46,22,54,12,56,10,58,4,60,2,53,63,64,22,66,30,68,36,70,6,72
9296768229222c28 0 0 1966342,12,8,14,6,8,6,16,18,18,2,16,22,8,4,26,2,2,28,24,20,32,10,34,6,9,36,30,8,40,6,38,20,44,12,46,10,48,8,50,6,52,2,42,55,56,20,58,24,60,30,62,38,64,10,66,8,68,6,70,2,72
ad069668bd16f608 0 0 1179910,10,8,4,14,8,14,6,2,4,20,18,16,24,12,26,10,28,4,2,30,22,8,32,16,36,12,38,10,40,8,42,2,34,44,46,18,48
77528808f7f80808 0 0 1245446,10,8,4,14,8,14,6,2,4,20,18,16,24,12,26,10,28,4,2,30,22,8,32,16,36,12,38,10,40,8,42,2,34,44,46,16,48,18,50
7022772a77007008 0 0 1245446,10,8,4,14,8,14,6,2,4,20,18,16,24,12,26,10,28,4,2,30,22,8,32,16,36,12,38,10,40,8,42,2,34,44,46,18,48,22,50
10fb18e2eb00fa00 0 0 1638662,10,8,4,14,9,14,6,2,4,20,18,16,24,12,26,8,28,4,2,30,22,8,32,16,36,12,38,10,40,8,42,4,44,2,35,47,48,16,50,18,52,32,54,12,56,8,58,4,60,2,63
200020d2227222a0 0 0 1704198,10,8,4,14,9,14,6,2,4,20,18,16,24,12,26,8,28,4,2,30,22,8,32,16,36,12,38,10,40,8,42,4,44,2,35,47,48,16,50,18,52,22,54,32,56,12,58,8,60,4,62,2,65
6ae068c2e268c268 0 0 1769734,12,10,14,6,16,4,14,18,12,8,22,2,22,25,8,4,6,4,30,2,28,33,8,6,36,4,38,2,26,20,42,6,44,2,40,46,34,6,48,20,52,2,51,55,56,20,58,26,60,48,62,8,64,2,67
4342f0244746f420 0 0 1310982,2,9,9,10,2,4,16,14,20,12,22,10,24,8,6,26,18,6,28,14,32,12,34,8,36,6,38,2,30,40,42,14,44,16,46,10,48,6,50,2,52
47907866a1769e80 0 0 1507590,12,2,7,15,6,2,15,19,8,4,22,2,2,24,20,16,28,12,30,10,32,2,9,34,26,8,38,6,36,16,42,12,44,10,46,8,40,49,50,20,52,12,54,8,56,2,59
455654481ffc5448 0 0 1573126,12,2,7,15,6,2,15,19,10,8,22,4,2,24,20,16,28,12,30,10,32,2,22,34,26,10,38,8,40,6,36,16,44,12,46,8,43,48,50,20,52,26,54,12,56,10,58,8,60
a97e9978d60ee608 0 0 1769734,12,2,7,15,6,2,15,19,8,4,22,2,2,24,20,16,28,12,30,10,32,2,9,34,26,8,38,6,36,16,42,12,44,10,46,8,40,49,50,16,52,20,54,36,56,12,58,10,60,8,62,6,64,2,66
8468aec242c26868 0 0 1704198,12,4,3,14,12,10,18,8,20,6,5,22,8,6,26,4,4,2,28,30,24,16,34,10,36,8,38,4,8,41,32,8,44,6,42,16,48,12,50,6,52,2,47,55,56,16,58,24,60,10,62,2,65
63c1882af53e3c08 0 0 1769734,7,12,6,2,12,17,8,4,20,2,2,22,18,14,26,12,28,10,30,8,9,32,24,8,36,6,34,14,40,12,42,10,44,2,38,47,48,14,50,18,52,24,54,34,56,12,58,10,60,8,62,6,64,2,66
80aa58d22aa0a228 0 0 1900806,8,4,10,6,16,2,14,18,16,4,4,2,23,25,6,4,25,28,26,20,32,12,34,6,36,4,38,2,3,40,30,8,44,4,46,2,42,20,50,12,52,10,54,8,56,4,49,58,60,20,62,8,64,6,66,4,68,2,71
6c64eca8e46464a8 0 0 1310982,10,8,2,14,8,4,18,2,14,20,6,4,24,2,2,26,22,16,30,12,32,10,34,6,6,36,28,6,38,16,42,8,44,6,40,46,48,38,50,6,52
3346354aea2cec20 0 0 1376518,10,4,4,14,8,4,18,2,14,21,6,4,4,24,22,16,28,12,30,8,2,32,26,8,36,4,34,16,40,12,39,43,44,22,46,12,48,10,50,8,52,4,55
2bfbdd0897f46e08 0 0 1376518,4,11,8,2,11,17,6,2,4,20,18,14,24,12,26,10,28,8,30,4,2,32,22,8,34,14,38,12,40,10,37,43,44,14,46,18,48,34,50,12,52,2,54
4e4ca8e62a6caaa0 0 0 1704198,10,8,14,4,16,2,4,18,8,2,18,23,6,2,4,26,24,20,30,12,32,10,34,4,2,36,28,8,38,20,42,12,44,10,46,8,41,49,50,20,52,24,54,28,56,38,58,12,60,8,62,4,65
48ae55c4a662cc08 0 0 1835270,10,8,14,6,16,2,16,4,18,21,8,4,18,25,6,2,4,2,28,31,26,22,34,12,36,8,38,6,2,40,32,8,44,4,46,2,42,22,50,8,52,6,54,4,56,2,49,59,60,26,62,10,64,8,66,4,69
d0fcdafefede6840 0 0 1835270,10,4,14,2,6,16,4,16,10,8,22,4,6,24,20,18,28,12,30,10,32,4,34,2,2,37,26,12,40,10,42,4,44,2,38,18,48,12,50,10,52,6,47,55,56,18,58,12,60,10,62,6,64,4,66,2,69
71671610e666e888 0 0 1900806,10,4,14,2,6,16,4,16,10,8,22,4,6,24,20,18,28,12,30,10,32,4,34,2,2,37,26,12,40,10,42,4,44,2,38,18,48,12,50,10,52,6,47,55,56,18,58,26,60,12,62,10,64,6,66,4,68,2,71
3f0732028a0a4400 0 0 1114374,8,6,14,4,16,2,6,18,4,6,4,10,22,20,26,12,3,28,24,12,30,20,34,12,36,8,38,6,32,41,42,22,44,12,46
e0ee64c0a0e44400 0 0 1179910,8,6,14,4,16,2,6,18,4,6,4,10,22,20,26,12,3,28,24,12,30,20,34,12,36,8,38,6,32,41,42,22,44,24,46,12,48
6f5b9eaeda5ae8a0 0 0 1245446,8,6,14,4,16,2,8,4,18,20,6,2,4,24,4,10,26,22,30,12,3,32,28,12,34,22,38,12,40,8,42,6,36,45,46,26,48,12,50
94e9887699447628 0 0 1769734,6,2,4,2,14,16,10,16,8,4,22,2,14,24,20,18,28,12,30,10,32,8,34,4,2,36,26,12,40,8,42,4,38,18,46,12,48,8,50,6,52,4,44,54,56,26,58,38,60,12,62,8,64,4,66
9d7d9444f6668828 0 0 1442054,6,4,6,15,5,10,8,4,6,20,18,16,24,12,26,10,28,6,30,4,32,2,2,34,22,12,38,6,40,4,42,2,36,16,46,12,44,49,50,16,52,6,54,4,56
f0f2720888f27208 0 0 1769734,6,4,14,2,6,16,4,2,10,20,8,6,24,4,6,26,22,18,30,12,32,10,34,4,36,2,2,39,28,12,42,4,44,2,40,18,48,12,50,6,52,2,47,55,56,40,58,12,60,6,62,4,64,2,67
97747dde38843cc0 0 0 1769734,6,4,14,2,6,16,10,2,4,2,21,22,8,6,26,4,6,28,24,18,32,12,34,10,36,4,2,38,30,12,42,4,44,2,40,18,48,12,50,6,52,2,47,55,56,24,58,40,60,12,62,6,64,2,67
2e3b011af7e22800 0 0 1769734,6,4,14,2,6,16,10,2,4,2,21,22,8,6,26,4,6,28,24,18,32,12,34,10,36,4,2,38,30,12,42,4,44,2,40,18,48,12,50,6,52,2,47,55,56,24,58,30,60,40,62,12,64,2,67
f0a42904189e9868 0 0 1900806,6,4,14,2,6,16,10,2,4,2,21,22,8,6,26,4,6,28,24,18,32,12,34,10,36,4,2,38,30,12,42,4,44,2,40,18,48,12,50,6,52,2,47,55,56,18,58,24,60,30,62,40,64,12,66,6,68,2,71
e8420aaa4a682800 0 0 1507590,12,10,2,14,12,8,18,6,20,2,6,22,6,4,26,2,8,29,24,16,32,2,5,34,30,12,38,8,40,4,42,2,36,16,46,6,48,2,45,50,52,24,54,36,56,2,58
c820a20c8a202000 0 0 1573126,12,10,2,14,12,8,18,6,20,2,6,22,6,4,26,2,8,29,24,16,32,2,5,34,30,12,38,8,40,4,42,2,36,16,46,6,48,2,45,50,52,16,54,24,56,36,58,2,60
7508f708f5282828 0 0 1769734,12,10,14,4,16,2,2,18,6,4,22,2,12,4,26,2,25,28,8,6,32,4,34,2,6,36,30,20,40,2,5,42,38,12,46,6,48,4,44,20,52,6,54,4,50,57,58,30,60,38,62,44,64,6,66
61c661e452da92c8 0 0 1769734,12,10,2,14,6,4,18,2,12,4,22,2,21,24,8,6,28,4,30,2,6,32,26,16,36,2,5,38,34,12,42,6,44,4,40,16,48,6,50,4,46,53,54,16,56,26,58,34,60,40,62,6,64,2,66
f7ff00a2f32e0440 0 0 1638662,12,2,12,10,16,4,14,18,16,8,22,4,6,24,8,4,28,2,2,30,10,6,34,4,26,20,38,12,40,10,42,4,36,44,32,8,48,2,46,20,52,12,54,10,56,6,58,4,50,60,62
2aae27ea9108fa80 0 0 1835270,12,2,12,10,16,2,14,18,16,8,22,2,6,24,8,4,28,2,2,30,10,6,34,2,26,20,38,12,40,10,42,2,36,44,32,8,48,2,46,20,52,12,54,10,56,6,58,2,50,60,62,20,64,12,66,2,68
0282407a525a4a08 0 0 1573126,12,2,12,10,14,17,16,8,20,6,6,22,8,6,26,4,2,28,10,6,24,18,34,12,36,10,33,39,30,8,42,6,44,2,40,18,48,12,50,10,52,6,47,55,56,24,58,6,60
2a067b060c4c0ee0 0 0 1900806,12,6,12,10,16,6,15,19,16,8,22,2,6,24,8,6,28,4,30,2,2,32,10,6,36,2,26,20,40,12,42,10,44,6,38,47,34,8,50,6,48,20,54,12,56,10,53,59,60,20,62,26,64,12,66,10,68,6,71
5f7f776e91a8a8a8 0 0 1769734,12,8,14,6,12,10,18,8,20,6,16,22,6,2,18,6,28,2,26,30,8,4,2,34,10,6,32,24,40,12,42,10,44,8,46,6,38,48,36,8,50,24,54,12,56,10,58,8,60,2,52,62,64,36,66
a712b26e66baf680 0 0 1835270,12,2,12,10,16,2,14,18,16,8,22,2,6,24,8,4,28,2,2,30,10,6,34,2,26,20,38,12,40,10,42,2,36,44,32,8,48,2,46,20,52,12,54,10,56,6,58,2,50,60,62,20,64,32,66,12,68
98892ee818e09848 0 0 1900806,12,2,12,10,16,2,14,18,16,8,22,6,24,2,6,27,8,6,30,4,2,32,10,6,36,2,28,20,40,12,42,10,44,2,38,46,34,8,50,6,52,2,48,20,56,12,58,10,60,6,62,2,55,64,66,28,68,34,70
975cbf4057aa6ea8 0 0 2031878,12,6,12,10,16,6,15,19,16,8,22,2,6,24,8,6,28,4,30,2,2,32,10,6,36,2,26,20,40,12,42,10,44,6,38,47,34,8,50,6,48,20,54,12,56,10,53,59,60,20,62,26,64,34,66,12,68,10,70,6,72,2,75
d6f078d2f9d002a8 0 0 1573126,12,10,14,2,12,2,17,19,12,8,6,22,8,4,2,26,10,6,30,2,24,20,34,12,36,2,32,39,28,8,40,20,44,12,46,6,48,2,43,51,52,24,54,40,56,10,58,6,60
fc8354048808a808 0 0 1638662,12,10,14,2,12,2,17,19,12,8,6,22,8,4,2,26,10,6,30,2,24,20,34,12,36,2,32,39,28,8,40,20,44,12,46,6,48,2,43,51,52,24,54,28,56,40,58,10,60,6,62
b7f3633ce9bc8640 0 0 1769734,12,10,14,6,12,6,16,18,12,8,22,6,6,25,8,4,28,2,2,30,10,6,34,2,26,20,38,12,40,6,36,42,32,8,46,2,44,20,50,12,49,52,54,20,56,26,58,32,60,44,62,12,64,2,66
c0ef3f5a1d4ae200 0 0 1442054,10,6,6,14,12,2,4,2,18,21,8,6,24,4,2,26,22,16,30,6,5,32,28,6,36,4,34,16,40,12,42,6,44,2,39,46,48,22,50,28,52,12,54,2,56
fee4211efdd80000 0 0 1376518,10,6,14,2,12,10,16,18,12,4,2,22,10,8,6,26,24,20,30,12,32,10,10,34,28,12,38,10,40,6,42,2,36,20,46,10,48,4,44,50,52,24,54
a59bb042ad8ab860 0 0 2162950,10,6,14,4,16,2,12,10,20,4,19,23,12,4,2,26,10,8,30,6,32,4,6,34,10,4,28,24,40,12,42,10,44,4,39,47,36,12,50,10,52,6,54,4,56,2,48,24,60,10,59,63,64,24,66,28,68,12,70,10,72,6,74,4,76,2,79
1b5d1bdaa4a25e20 0 0 1900806,10,6,14,4,16,2,12,10,20,4,19,23,12,4,2,26,10,8,30,6,32,4,6,34,10,4,28,24,40,12,42,10,44,4,39,47,36,12,50,10,52,6,54,4,56,2,48,24,60,10,59,63,64,28,66,36,68,6,70
148f4a74f4907ce8 0 0 2162950,10,6,14,4,16,2,12,10,20,4,19,23,12,4,2,26,10,8,30,6,32,4,6,34,10,4,28,24,40,12,42,10,44,4,39,47,36,12,50,10,52,6,54,4,56,2,48,24,60,10,59,63,64,24,66,28,68,36,70,12,72,10,74,4,76,2,79
03a2071ad1a2d0e0 0 0 1638662,10,6,14,4,16,2,12,6,19,20,12,4,24,2,2,26,6,8,10,4,28,22,34,12,36,6,33,38,30,12,42,2,40,22,46,6,48,4,50,2,44,52,54,28,56,40,58,12,60,6,62
41b3e354a236cc48 0 0 1704198,10,6,14,4,16,2,12,6,19,20,12,4,24,2,2,26,6,8,10,4,28,22,34,12,36,6,33,38,30,12,42,2,40,22,46,6,48,4,50,2,44,52,54,28,56,30,58,40,60,12,62,6,64
287f0a82a0802828 0 0 1442054,12,10,14,4,4,16,8,6,20,4,22,2,12,24,4,2,6,2,29,31,26,18,34,4,23,36,32,8,40,6,42,4,38,18,46,12,48,4,45,50,52,18,54,4,56
d67e6a68fc7e4068 0 0 1966342,12,10,14,4,4,2,16,18,12,6,22,2,3,24,8,6,28,4,30,2,5,32,8,2,26,20,38,10,36,41,34,8,44,6,46,4,42,20,50,12,52,10,54,6,56,4,58,2,49,60,62,42,64,12,66,10,68,6,70,2,72
aebb48a27b6ee208 0 0 1638662,8,4,14,2,12,16,12,10,20,8,9,22,4,2,3,27,8,6,30,4,24,18,34,10,36,8,38,6,32,41,28,4,44,2,42,18,48,8,50,6,52,2,47,55,56,24,58,12,60,10,62
3c6238bc08306a88 0 0 1966342,12,8,14,4,8,6,18,2,16,20,12,10,24,6,26,4,28,2,18,31,6,4,2,34,18,4,32,22,40,10,42,8,38,45,36,2,46,22,50,8,52,6,54,4,56,2,48,58,60,32,62,46,64,8,66,6,68,4,70,2,72
0364d9c847cec8c8 0 0 1835270,12,8,14,4,8,6,18,4,20,2,16,23,12,10,26,6,28,2,21,30,6,2,2,34,32,24,38,10,40,8,42,2,19,44,36,2,46,24,50,8,52,6,54,2,48,57,58,24,60,32,62,46,64,10,66,2,68
f7e2f0d2e7f24a68 0 0 1769734,12,8,8,6,16,2,14,18,12,10,22,8,16,24,6,4,28,2,2,31,16,4,26,20,36,10,38,6,34,41,32,2,42,20,46,8,48,6,50,4,52,2,44,54,56,26,58,32,60,42,62,4,64,2,66
d3b4ef58f508d200 0 0 1900806,12,6,14,4,16,2,12,8,20,4,19,22,12,10,4,2,26,28,8,6,32,4,8,4,35,37,30,24,40,12,42,10,44,6,46,2,4,48,38,12,52,8,54,2,50,24,58,12,60,8,62,4,64,2,56,66,68,50,70
08b220de300adea0 0 0 2228486,12,6,14,4,16,2,12,8,20,4,19,22,12,10,5,26,8,6,30,4,32,2,8,4,36,2,34,38,4,2,28,24,44,12,46,10,48,6,50,2,43,52,40,12,56,8,54,24,60,12,62,8,64,4,66,2,59,68,70,40,72,54,74,8,76,4,78,2,80
d898f09088f8d888 0 0 1769734,10,4,14,2,12,10,18,6,20,2,16,22,12,4,26,2,18,2,28,30,6,4,2,34,10,8,38,4,32,24,42,10,44,8,46,2,40,48,36,6,50,24,54,10,56,8,58,6,60,4,52,62,64,6,66
b333898e3b3c10e8 0 0 2162950,4,2,12,10,16,8,18,6,15,21,18,4,24,2,18,2,26,29,10,6,32,4,34,2,2,37,8,6,40,4,42,2,30,22,46,10,48,8,50,6,44,53,38,6,56,2,54,22,60,8,62,4,58,64,66,22,68,12,70,10,72,8,74,6,76,4,79
19f9ce7edbb40c00 0 0 1638662,4,2,12,10,15,17,16,6,20,4,21,22,10,6,26,4,2,29,8,6,32,4,34,2,24,18,38,10,40,8,42,6,36,45,30,6,46,18,50,8,52,4,54,2,48,56,58,24,60,4,62
e0b0306c96702ac0 0 0 2097414,10,4,14,2,12,6,18,4,20,2,16,22,12,10,26,2,12,4,30,2,28,32,10,6,2,36,10,8,40,4,34,24,44,8,46,4,48,2,42,50,38,6,52,24,56,10,58,8,60,6,62,4,54,64,66,24,68,34,70,12,72,6,74,4,76
71c2059418e0b2e0 0 0 1900806,4,2,12,10,16,4,15,18,16,6,22,4,23,24,10,6,2,28,8,6,32,4,34,2,26,20,38,10,40,8,42,6,44,4,36,46,30,6,48,20,52,8,54,4,56,2,50,58,60,20,62,30,64,12,66,10,68,6,70
311893c0188c8cc8 0 0 2162950,4,2,12,10,16,8,18,6,20,4,15,22,18,2,18,4,28,2,27,30,10,6,34,2,2,36,8,6,40,4,42,2,32,24,46,10,48,8,50,6,52,4,44,54,38,6,58,2,56,24,62,8,64,4,60,66,68,32,70,38,72,6,74,4,76,2,78
b5b79a3265424ac8 0 0 2031878,10,2,12,4,15,17,12,10,20,6,22,4,12,6,26,4,24,29,10,6,32,4,2,35,10,8,38,6,40,2,30,18,44,8,46,6,48,4,42,51,36,6,52,18,56,10,58,8,60,2,54,62,64,18,66,30,68,36,70,12,72,4,75
8269ac56672a9cc0 0 0 1966342,12,4,10,14,12,10,18,6,20,4,12,6,24,4,26,2,23,29,6,4,2,33,10,8,36,6,30,16,40,10,42,8,44,6,46,4,39,49,34,6,52,2,50,16,56,10,58,8,60,2,55,62,64,50,66,10,68,8,70,2,72
01c0008251b200a0 0 0 1966342,12,8,14,6,16,4,10,18,12,10,22,8,24,4,26,2,14,4,29,31,6,4,34,2,2,37,10,8,40,6,32,20,44,10,46,8,48,6,50,4,43,53,38,6,54,20,58,10,60,8,57,62,64,20,66,54,68,10,70,8,72
227a678cc436b2c0 0 0 2228486,10,4,14,2,12,8,18,4,16,21,12,10,24,8,26,6,18,6,30,4,28,32,6,4,36,2,2,39,10,8,42,4,44,2,34,22,48,10,50,8,52,2,46,54,40,6,56,22,60,10,62,8,64,6,66,4,68,2,59,71,72,34,74,56,76,12,78,4,81
8dcbbf5ec284cc88 0 0 2097414,10,2,12,6,16,4,18,2,15,21,12,10,24,4,12,4,27,28,6,4,2,33,10,8,30,22,38,10,40,8,42,4,37,45,34,6,48,2,46,22,52,10,54,8,56,6,58,2,51,60,62,22,64,30,66,46,68,10,70,8,72,6,74,2,76
e3e04b1e727ef000 0 0 1966342,12,4,10,14,12,10,18,6,20,4,12,6,24,4,26,2,23,29,6,4,2,33,10,8,36,6,30,16,40,10,42,8,44,6,46,4,39,49,34,6,52,2,50,16,56,10,58,8,60,2,55,62,64,34,66,50,68,10,70,8,72
0de884840f4086e0 0 0 2031878,12,4,10,14,12,10,18,6,20,4,12,6,24,4,26,2,23,29,6,4,2,33,10,8,36,6,30,16,40,10,42,8,44,6,46,4,39,49,34,6,52,2,50,16,56,10,58,8,60,2,55,62,64,16,66,34,68,50,70,10,72,8,74
5bc01fb2ccca14e8 0 0 2097414,10,2,12,6,16,4,18,2,15,21,12,10,24,4,12,4,27,28,6,4,2,33,10,8,30,22,38,10,40,8,42,4,37,45,34,6,48,2,46,22,52,10,54,8,56,6,58,2,51,60,62,22,64,30,66,34,68,46,70,10,72,8,74,6,76
26113aa8aac83aa8 0 0 2097414,12,8,14,6,16,4,18,2,3,21,12,4,12,10,26,4,28,2,24,30,10,4,11,35,6,2,32,22,40,10,42,8,44,4,46,2,38,49,36,12,52,10,54,4,50,22,58,12,60,10,62,6,64,4,66,2,57,69,70,32,72,12,74,4,76
f7bbbb5005080808 0 0 2162950,12,8,14,6,16,4,18,2,3,21,12,4,12,10,26,4,28,2,24,30,10,4,11,35,6,2,32,22,40,10,42,8,44,4,46,2,38,49,36,12,52,10,54,4,50,22,58,12,60,10,62,6,64,4,66,2,57,69,70,32,72,36,74,12,76,10,79
985355a2e72caa08 0 0 1704198,12,10,12,15,12,6,18,2,14,6,20,23,6,4,26,2,2,29,10,8,32,2,24,16,36,12,38,8,40,4,42,2,34,44,30,6,46,16,50,10,52,8,54,6,56,2,48,58,60,16,62,6,64
778e4c5cc4d0cac8 0 0 1835270,12,10,12,15,12,6,18,2,14,6,20,23,6,4,26,2,2,29,10,8,32,2,24,16,36,12,38,8,40,4,42,2,34,44,30,6,46,16,50,10,52,8,54,6,56,2,48,58,60,16,62,24,64,6,66,2,68
b90ac43c9ba00800 0 0 1769734,12,10,12,15,12,6,18,2,14,6,20,23,6,4,26,2,2,29,10,8,32,2,24,16,36,12,38,8,40,4,42,2,34,44,30,6,46,16,50,10,52,8,54,6,56,2,48,58,60,16,62,30,64,6,66
90ec04085608cee0 0 0 2162950,12,6,14,2,12,10,18,6,20,4,17,22,18,4,13,26,6,4,30,2,2,33,10,8,36,4,38,2,28,24,42,12,44,8,46,6,48,4,50,2,40,53,34,6,54,24,58,10,60,8,62,6,64,4,66,2,56,68,70,24,72,28,74,34,76,6,78
c44aff74c33ab448 0 0 2031878,12,10,14,8,16,2,12,8,20,2,18,23,16,6,20,6,28,2,27,30,6,4,34,2,2,37,10,8,40,2,32,24,44,12,46,10,48,4,42,51,38,6,52,24,56,10,58,8,60,6,62,2,55,65,66,52,68,8,70,6,72,2,75
b000f75641d40c88 0 0 2294022,12,10,14,8,16,4,12,8,20,2,18,23,16,6,26,4,28,2,20,6,32,2,31,34,6,4,38,2,2,41,10,8,44,6,46,4,48,2,36,24,52,12,54,10,56,6,51,58,42,6,60,24,64,10,66,8,68,4,70,2,63,72,74,36,76,60,78,8,80,2,82
e10f1e8442b0ac80 0 0 2097414,12,10,14,8,16,2,12,8,20,2,18,23,16,6,20,6,28,2,27,30,6,4,34,2,2,37,10,8,40,2,32,24,44,12,46,10,48,4,42,51,38,6,52,24,56,10,58,8,60,6,62,2,55,65,66,38,68,52,70,8,72,6,74,2,77
430fe024d842b2a0 0 0 2097414,12,10,14,8,16,2,12,8,20,2,18,23,16,6,20,6,28,2,27,30,6,4,34,2,2,37,10,8,40,2,32,24,44,12,46,10,48,4,42,51,38,6,52,24,56,10,58,8,60,6,62,2,55,65,66,32,68,38,70,52,72,8,74,6,77
458230221382cc88 0 0 2097414,12,4,12,10,16,8,18,2,14,21,10,8,24,6,26,4,4,28,24,4,32,2,8,2,35,36,4,2,30,22,42,8,41,45,38,12,48,10,50,8,52,4,54,2,46,22,58,12,60,10,62,8,57,64,66,12,68,10,70,8,72,4,74,2,77
5b6416e07be49660 0 0 2031878,12,2,12,10,16,8,18,4,20,2,14,22,10,8,26,6,28,4,2,30,26,4,10,4,36,2,34,39,32,24,42,10,4,45,40,12,48,10,50,8,52,4,46,24,56,12,58,10,60,8,54,62,64,24,66,12,68,10,70,4,72,2,74
6afe4b784b10fc00 0 0 2031878,12,4,14,2,12,10,18,8,20,2,17,23,10,8,26,6,28,4,4,2,30,33,26,4,8,2,36,38,34,24,42,8,4,45,40,12,48,10,50,8,52,4,46,24,56,12,58,10,60,8,54,62,64,34,66,12,68,8,70,6,72,4,74
6de93dd617a09840 0 0 1966342,12,2,12,10,16,4,18,2,14,21,10,6,2,24,10,4,10,8,30,4,32,2,29,34,26,22,38,10,40,8,4,42,36,12,46,10,48,4,44,22,52,12,54,10,51,57,58,22,60,26,62,12,64,10,66,8,68,4,70,2,73
d75252527a7278a0 0 0 1966342,12,2,12,10,16,4,14,18,10,6,2,22,10,4,26,2,10,8,30,4,28,33,4,2,24,20,38,10,40,8,37,42,34,12,46,10,48,4,50,2,44,20,54,12,56,10,52,59,60,20,62,34,64,12,66,10,68,4,70,2,72
c41c143cd8222228 0 0 1835270,12,4,12,10,16,2,14,18,10,6,4,22,10,4,26,2,8,2,28,30,4,2,24,20,36,8,35,39,32,12,42,10,44,4,46,2,40,20,50,12,52,10,48,55,56,24,58,32,60,12,62,10,64,4,66,2,68
944b7b74c13c12c0 0 0 2228486,12,2,12,10,16,8,18,4,20,2,14,22,10,8,26,6,28,4,2,30,26,4,10,4,36,2,34,39,32,24,42,10,4,45,40,12,48,10,50,8,52,4,46,24,56,12,58,10,60,8,54,62,64,24,66,32,68,40,70,12,72,10,74,8,76,4,78,2,80
dbf7fa30a0622400 0 0 1966342,12,4,12,10,16,2,15,19,10,6,4,22,10,4,26,2,10,8,30,4,28,33,4,2,24,20,38,10,40,8,42,4,44,2,37,46,34,12,50,10,52,4,54,2,48,20,58,12,60,10,57,62,64,48,66,12,68,4,70,2,73
f87fd87277007228 0 0 2162950,12,4,12,10,16,8,18,2,15,20,10,8,24,6,26,2,4,28,24,4,32,2,10,4,35,36,4,2,30,22,42,10,44,4,46,2,41,49,38,12,52,10,54,8,56,4,58,2,50,22,62,12,64,10,66,8,60,69,70,30,72,50,74,12,76,2,79
08b83366302ac8c8 0 0 1704198,12,2,12,10,16,4,18,2,15,20,10,6,2,24,10,4,8,2,29,30,26,22,34,8,36,4,4,38,32,12,42,10,44,4,40,22,48,12,50,10,46,52,54,22,56,26,58,40,60,12,62,10,64
392b8e0011b26000 0 0 2162950,12,4,14,2,12,10,18,8,20,2,16,22,10,8,26,6,28,4,4,2,30,33,26,4,10,4,38,2,36,41,34,24,44,10,46,4,4,48,42,12,52,10,54,8,56,4,50,24,60,12,62,10,64,8,59,67,68,42,70,50,72,12,74,10,76,2,79
c933a83464c4a808 0 0 2294022,12,4,12,10,16,8,18,2,15,20,10,8,24,6,26,4,4,28,24,4,32,2,10,4,35,36,4,2,30,22,42,10,44,4,46,2,41,49,38,12,52,10,54,8,56,4,58,2,50,22,62,12,64,10,66,8,60,69,70,30,72,38,74,50,76,12,78,4,80,2,83
8ee67e66e898e8e8 0 0 1966342,12,2,12,10,16,4,18,2,15,20,10,6,24,4,26,2,2,28,10,4,8,2,33,34,30,22,38,8,40,4,4,42,36,12,46,10,48,4,44,22,52,12,54,10,50,56,58,22,60,30,62,36,64,44,66,12,68,10,70,8,72
2a946658f60cbac0 0 0 1704198,12,10,14,6,16,4,18,2,4,20,8,6,24,4,26,2,12,28,4,2,6,2,33,35,30,22,38,4,27,40,36,8,44,6,46,4,42,22,50,12,52,4,49,54,56,22,58,36,60,6,62,2,65
d8c8d87c34a4c4e0 0 0 2162950,10,8,14,6,4,16,14,4,20,2,12,10,24,8,26,2,23,29,8,2,23,32,4,2,30,18,38,12,40,10,42,4,44,2,36,47,34,12,50,10,52,8,54,4,56,2,48,18,60,12,62,10,64,8,59,67,68,12,70,10,72,8,74,4,76,2,79
328305a23792cc80 0 0 2162950,10,8,14,6,16,4,18,2,4,20,14,2,12,10,26,8,28,4,30,2,24,32,10,4,36,2,24,39,34,22,42,12,44,8,46,2,3,48,40,12,52,10,54,8,56,2,50,22,60,12,62,10,64,8,58,67,68,22,70,12,72,10,74,4,76,2,78
0c3b723246cec8c8 0 0 1704198,8,6,14,4,4,16,8,2,12,8,22,4,24,2,21,27,10,8,30,4,32,2,21,34,28,18,38,12,40,10,42,2,3,44,36,12,48,8,50,2,46,18,54,12,56,8,53,58,60,28,62,10,64
9976d67632888288 0 0 2031878,8,6,14,2,2,16,8,4,20,2,12,8,24,4,22,26,10,4,22,30,4,2,28,18,36,12,38,10,40,8,42,4,44,2,34,46,32,12,50,8,52,4,54,2,48,18,58,12,60,8,56,62,64,18,66,32,68,12,70,8,72,4,74
e0f084e4f818d848 0 0 1769734,8,6,14,4,4,16,8,2,12,8,22,4,24,2,21,27,10,8,30,4,32,2,21,34,28,18,38,12,40,10,42,2,3,44,36,12,48,8,50,2,46,18,54,12,56,8,53,58,60,28,62,36,64,4,66
5c4c486e5e686868 0 0 1573126,12,10,14,8,16,2,10,18,10,2,16,6,22,24,6,4,2,29,10,8,32,2,26,20,36,12,38,4,40,2,34,43,30,6,46,2,44,20,50,10,52,8,54,6,48,56,58,6,60
a8183676d2626a80 0 0 1704198,12,10,14,8,16,2,10,18,10,2,16,6,22,24,6,4,2,29,10,8,32,2,26,20,36,12,38,4,40,2,34,43,30,6,46,2,44,20,50,10,52,8,54,6,48,56,58,20,60,10,62,6,64
330fb888fee0fae8 0 0 1835270,10,2,12,10,16,8,18,6,15,20,18,2,11,24,6,4,2,29,10,8,32,2,26,22,36,12,38,6,40,4,35,42,30,6,46,2,44,22,50,10,52,8,54,6,48,57,58,26,60,12,62,8,64,6,66,2,68
3133333eee90ecc8 0 0 1704198,12,10,14,8,16,2,10,18,10,2,16,6,22,24,6,4,2,29,10,8,32,2,26,20,36,12,38,4,40,2,34,43,30,6,46,2,44,20,50,10,52,8,54,6,48,56,58,30,60,6,62,2,64
00ebd910e034b640 0 0 1835270,12,10,14,8,16,2,10,18,10,2,16,6,22,24,6,4,2,29,10,8,32,2,26,20,36,12,38,4,40,2,34,43,30,6,46,2,44,20,50,10,52,8,54,6,48,56,58,20,60,30,62,10,64,6,66,2,68
7039303c1d546ec8 0 0 1835270,10,2,12,10,16,8,18,6,15,20,18,2,11,24,6,4,2,29,10,8,32,2,26,22,36,12,38,6,40,4,35,42,30,6,46,2,44,22,50,10,52,8,54,6,48,57,58,26,60,30,62,12,64,8,66,6,68
ec0f8028a8008028 0 0 1704198,10,12,10,2,12,6,18,2,16,21,6,4,2,25,10,8,28,2,22,14,32,12,34,10,36,8,38,4,30,40,26,6,44,2,42,14,48,10,50,8,52,6,47,55,56,42,58,10,60,8,62,6,65
44ac44aaa4ecae40 0 0 1900806,10,2,12,6,16,2,15,19,11,12,6,4,2,25,10,8,28,6,30,2,22,20,34,12,36,10,38,8,40,4,42,2,32,45,26,6,48,2,46,20,52,10,54,8,51,57,58,20,60,22,62,46,64,12,66,10,68,8,71
97833e38dbe29cc0 0 0 1835270,10,12,10,2,12,6,18,2,16,21,6,4,2,25,10,8,28,2,22,14,32,12,34,10,36,8,38,4,30,40,26,6,44,2,42,14,48,10,50,8,52,6,47,55,56,26,58,42,60,10,62,8,64,6,66,2,69
23c34894c32c14c8 0 0 2031878,10,2,12,6,16,2,15,19,11,12,6,4,2,25,10,8,28,6,30,2,22,20,34,12,36,10,38,8,40,4,42,2,32,45,26,6,48,2,46,20,52,10,54,8,51,57,58,20,60,22,62,26,64,46,66,12,68,10,70,8,72,2,75
b1bfa14ca7c0de00 0 0 1769734,12,10,14,6,14,8,18,6,17,20,8,2,18,2,25,26,6,4,2,31,10,8,34,2,28,22,38,12,40,6,42,4,37,44,32,6,48,2,46,22,52,10,54,8,56,6,50,59,60,22,62,8,64,6,66
9f2fd58abf3ca000 0 0 1638662,12,10,14,8,16,2,15,18,16,6,9,22,6,4,2,27,10,8,30,2,24,20,34,12,36,4,38,2,32,41,28,6,44,2,42,20,48,10,50,8,52,6,46,54,56,24,58,12,60,10,62
e3255a10501eea28 0 0 2294022,12,10,14,4,14,8,18,6,20,4,22,2,16,24,8,6,18,4,28,30,6,4,2,35,10,8,38,6,40,4,42,2,32,26,46,12,48,4,50,2,44,53,36,6,56,2,54,26,60,10,62,8,64,4,58,66,68,26,70,32,72,12,74,10,76,8,78,6,80,4,82
28df14ac398a3cc0 0 0 1900806,12,10,14,6,14,8,18,6,17,20,8,2,18,2,25,26,6,4,2,31,10,8,34,2,28,22,38,12,40,6,42,4,37,44,32,6,48,2,46,22,52,10,54,8,56,6,50,59,60,22,62,32,64,8,66,6,68,2,70
b41a203e7e205e40 0 0 1769734,12,10,14,8,16,2,15,18,16,6,9,22,6,4,2,27,10,8,30,2,24,20,34,12,36,4,38,2,32,41,28,6,44,2,42,20,48,10,50,8,52,6,46,54,56,24,58,28,60,12,62,10,64,2,66
24d454148c38ccc8 0 0 1835270,12,10,14,8,16,2,15,18,16,6,9,22,6,4,2,27,10,8,30,2,24,20,34,12,36,4,38,2,32,41,28,6,44,2,42,20,48,10,50,8,52,6,46,54,56,20,58,24,60,28,62,12,64,10,66,8,68
f0e04f10d1342a80 0 0 2097414,12,8,14,6,16,2,12,6,20,2,18,23,8,2,12,27,6,4,2,31,10,8,34,4,36,2,28,24,40,12,42,10,44,8,46,6,48,2,38,51,32,6,54,2,52,24,58,10,60,8,62,6,64,4,57,67,68,52,70,10,72,6,74,4,77
b8641444cc8c6ca0 0 0 1835270,12,8,14,2,12,17,12,6,20,2,9,23,6,4,2,27,10,8,30,2,24,18,34,12,36,10,38,8,40,4,32,42,28,6,46,2,44,18,50,10,52,8,54,6,49,57,58,24,60,44,62,12,64,10,66,2,68
4e79969688b67248 0 0 1900806,12,8,14,2,12,17,12,6,20,2,9,23,6,4,2,27,10,8,30,2,24,18,34,12,36,10,38,8,40,4,32,42,28,6,46,2,44,18,50,10,52,8,54,6,49,57,58,18,60,24,62,44,64,12,66,10,68,2,70
3f31f864a150f0a0 0 0 2228486,12,8,14,6,16,2,12,6,20,2,18,23,8,2,12,27,6,4,2,31,10,8,34,4,36,2,28,24,40,12,42,10,44,8,46,6,48,2,38,51,32,6,54,2,52,24,58,10,60,8,62,6,64,4,57,67,68,32,70,52,72,10,74,6,76,4,78,2,81
fa79bbd88aaac808 0 0 2228486,12,8,14,6,16,2,12,18,8,6,12,6,24,2,22,27,6,4,2,31,10,8,34,6,36,4,38,2,28,20,42,12,44,10,46,8,48,6,40,50,32,6,54,2,52,20,58,10,60,8,62,4,57,65,66,28,68,32,70,52,72,12,74,10,76,4,78,2,81
804b6750bf780400 0 0 1900806,12,8,14,2,12,17,12,6,20,2,9,23,6,4,2,27,10,8,30,2,24,18,34,12,36,10,38,8,40,4,32,42,28,6,46,2,44,18,50,10,52,8,54,6,49,57,58,18,60,24,62,28,64,44,66,12,68,10,70
c248c378d7f8d6c8 0 0 1245446,8,4,14,2,12,17,12,10,20,8,15,22,2,7,24,18,28,6,30,4,8,32,26,2,34,18,38,8,40,2,36,42,44,18,46,34,48,12,50
21409d40dce860e8 0 0 1573126,12,8,8,4,16,2,14,19,12,10,22,8,17,24,6,2,2,28,26,20,32,6,34,4,36,2,8,39,30,2,40,20,44,8,46,2,42,48,50,26,52,40,54,12,56,10,58,8,60
98489988dda8dc68 0 0 1376518,8,4,14,2,12,17,12,10,20,8,15,22,2,7,24,18,28,6,30,4,8,32,26,2,34,18,38,8,40,2,36,42,44,18,46,26,48,34,50,12,52,2,54
1d080804f3e6e640 0 0 1507590,8,4,14,2,12,17,12,10,20,8,15,22,6,4,2,26,24,18,30,6,8,33,28,2,34,18,38,8,40,2,36,42,44,24,46,28,48,34,50,12,52,10,54,8,56,2,58
21000e80b2226808 0 0 2097414,12,10,14,4,4,16,12,6,20,4,22,2,12,8,26,4,24,28,8,6,32,4,34,2,7,36,4,2,30,18,42,12,44,8,46,6,48,2,40,51,38,12,54,8,52,18,58,12,60,8,62,4,64,2,56,66,68,30,70,38,72,8,74,4,76
d9ddc9ccb88098c8 0 0 2228486,12,10,14,6,4,2,16,19,12,4,22,2,12,8,26,4,28,2,25,30,8,4,34,2,8,6,38,4,40,2,36,42,32,20,46,12,48,6,50,4,5,53,44,12,56,8,54,20,60,12,62,8,64,4,59,66,68,20,70,32,72,44,74,54,76,8,78,4,80
00404b401e1a7840 0 0 1704198,10,8,14,6,3,16,14,4,20,2,12,6,24,2,23,26,8,2,23,31,4,2,28,18,36,12,38,10,40,4,42,2,34,45,32,12,48,6,46,18,52,12,54,6,56,4,58,2,51,61,62,6,64
cccd3dce78dcb6e0 0 0 1573126,8,6,5,15,8,2,12,6,20,4,19,22,10,4,19,27,24,16,30,12,32,10,34,8,36,2,3,39,28,12,42,6,40,16,46,12,48,6,50,2,45,52,54,16,56,8,58,4,61
480eef4a5c404040 0 0 1966342,10,6,14,4,3,16,10,4,12,10,22,6,24,4,26,2,21,29,8,2,21,32,30,18,36,12,38,8,40,4,5,42,34,12,46,10,48,6,50,4,44,18,54,12,56,10,58,6,52,61,62,30,64,10,66,8,68,6,70,4,73
abfe5000b28ec600 0 0 2162950,10,6,14,4,4,2,16,18,10,4,12,10,24,6,26,2,23,28,10,8,32,4,34,2,23,36,30,20,40,12,42,10,44,8,46,4,5,49,38,12,52,10,54,6,56,4,50,20,60,12,62,10,64,6,58,67,68,20,70,30,72,8,74,6,76,4,78
3c83c304dd263cc8 0 0 2031878,10,8,14,6,3,16,14,4,20,2,12,6,24,2,23,26,8,2,23,31,4,2,28,18,36,12,38,10,40,4,42,2,34,45,32,12,48,6,46,18,52,12,54,6,56,4,58,2,51,61,62,32,64,10,66,8,68,6,70,4,72,2,75
ff3c2af8fbae0440 0 0 1638662,10,6,3,15,10,4,12,6,20,2,19,22,8,2,19,27,24,16,30,12,32,10,34,8,36,4,5,39,28,12,42,6,40,16,46,12,48,6,50,4,45,52,54,16,56,28,58,8,60,4,62
e0eaba00d3107c00 0 0 2031878,8,6,14,2,5,16,8,2,12,8,22,6,24,4,26,2,21,29,10,4,21,32,30,18,36,12,38,10,40,2,3,42,34,12,46,8,48,6,50,2,44,18,54,12,56,8,58,6,52,61,62,30,64,34,66,8,68,6,70,4,72,2,75
d555a40695fc14a0 0 0 2228486,10,6,14,4,4,2,16,18,10,4,12,10,24,6,26,2,23,28,10,8,32,4,34,2,23,36,30,20,40,12,42,10,44,8,46,4,5,49,38,12,52,10,54,6,56,4,50,20,60,12,62,10,64,6,58,67,68,20,70,30,72,38,74,6,76,4,78,2,80
f64531d870f0f888 0 0 1900806,12,8,14,4,16,2,7,19,10,6,12,10,24,6,26,4,22,28,10,4,11,33,6,2,30,20,38,8,40,4,36,42,34,12,46,10,48,4,44,20,52,12,54,10,56,6,58,4,60,2,51,63,64,30,66,10,68,6,70
19b1c372cb3c2ec0 0 0 2162950,12,6,14,4,6,4,16,19,10,8,22,4,24,2,12,10,28,6,30,4,26,33,22,6,36,2,36,4,40,2,39,43,18,2,34,20,48,8,46,50,44,12,54,10,52,20,58,12,60,10,62,6,64,4,66,2,56,68,70,34,72,44,74,6,76,4,79
5f8bab9e755468a8 0 0 2162950,12,10,14,6,16,2,16,4,18,20,14,4,24,2,4,26,10,6,30,4,32,2,2,35,8,6,38,4,28,22,42,10,44,8,46,6,48,4,50,2,40,53,36,6,56,2,54,22,60,8,62,4,64,2,58,66,68,22,70,12,72,10,74,6,76,2,78
259f0d1818b43000 0 0 1704198,12,10,14,8,16,6,18,4,18,2,20,22,16,2,4,26,10,6,2,30,8,6,34,4,36,2,28,24,40,10,42,8,44,6,38,46,32,6,48,24,52,8,54,4,56,2,50,58,60,28,62,6,64
9418d82461189660 0 0 1900806,12,10,14,4,16,2,15,19,14,6,22,4,4,25,10,6,28,4,30,2,2,33,8,6,36,4,38,2,26,20,42,10,44,8,46,6,48,4,40,51,34,6,54,2,52,20,58,8,60,4,56,62,64,26,66,34,68,2,70
f4f0474cbbb02e80 0 0 1769734,12,4,12,10,16,4,14,19,10,2,16,6,24,4,23,26,6,4,30,2,2,33,10,8,36,6,28,20,40,8,42,6,44,4,46,2,39,48,34,6,50,20,54,10,56,8,53,58,60,50,62,10,64,8,66
71c252e0619c3cc0 0 0 1835270,12,6,14,4,16,2,12,10,20,6,22,4,19,25,20,4,10,28,6,4,32,2,2,35,10,8,30,26,40,8,42,4,39,45,36,6,46,26,50,10,52,8,54,6,49,56,58,26,60,30,62,46,64,8,66,6,68
62e8e298f9aa7680 0 0 1835270,12,4,12,10,16,4,14,19,10,2,16,6,24,4,23,26,6,4,30,2,2,33,10,8,36,6,28,20,40,8,42,6,44,4,46,2,39,48,34,6,50,20,54,10,56,8,53,58,60,34,62,50,64,10,66,8,68
5575528280506488 0 0 1900806,12,6,14,4,16,2,12,10,20,6,22,4,19,25,20,4,10,28,6,4,32,2,2,35,10,8,30,26,40,8,42,4,39,45,36,6,46,26,50,10,52,8,54,6,49,56,58,26,60,30,62,36,64,46,66,8,68,6,70
28a8ce820202e428 0 0 1966342,12,10,14,2,5,16,12,8,20,6,22,4,3,24,8,6,4,2,28,30,8,2,26,18,36,10,38,8,40,4,42,2,34,45,32,8,48,6,50,2,46,18,54,12,56,10,58,6,60,4,53,63,64,26,66,46,68,12,70,8,73
ba3810b02822a000 0 0 1179910,12,2,2,14,12,10,8,4,20,2,18,22,4,6,24,16,28,2,8,30,26,8,32,16,36,12,38,10,40,2,34,42,44,24,46,32,48
b46410300858a000 0 0 1310982,12,2,2,14,12,10,8,4,20,2,18,22,4,6,24,16,28,2,8,30,26,8,32,16,36,12,38,10,40,2,34,42,44,16,46,24,48,32,50,2,52
f423c79836cc7288 0 0 1638662,12,8,2,14,12,10,18,6,20,4,22,2,8,4,26,2,24,28,4,6,30,16,34,2,8,36,32,8,38,16,42,12,44,10,46,6,48,4,40,50,52,30,54,32,56,38,58,4,60,2,62
499a344841123cc0 0 0 1507590,12,2,2,14,12,10,18,6,8,4,22,2,21,24,4,6,26,16,30,2,8,32,28,8,34,16,38,12,40,10,42,6,44,2,36,47,48,16,50,26,52,28,54,34,56,4,58
f7783f78cae0f2e0 0 0 1769734,12,10,14,4,16,2,14,6,20,4,18,23,12,4,26,2,10,4,30,2,28,32,6,8,34,24,38,12,40,10,42,6,44,4,31,47,36,12,50,2,48,24,54,10,56,6,58,2,53,61,62,24,64,34,66
88525d76aede2ea0 0 0 1835270,12,10,14,4,16,2,14,6,20,4,18,23,12,4,26,2,10,4,30,2,28,32,6,8,34,24,38,12,40,10,42,6,44,4,31,47,36,12,50,2,48,24,54,10,56,6,58,2,53,61,62,24,64,34,66,36,68
8c5645648aaa8ca8 0 0 1573126,12,6,14,2,12,17,12,4,10,4,22,2,20,24,10,8,28,6,30,4,6,32,26,18,36,12,23,38,34,12,42,10,44,6,46,4,48,2,40,18,52,4,50,54,56,26,58,40,60
174a5da2673a2288 0 0 1704198,12,6,14,2,12,17,12,4,10,4,22,2,20,24,10,8,28,6,30,4,6,32,26,18,36,12,23,38,34,12,42,10,44,6,46,4,48,2,40,18,52,4,50,54,56,26,58,34,60,40,62,6,64
baa892a8f2a852a8 0 0 1442054,4,2,10,15,12,4,12,6,20,4,18,22,6,2,8,6,28,4,27,30,24,16,34,4,36,2,3,39,32,12,40,16,44,12,46,2,42,49,50,24,52,12,54,4,56
e232c248c8324248 0 0 1704198,4,2,10,15,12,4,12,6,20,4,18,22,6,2,8,6,28,4,30,2,27,33,24,16,36,4,38,2,3,41,34,12,42,16,46,12,48,2,44,51,52,24,54,34,56,12,58,8,60,6,62,2,65
ac499ece49acaaa0 0 0 1900806,10,2,4,2,15,17,12,4,12,6,22,4,20,24,6,2,8,6,30,4,32,2,29,35,26,18,38,4,40,2,3,43,36,12,44,18,48,12,50,2,46,53,54,18,56,26,58,36,60,12,62,10,64,8,66,6,68,4,70
0117601048040080 0 0 1442054,10,4,4,14,12,6,18,2,12,21,8,6,24,4,6,26,22,16,30,4,3,32,28,12,36,4,38,2,34,16,42,12,44,4,41,46,48,16,50,22,52,34,54,4,56
20008878f828d828 0 0 1573126,10,6,14,2,4,16,12,6,20,4,22,2,12,4,24,27,8,6,6,30,28,18,34,4,3,36,32,12,40,6,38,18,44,12,46,6,48,2,43,50,52,28,54,32,56,38,58,6,60
b2c132583ce05268 0 0 1573126,10,4,4,14,12,6,18,2,12,21,8,6,24,4,6,26,22,16,30,4,3,32,28,12,36,4,38,2,34,16,42,12,44,4,41,46,48,16,50,22,52,28,54,34,56,6,58,4,60
f2ef85de13202000 0 0 2031878,10,2,12,10,16,8,18,6,20,4,22,2,15,24,16,4,18,4,28,30,6,4,2,34,10,8,32,26,40,12,42,10,44,8,46,6,48,4,50,2,39,52,36,6,54,26,58,8,60,6,62,2,56,64,66,32,68,12,70,10,72,4,74
7e79a1809e96e460 0 0 2294022,12,10,14,8,16,6,18,4,10,21,14,4,24,2,16,4,28,2,27,31,6,4,2,34,10,8,38,2,32,22,42,12,44,10,46,8,48,6,50,4,40,53,36,6,54,22,58,8,60,6,62,2,56,64,66,22,68,32,70,12,72,10,74,8,76,6,78,4,80,2,83
7b402a04f3ea0408 0 0 2097414,10,2,12,10,16,8,18,6,20,4,22,2,15,24,16,4,18,4,28,30,6,4,2,34,10,8,32,26,40,12,42,10,44,8,46,6,48,4,50,2,39,52,36,6,54,26,58,8,60,6,62,2,56,64,66,32,68,36,70,12,72,10,74,4,76
bcb797e4987276a0 0 0 2359558,12,10,14,8,16,6,18,4,10,21,14,4,24,2,16,4,28,2,27,31,6,4,2,34,10,8,38,2,32,22,42,12,44,10,46,8,48,6,50,4,40,53,36,6,54,22,58,8,60,6,62,2,56,64,66,22,68,32,70,36,72,12,74,10,76,8,78,6,80,4,82,2,85
0060086237a82680 0 0 2162950,12,8,14,4,16,2,10,18,12,4,22,2,12,6,26,4,28,2,24,30,8,6,34,4,2,36,10,6,40,2,32,20,44,12,46,8,48,4,50,2,42,52,38,8,56,6,58,2,54,20,62,8,60,64,66,32,68,54,70,12,72,8,74,4,76,2,78
a0a26ca88064a280 0 0 2294022,12,8,14,4,16,2,10,18,12,4,22,2,12,6,26,4,28,2,24,30,8,6,34,4,2,36,10,6,40,2,32,20,44,12,46,8,48,4,50,2,42,52,38,8,56,6,58,2,54,20,62,8,60,64,66,20,68,32,70,38,72,54,74,12,76,8,78,4,80,2,82
e20462489d2e6248 0 0 1310982,12,10,4,14,12,4,18,2,12,8,22,4,20,24,6,8,4,2,26,16,32,4,30,34,28,12,36,16,40,12,42,2,38,44,46,16,48,28,50,12,52
0085a71ef7ce5000 0 0 1704198,12,10,14,2,4,16,12,6,12,2,21,23,8,6,26,4,28,2,6,30,4,2,24,18,36,4,34,38,32,12,42,6,44,4,46,2,40,18,50,12,52,6,54,4,49,57,58,24,60,40,62,4,64
5a84aef8af3686e0 0 0 1704198,12,10,14,6,16,2,4,18,12,2,12,6,22,24,8,6,28,4,6,30,4,2,26,20,36,4,34,38,32,12,42,4,40,20,46,12,48,4,50,2,44,52,54,26,56,32,58,40,60,6,62,4,64
8ec8a80886c0a000 0 0 1442054,10,8,14,6,8,16,12,10,20,8,22,4,2,24,8,4,28,2,2,30,6,4,26,18,36,10,34,38,32,8,42,2,40,18,46,8,48,6,50,4,52,2,44,54,56
ae7b7b5a71a45420 0 0 1769734,12,10,14,6,16,4,4,18,12,2,12,6,22,24,8,6,28,4,6,30,4,2,26,20,36,4,34,38,32,12,42,4,40,20,46,12,48,4,50,2,44,52,54,20,56,26,58,32,60,40,62,6,64,4,66
0488cdfaf506c088 0 0 2097414,12,10,14,8,16,6,18,4,20,2,16,4,22,25,12,4,28,2,14,4,30,33,8,4,36,2,2,38,10,6,42,2,34,26,46,12,48,10,50,8,52,4,44,55,40,8,58,2,56,26,62,10,64,8,66,2,60,69,70,26,72,34,74,6,76
abc00ac42e10ee20 0 0 2228486,12,10,14,8,16,4,14,6,20,4,22,2,18,24,12,4,28,2,14,4,32,2,30,34,6,4,38,2,2,40,10,8,44,6,36,26,48,12,50,10,52,6,54,4,56,2,46,58,42,6,62,2,60,26,66,10,68,6,64,70,72,36,74,42,76,12,78,4,80
542122588d2eaea8 0 0 2228486,12,10,14,8,16,6,18,4,20,2,16,4,22,25,12,4,28,2,14,4,30,33,8,4,36,2,2,38,10,6,42,2,34,26,46,12,48,10,50,8,52,4,44,55,40,8,58,2,56,26,62,10,64,8,66,2,60,69,70,26,72,34,74,40,76,6,78,2,80
968fb2b4696eb8a0 0 0 2031878,12,8,14,6,16,4,12,6,20,4,22,2,18,25,12,10,28,4,30,2,12,4,33,34,6,4,2,38,10,8,42,2,36,26,46,12,48,6,50,4,52,2,44,55,40,6,56,26,60,10,62,6,59,64,66,36,68,56,70,10,72,8,74
a8655014beea20a8 0 0 2097414,12,8,14,6,16,4,12,6,20,4,22,2,18,25,12,10,28,4,30,2,12,4,33,34,6,4,2,38,10,8,42,2,36,26,46,12,48,6,50,4,52,2,44,55,40,6,56,26,60,10,62,6,59,64,66,36,68,40,70,56,72,10,74,8,76
c0f740621d080808 0 0 2294022,12,8,14,6,16,4,12,6,20,4,22,2,18,25,12,10,28,4,12,4,30,32,6,4,2,36,10,8,34,26,42,12,44,6,46,4,48,2,41,51,38,6,52,26,56,10,58,6,60,2,55,63,64,26,66,34,68,38,70,52,72,12,74,10,76,6,78,4,80,2,83
5d408040a2808080 0 0 1376518,12,8,14,6,2,16,10,8,20,6,8,22,20,4,4,2,26,28,24,18,32,2,28,34,30,6,38,4,40,2,36,18,44,8,46,2,42,48,50,24,52,8,54
a888e488a080ec80 0 0 1376518,8,10,12,10,16,4,2,18,8,4,2,23,6,2,20,14,28,10,30,8,32,6,34,4,26,37,24,8,40,2,38,14,44,8,46,6,42,48,50,14,52,8,54
4832c23298481248 0 0 2162950,12,10,14,8,16,6,18,4,4,2,20,22,12,6,26,4,3,28,8,6,32,2,5,35,8,2,30,24,40,10,42,8,44,6,46,2,38,48,36,8,52,6,50,24,56,12,58,10,60,8,62,2,54,65,66,36,68,50,70,12,72,10,74,6,76,2,78
80a8c868e8c0a000 0 0 1442054,12,6,2,14,8,4,10,8,18,20,20,6,24,2,5,26,22,16,30,2,5,32,28,6,34,16,38,8,40,4,42,2,36,44,46,22,48,28,50,10,52,6,54,2,56
1d323b642ebac420 0 0 1442054,12,10,14,6,5,16,8,4,20,2,12,6,23,24,3,6,26,18,30,12,32,10,9,34,28,6,36,18,40,12,42,10,44,4,46,2,38,48,50,26,52,28,54,36,56
8ec2c26824686868 0 0 1704198,10,8,14,4,8,2,16,19,12,10,22,8,24,2,2,26,8,4,30,2,2,32,6,4,28,20,38,10,40,6,42,4,36,44,34,8,46,20,50,8,52,6,54,4,49,57,58,28,60,10,62,8,65
d5884a4ad588ea40 0 0 1310982,12,10,14,4,4,16,6,4,20,2,10,22,8,6,26,2,7,28,24,18,32,4,21,34,30,8,36,18,40,10,42,4,38,44,46,30,48,8,50,2,52
5c287488d4a0fc00 0 0 2228486,12,10,14,8,16,6,18,4,20,2,18,23,4,2,12,8,27,28,10,4,32,2,11,34,8,6,38,4,30,24,42,12,44,10,46,8,48,6,50,2,40,52,36,2,54,24,58,12,60,10,62,8,64,4,66,2,56,68,70,24,72,30,74,12,76,8,78,4,80
5428dca07488fc00 0 0 1704198,6,4,10,14,12,8,18,6,20,4,22,2,22,25,10,8,28,2,5,30,4,2,26,16,36,8,38,2,34,40,32,10,44,8,46,2,42,16,50,8,52,6,54,2,48,57,58,26,60,42,62,2,64
e5501228bff04888 0 0 1835270,6,2,12,8,16,2,15,18,12,10,22,8,24,4,7,26,8,4,30,2,2,32,28,20,36,12,38,10,40,8,42,6,8,45,34,8,48,6,46,20,52,12,54,6,56,2,51,59,60,20,62,34,64,12,66,6,69
77f535a69daca888 0 0 1704198,6,4,14,2,12,6,16,18,12,10,14,22,2,8,8,4,28,2,24,20,32,12,34,10,36,6,30,38,26,8,42,6,44,2,40,20,48,12,50,8,52,2,46,54,56,40,58,8,60,6,62,2,64
04ac66e48c24aa28 0 0 1507590,12,10,14,2,2,16,6,4,20,2,10,22,8,6,26,4,7,28,6,2,24,18,34,2,33,36,30,8,38,18,42,10,44,2,40,46,48,18,50,30,52,8,54,4,56,2,58
66ddbe7214784428 0 0 1900806,6,2,12,4,15,16,12,10,20,6,22,4,7,24,2,8,8,6,30,4,32,2,26,18,36,12,38,10,40,6,35,42,28,8,46,4,48,2,44,18,52,12,54,8,56,2,50,58,60,26,62,44,64,10,66,8,68,2,70
8b7e7a008b747000 0 0 1704198,12,10,4,14,10,6,6,2,19,21,10,8,24,6,26,4,28,2,7,30,6,4,22,16,36,4,35,38,32,10,42,8,40,16,46,10,48,6,50,4,45,53,54,22,56,32,58,8,60,6,62,4,65
b04238e828aaa000 0 0 1245446,12,2,2,14,4,8,10,8,7,20,6,2,18,16,26,2,25,28,22,10,32,8,34,4,36,2,30,16,40,8,42,2,38,44,46,18,48,30,50
42b69648e83e3cc0 0 0 1442054,12,2,2,14,4,10,10,8,7,20,6,2,18,16,26,2,25,28,22,10,32,8,34,4,36,2,30,16,40,10,42,2,38,44,46,18,48,22,50,30,52,10,54,8,56
f15eeb145858b848 0 0 2294022,6,2,12,6,16,4,15,18,12,10,22,6,24,4,26,2,7,28,8,2,2,33,8,6,36,4,38,2,30,20,42,12,44,10,46,6,41,49,34,8,52,4,54,2,50,20,58,12,60,8,62,6,64,2,56,66,68,30,70,34,72,50,74,10,76,6,78,4,80,2,83
2fbe0778e806c0c0 0 0 1835270,12,10,14,8,16,4,18,2,8,2,20,22,8,4,26,2,12,6,28,30,8,6,34,4,4,37,32,24,40,10,42,8,44,2,9,46,38,4,50,2,48,24,54,8,56,4,53,59,60,24,62,10,64,8,66,4,69
e40d4008ee52ea08 0 0 1769734,12,10,14,8,16,2,8,4,18,20,12,6,24,4,8,26,8,6,30,4,4,33,20,2,28,22,38,10,40,8,42,4,37,44,34,4,48,2,46,22,52,8,54,2,51,57,58,28,60,10,62,4,64,2,67
2b7c37acc810d4c0 0 0 1769734,12,10,14,8,16,2,8,2,19,20,8,4,24,2,12,6,26,28,8,6,32,4,4,35,30,22,38,10,40,8,42,4,44,2,9,47,36,4,50,2,48,22,54,8,56,4,53,59,60,22,62,36,64,10,66
0fb0d7d8af1ad228 0 0 1704198,12,10,14,8,8,4,16,18,12,6,8,22,8,6,26,4,4,29,18,2,24,20,34,10,36,8,38,2,33,40,30,4,44,2,42,20,48,8,50,2,47,53,54,24,56,30,58,10,60,4,62,2,65
0428f3a001825ca0 0 0 1507590,12,8,14,6,16,4,8,18,8,6,12,10,22,24,22,4,6,28,22,2,26,20,34,10,36,8,38,6,40,2,32,42,30,2,44,20,48,8,50,2,46,52,54,44,56,2,58
6848dcfcdeac3a48 0 0 1966342,12,8,14,6,16,4,18,2,8,4,22,2,20,24,8,2,12,10,30,8,32,6,34,4,36,2,28,39,8,6,42,4,4,44,40,26,48,10,50,6,52,4,8,55,46,2,56,26,60,8,62,4,58,64,66,40,68,56,70,2,72
099292e0d4b0b068 0 0 2162950,12,8,14,6,8,6,18,4,16,20,12,10,24,8,26,6,28,4,9,30,18,2,6,4,34,37,8,2,32,22,42,10,44,6,46,4,41,49,38,2,50,22,54,8,56,6,58,4,60,2,52,62,64,22,66,32,68,50,70,10,72,6,74,4,76,2,79
14163d6ac1bce8c0 0 0 1835270,12,8,14,6,16,4,8,4,20,2,18,22,8,2,12,10,28,8,30,6,26,32,8,6,36,4,4,38,34,24,42,10,44,6,8,46,40,2,48,24,52,8,54,4,50,56,58,34,60,40,62,48,64,8,66,4,68
e2d5bfead1804040 0 0 1835270,12,6,14,4,16,2,14,19,12,10,22,8,24,2,5,26,8,6,30,4,2,32,28,20,36,10,38,8,8,41,34,8,44,4,42,20,48,12,50,8,52,6,54,4,47,57,58,20,60,12,62,8,64,6,66,4,69
2056d836126426c8 0 0 1966342,12,10,14,8,16,6,18,4,18,20,4,2,12,24,8,6,28,4,2,31,26,22,34,10,36,8,38,4,9,40,32,8,44,4,46,2,42,22,50,12,52,10,54,6,56,2,49,59,60,26,62,12,64,8,66,6,68,4,70,2,73
7440eafec2ca6048 0 0 2097414,12,10,14,8,16,6,18,2,5,20,12,6,24,4,3,26,8,6,4,2,30,32,8,2,28,22,38,10,40,8,42,6,44,4,46,2,36,49,34,8,52,6,54,2,50,22,58,12,60,10,62,8,64,4,57,67,68,28,70,34,72,50,74,12,77
a5dac88486aca4e8 0 0 1966342,12,6,14,4,10,16,12,10,20,8,22,6,24,2,20,2,27,28,10,8,32,6,6,35,10,2,30,18,40,8,42,2,38,45,36,12,48,10,50,6,52,2,46,18,56,12,58,4,60,2,54,62,64,30,66,12,68,10,70,2,72
68e87da045faaa48 0 0 2031878,12,6,14,4,10,16,12,10,20,8,22,6,24,2,20,2,27,28,10,8,32,6,6,35,10,2,30,18,40,8,42,2,38,45,36,12,48,10,50,6,52,2,46,18,56,12,58,4,60,2,54,62,64,30,66,36,68,12,70,10,72,2,74
818ceae8238ce2e8 0 0 2228486,12,10,14,6,3,16,12,8,20,4,12,6,24,4,26,2,22,28,6,2,8,6,33,35,4,2,30,18,40,12,42,10,44,8,46,6,48,4,50,2,38,53,36,12,56,4,54,18,60,12,62,10,64,4,66,2,59,68,70,30,72,36,74,12,76,8,78,4,81
607302268808c880 0 0 2031878,12,10,14,4,3,16,12,8,20,6,22,4,12,4,24,26,8,6,30,2,8,33,28,18,36,12,38,10,40,6,5,43,34,12,46,8,48,4,44,18,52,12,54,10,56,8,58,2,50,60,62,18,64,28,66,44,68,12,70,10,72,6,75
628686868ce0e0e0 0 0 1638662,12,8,14,2,2,16,10,6,20,4,9,22,8,6,26,4,28,2,28,30,24,18,34,10,36,6,38,2,6,41,32,6,44,4,42,18,48,12,50,4,47,52,54,18,56,24,58,12,60,10,62
c222c442e222ccc0 0 0 1704198,12,8,14,4,16,2,2,19,10,8,22,6,8,4,24,26,8,6,30,2,30,32,28,20,36,10,38,8,4,40,34,6,44,4,46,2,42,20,50,12,52,6,54,2,48,57,58,28,60,42,62,4,64
88f70c62f708e608 0 0 1376518,10,4,4,14,12,8,18,2,6,20,8,6,24,4,26,2,6,2,28,31,22,16,34,4,3,36,32,12,40,6,38,16,44,6,46,4,42,48,50,22,52,6,54
83e47c2c83ee5ec8 0 0 1769734,10,2,4,14,6,2,12,6,20,2,18,22,8,6,26,4,28,2,7,30,24,16,34,4,3,36,32,12,40,8,38,16,44,6,46,4,48,2,42,50,52,16,54,24,56,32,58,8,60,6,62,4,64,2,66
180058c058a45c20 0 0 1245446,10,4,4,14,12,8,6,18,8,4,22,2,6,2,24,27,20,16,30,4,3,32,28,12,36,2,34,16,40,6,42,4,38,44,46,20,48,34,50
cdcd54dc2e8ec8e0 0 0 1507590,12,10,4,2,14,17,12,6,20,4,6,22,8,6,6,2,26,28,24,18,32,4,34,2,5,37,30,12,40,8,42,2,38,18,46,6,48,4,50,2,45,53,54,24,56,6,58
183262483232e248 0 0 1310982,12,10,4,14,12,6,18,4,6,20,8,6,6,2,24,26,4,2,22,16,32,4,30,34,28,12,38,8,36,16,42,6,44,4,40,46,48,16,50,22,52
54557844d02e6ac0 0 0 1769734,12,8,14,4,2,16,10,6,20,2,8,4,22,24,8,6,28,4,30,2,30,32,26,18,36,10,38,4,4,40,34,6,42,18,46,12,48,6,50,4,52,2,44,54,56,26,58,34,60,42,62,8,64,6,66
b8b0a8a038b028a0 0 0 1507590,12,8,6,14,6,4,10,18,8,6,22,4,8,4,24,26,18,2,20,16,32,12,34,10,36,6,38,4,40,2,30,42,28,8,44,16,48,12,50,6,52,2,46,54,56,4,58
e2624062e2404040 0 0 1769734,6,4,14,2,12,16,10,4,7,20,8,6,24,4,26,2,8,28,6,2,22,18,34,12,36,10,38,8,40,4,42,2,33,44,30,8,48,6,46,18,52,12,54,8,56,4,51,59,60,22,62,10,64,6,67
fae6b6aa58449488 0 0 1835270,12,8,6,14,10,8,18,6,6,4,20,22,8,6,26,4,8,4,28,30,22,2,24,16,36,12,38,10,40,8,42,4,44,2,34,46,32,8,48,16,52,12,54,6,56,2,50,58,60,16,62,24,64,6,66,4,68
4fd84088efd84088 0 0 1638662,12,8,6,14,6,4,10,18,8,6,22,4,8,4,24,26,18,2,20,16,32,12,34,10,36,6,38,4,40,2,30,42,28,8,44,16,48,12,50,6,52,2,46,54,56,16,58,28,60,8,62
b89aeaca38ba6a40 0 0 1704198,12,10,4,14,6,2,12,6,20,4,19,22,8,2,7,26,4,2,24,16,32,4,30,34,28,12,38,8,40,6,42,2,36,16,46,6,48,4,50,2,44,53,54,24,56,28,58,8,60,4,62,2,64
cc40a0c69c540a28 0 0 1835270,12,10,14,4,16,2,4,18,6,2,12,6,24,4,23,26,8,2,7,30,4,2,28,20,36,4,34,38,32,12,42,8,44,6,46,2,40,20,50,6,52,4,54,2,48,57,58,20,60,28,62,32,64,8,66,2,68
598c464cd90ca000 0 0 1835270,12,8,14,6,16,4,6,18,4,2,12,4,24,2,23,27,10,6,5,30,6,2,28,20,36,6,34,38,32,12,42,10,44,4,46,2,40,20,50,6,52,4,54,2,49,57,58,28,60,32,62,40,64,10,66,6,68
bb58a23ea5e6bc80 0 0 1310982,8,4,10,15,12,8,18,2,5,21,8,6,3,24,4,2,22,16,30,8,32,4,28,35,26,6,36,16,40,12,42,4,44,2,38,46,48,16,50,10,52
1347228844108a20 0 0 852230,6,4,12,14,12,10,8,18,2,4,8,6,24,4,20,16,28,12,26,30,32,16,22,34,36,20,38
0fcc168016801680 0 0 917766,7,12,8,6,12,10,17,18,2,4,20,14,24,12,8,26,28,14,22,30,32,14,34,20,36,28,38,10,40
441bb3e67cdc62c8 0 0 852230,7,12,12,10,8,16,2,4,8,6,18,14,24,12,23,26,28,14,20,30,32,18,34,20,36,28,38
a9fefed66a686840 0 0 983302,7,12,8,6,12,10,17,18,2,4,20,14,24,12,8,26,28,14,22,30,32,14,34,20,36,22,38,28,40,10,42
b7c0154008802a80 0 0 917766,12,8,12,15,12,10,6,18,2,4,8,6,20,16,26,12,25,28,30,16,22,32,34,20,36,30,38,12,40
e00f2f4c4ab47a08 0 0 983302,12,8,12,15,12,10,6,18,2,4,8,6,20,16,26,12,25,28,30,16,22,32,34,20,36,22,38,30,40,12,42
1832323262484848 0 0 852230,12,4,14,2,12,16,8,10,4,6,20,18,24,12,2,26,28,18,22,30,32,18,34,28,36,12,38
b50ae0a03d0ee0e0 0 0 917766,12,4,14,2,12,16,8,10,4,6,20,18,24,12,2,26,28,18,22,30,32,18,34,20,36,28,38,12,40
aa0888082a080808 0 0 1638662,8,6,14,4,10,16,12,4,4,20,8,4,24,2,4,26,22,18,30,8,32,6,34,4,36,2,7,39,28,8,42,4,40,18,46,8,48,4,50,2,45,52,54,18,56,28,58,40,60,2,62
e18337d67c1e3c88 0 0 1245446,8,6,14,4,16,2,12,4,18,20,4,2,12,10,25,26,8,15,28,22,32,8,34,4,4,36,30,12,38,22,42,8,40,44,46,22,48,4,50
85221daae42a1a08 0 0 1376518,10,6,14,4,16,2,12,6,18,20,6,2,12,8,25,26,10,4,10,31,28,22,34,10,36,6,6,38,32,12,40,22,44,10,42,46,48,28,50,12,52,8,54
a03ded52c326ca20 0 0 1900806,8,4,12,6,15,17,12,10,20,6,22,4,4,24,8,6,28,2,9,31,4,2,26,18,36,8,38,6,40,4,35,42,32,12,46,6,48,4,50,2,44,18,54,8,56,6,58,2,52,61,62,18,64,26,66,6,68,4,70
84347484ccc86c28 0 0 2031878,8,4,12,6,15,17,12,10,20,6,22,4,4,24,8,6,28,2,9,31,4,2,26,18,36,8,38,6,40,4,35,42,32,12,46,6,48,4,50,2,44,18,54,8,56,6,58,2,52,61,62,18,64,26,66,32,68,8,70,4,72,2,75
e972815a605ea2e0 0 0 1704198,8,2,12,14,12,10,18,6,20,4,4,22,8,4,26,2,6,28,4,2,24,16,34,6,36,4,38,2,33,41,30,12,44,4,46,2,42,16,50,6,49,52,54,24,56,42,58,12,60,6,62,4,64
fe8eb24294445000 0 0 1900806,10,6,14,4,12,6,18,4,20,2,16,22,12,8,26,6,28,4,6,30,10,4,4,34,6,2,32,24,40,6,42,4,44,2,39,47,36,12,50,4,48,24,54,4,53,56,58,24,60,32,62,48,64,12,66,6,68,4,70
a795a15a83ee8c88 0 0 1769734,8,2,12,14,12,10,18,6,20,4,4,22,8,4,26,2,6,28,4,2,24,16,34,6,36,4,38,2,33,41,30,12,44,4,46,2,42,16,50,6,49,52,54,24,56,30,58,42,60,12,62,6,64,4,66
0ad6ecb0de0eb0e0 0 0 1835270,10,4,12,14,12,8,18,6,20,4,6,22,10,6,26,4,4,28,6,2,24,16,34,6,36,4,38,2,33,41,30,12,44,6,46,2,42,16,50,4,49,52,54,16,56,24,58,30,60,42,62,12,64,6,66,4,68
6e628488eee08688 0 0 2031878,12,6,14,4,8,2,16,18,8,4,12,10,24,6,26,2,23,28,4,2,8,6,34,4,36,2,33,38,30,20,42,6,44,4,46,2,8,48,40,2,50,20,54,8,56,6,58,4,60,2,52,62,64,20,66,30,68,12,70,10,72,8,74
0111fca645aa9ac0 0 0 2294022,12,8,14,6,16,4,8,2,18,20,8,4,12,10,26,6,28,4,30,2,25,33,4,2,8,6,38,4,40,2,37,42,34,22,46,6,48,4,50,2,8,52,44,2,54,22,58,8,60,6,62,4,64,2,56,66,68,22,70,34,72,44,74,12,76,10,78,6,80,4,83
dd08080888080808 0 0 1835270,4,12,6,4,16,2,10,8,20,4,22,2,18,24,8,6,7,28,26,14,32,6,34,4,36,2,17,38,30,8,42,6,44,4,46,2,40,14,50,10,52,8,54,6,49,56,58,26,60,30,62,10,64,4,66,2,68
4ce49e3a96be4460 0 0 1835270,12,10,14,4,16,2,8,4,20,2,18,22,8,2,12,6,28,4,26,30,8,6,34,2,4,36,32,24,40,6,42,2,9,45,38,4,48,2,46,24,52,8,54,6,56,2,51,58,60,46,62,8,64,6,66,2,68
1df2c2f26d28b228 0 0 2031878,12,10,14,6,16,2,8,4,18,21,8,2,12,8,26,4,28,2,24,30,4,2,8,6,36,2,35,38,32,22,42,6,44,2,9,47,40,4,48,22,52,8,54,6,56,2,50,58,60,32,62,48,64,12,66,10,68,8,70,6,72,4,75
965e8892160408c8 0 0 2031878,12,10,14,8,16,6,8,4,18,21,8,2,12,8,26,4,28,2,24,30,4,2,8,6,36,2,35,38,32,22,42,6,44,2,9,47,40,4,48,22,52,8,54,6,56,2,50,58,60,32,62,40,64,48,66,12,68,10,70,4,72,2,75
2e0bc202e2b0a8e0 0 0 2031878,12,8,14,6,12,6,17,19,12,10,22,6,24,4,2,26,8,2,8,6,30,32,4,2,28,20,38,8,40,6,42,4,44,2,37,47,34,12,50,6,52,4,54,2,48,20,58,8,60,6,56,62,64,20,66,34,68,8,70,4,72,2,75
832d309aa55e2a80 0 0 2294022,12,8,14,6,16,2,12,6,18,21,12,10,24,6,26,2,2,28,8,6,32,2,9,35,4,2,30,22,40,8,42,6,44,4,39,46,36,12,50,6,52,4,54,2,48,22,58,8,60,6,62,2,56,65,66,22,68,30,70,36,72,12,74,8,76,6,78,4,80,2,82
604ebafc2736b0a0 0 0 1573126,12,8,14,4,16,2,12,19,12,10,22,6,24,4,2,26,8,4,6,31,4,2,28,20,36,6,38,4,40,2,35,43,32,12,46,4,48,2,44,20,52,6,51,54,56,44,58,12,60
0c26be3448c222a8 0 0 1704198,12,8,14,4,12,16,12,10,20,6,22,2,2,24,8,4,28,2,6,30,4,2,26,18,36,6,38,4,40,2,35,43,32,12,46,4,48,2,44,18,52,6,51,54,56,26,58,44,60,6,62,2,64
ea0395aafd6a7ec0 0 0 1769734,12,8,14,4,12,16,12,10,20,6,22,2,2,24,8,4,28,2,6,30,4,2,26,18,36,6,38,4,40,2,35,43,32,12,46,4,48,2,44,18,52,6,51,54,56,26,58,32,60,44,62,6,64,2,66
83dd2886dd968668 0 0 1835270,12,10,14,4,12,6,18,4,20,2,16,22,12,8,2,26,10,6,4,2,30,33,28,24,36,6,38,4,40,2,6,43,34,12,46,4,48,2,44,24,52,4,54,2,50,57,58,24,60,28,62,34,64,44,66,12,68
d3ac682c97ac6868 0 0 1442054,10,8,14,6,6,16,12,6,20,4,12,23,6,4,10,27,6,2,24,18,32,10,34,6,36,2,30,38,28,2,40,18,44,10,42,46,48,18,50,10,52,6,54,2,56
e2ae6a04a2a22a08 0 0 1966342,2,12,6,4,16,2,10,8,20,4,22,2,18,24,8,6,7,28,6,2,26,14,34,6,36,4,38,2,33,40,30,8,44,6,46,4,48,2,42,14,52,10,54,8,56,6,51,58,60,14,62,26,64,30,66,10,68,4,70,2,72
6406ce0c8e0a2400 0 0 1507590,12,8,2,14,4,2,8,4,20,2,19,23,10,4,26,2,7,28,6,2,24,16,34,4,36,2,33,39,30,10,42,6,40,16,46,8,44,48,50,24,52,40,54,4,56,2,59
3637d8c827aed8c8 0 0 1507590,12,6,12,14,10,8,18,4,10,4,20,22,3,18,6,2,24,16,30,10,32,8,34,4,29,36,26,4,40,2,38,16,44,8,43,46,48,16,50,24,52,12,54,10,56,4,58
e0c0a09ab0b2f0e8 0 0 1573126,9,12,12,10,16,2,2,18,8,6,5,22,8,4,26,2,20,14,30,2,28,32,24,8,36,6,38,4,40,2,34,14,44,12,46,10,43,48,50,14,52,20,54,12,56,10,58,2,60
69430ca63c34c048 0 0 1835270,12,4,9,14,12,10,2,18,8,6,5,22,8,4,26,2,20,16,30,2,28,32,24,8,36,6,38,4,40,2,34,16,44,12,46,10,48,2,43,50,52,16,54,20,56,24,58,12,60,10,62,8,64,6,66,4,68
f6f3fd58de847a20 0 0 1704198,12,10,14,8,8,16,6,4,20,2,12,6,24,4,22,26,8,6,30,2,20,32,8,2,28,18,38,6,40,4,42,2,36,44,34,8,48,6,46,18,52,12,54,2,50,56,58,46,60,8,62,2,64
d32bec6c2b9cd8e8 0 0 1835270,8,4,12,10,15,16,4,2,12,4,22,2,21,25,8,6,28,4,5,30,14,2,26,18,36,4,38,2,35,41,32,8,44,6,46,4,48,2,42,18,52,12,50,54,56,26,58,42,60,12,62,10,64,4,66,2,69
444c246c9c98cc88 0 0 1442054,8,6,14,4,12,10,16,18,12,4,4,22,8,2,4,2,27,28,16,2,24,20,34,4,32,36,30,8,38,20,42,12,41,44,46,20,48,24,50,38,52,12,54,4,56
b840baae18e0f4e0 0 0 1966342,8,4,12,10,16,4,15,19,4,2,12,4,24,2,23,27,8,6,30,4,5,32,14,2,28,20,38,4,40,2,37,43,34,8,46,6,48,4,50,2,44,20,54,12,52,56,58,28,60,34,62,44,64,12,66,10,68,6,70,2,72
eeea5eea81a8a8a8 0 0 1900806,12,10,14,8,8,16,4,2,12,4,21,23,8,6,26,2,5,28,8,2,24,18,34,4,36,2,32,39,30,8,42,6,40,18,46,12,48,2,44,50,52,18,54,24,56,30,58,40,60,12,62,8,64,6,66,4,68,2,71
cc8814d814784428 0 0 1704198,12,10,14,6,14,17,8,6,20,4,22,2,12,8,26,6,28,4,30,2,24,32,3,8,8,4,34,18,40,8,42,6,44,4,46,2,38,48,36,6,52,4,50,18,56,12,55,58,60,18,62,12,64
faf056fcee446ac0 0 0 2031878,12,10,14,6,16,2,14,2,18,21,8,6,24,4,26,2,12,8,30,6,32,4,28,35,3,8,8,4,36,22,42,8,44,6,46,4,48,2,40,50,38,6,54,4,52,22,58,12,60,2,57,63,64,22,66,38,68,12,70,4,72,2,75
745e5e5ec848e248 0 0 1638662,12,10,14,4,16,2,14,18,8,6,12,6,22,24,3,8,22,4,26,20,32,8,34,6,31,36,28,6,40,2,38,20,44,12,46,8,43,48,50,20,52,26,54,28,56,10,58,8,60,6,62
2154ae541de092e0 0 0 1835270,12,10,14,6,14,17,8,6,20,2,12,8,24,6,26,2,23,29,8,4,32,2,3,34,30,18,38,8,40,6,42,2,9,45,36,6,48,4,50,2,46,18,54,12,52,56,58,30,60,46,62,8,64,6,66,2,69
d00f7b4e1e3e4a80 0 0 2097414,12,10,14,6,16,2,14,2,18,21,8,6,24,2,12,8,28,6,27,30,8,4,34,2,3,36,32,22,40,8,42,6,44,2,9,47,38,6,50,4,52,2,48,22,56,12,58,2,54,61,62,32,64,38,66,48,68,8,70,6,72,4,74,2,77
65aeaeae0aa8a8a8 0 0 1835270,3,12,8,2,12,10,18,8,20,6,22,2,17,24,6,4,5,28,26,14,32,12,34,8,36,2,8,39,30,8,42,6,44,2,40,14,48,12,50,10,52,6,46,55,56,26,58,12,60,10,62,8,64,6,66,2,68
5d27b2d2da82ca88 0 0 1376518,12,8,14,6,7,16,12,10,20,8,8,6,22,25,2,4,26,18,30,12,32,6,8,34,28,6,36,18,40,2,39,42,44,26,46,36,48,10,50,8,52,2,54
7306996a4ec4a4a8 0 0 1442054,12,8,14,6,7,16,12,10,20,8,8,6,22,25,2,4,26,18,30,12,32,6,8,34,28,6,36,18,40,2,39,42,44,26,46,28,48,36,50,10,52,8,54,2,56
cc44bce4f43824c8 0 0 1048838,12,2,12,15,12,10,4,2,18,21,6,8,22,16,26,4,4,28,24,12,30,16,34,6,32,36,38,22,40,12,42,10,44
13e4c2e8c3142228 0 0 1114374,12,2,12,15,12,10,4,2,18,21,6,8,22,16,26,4,4,28,24,12,30,16,34,6,32,36,38,16,40,22,42,12,44,10,46
dbecceac4022ea88 0 0 1114374,12,2,12,15,12,10,4,2,18,21,6,8,22,16,26,4,4,28,24,12,30,16,34,6,32,36,38,22,40,24,42,12,44,10,46
1df222b417167800 0 0 1638662,12,6,14,4,16,2,17,18,12,10,4,2,22,25,8,6,28,4,30,2,6,32,26,20,36,4,4,38,34,12,42,6,44,4,40,20,48,6,47,50,52,20,54,26,56,34,58,12,60,10,62
027f2e8c11e46248 0 0 1376518,12,2,13,14,12,10,18,4,4,20,6,8,4,2,22,16,28,4,30,2,27,33,24,12,34,16,38,6,37,40,42,22,44,34,46,12,48,6,50,4,52,2,54
667634e8e3c034e8 0 0 1900806,12,6,14,4,16,2,16,19,12,10,22,4,4,24,8,6,28,4,30,2,6,32,4,2,26,20,38,4,40,2,37,43,34,12,46,6,48,4,50,2,44,20,54,6,53,56,58,20,60,26,62,44,64,12,66,6,68,4,70
ddd3ae0e2322a000 0 0 1442054,12,2,13,14,12,10,18,4,4,20,6,8,4,2,22,16,28,4,30,2,27,33,24,12,34,16,38,6,37,40,42,22,44,24,46,34,48,12,50,6,52,4,54,2,56
6abffe40bf6ad4c0 0 0 1442054,12,2,13,14,12,10,18,4,4,20,6,8,4,2,22,16,28,4,30,2,27,33,24,12,34,16,38,6,37,40,42,16,44,22,46,24,48,34,50,12,52,6,54,4,56
c24286c268ac6868 0 0 1704198,10,6,6,4,16,2,14,18,12,8,22,2,22,6,26,2,24,28,10,8,6,32,30,20,36,10,38,8,40,6,42,4,16,44,34,2,46,20,50,10,52,8,48,54,56,30,58,12,60,8,62,2,64
eceeeae86c66e2e8 0 0 1310982,8,4,14,2,15,17,2,8,8,10,6,4,20,18,26,8,28,4,30,2,24,33,22,12,36,2,34,18,39,40,42,20,44,12,46,8,48,4,50,2,53
0ec44a804a804a80 0 0 1310982,12,4,10,4,14,16,8,6,8,20,10,2,2,25,22,18,28,12,30,10,32,8,2,34,26,10,38,4,36,18,42,10,44,2,40,47,48,18,50,4,52
800ad70a0882a028 0 0 2031878,12,6,12,8,16,6,14,18,12,10,22,8,24,6,26,4,28,2,2,30,8,4,8,6,36,4,34,38,36,2,32,20,44,2,42,46,40,8,50,6,52,4,54,2,48,20,58,12,60,8,62,6,64,4,66,2,56,68,70,32,72,48,74
5ab8f0b86a48c048 0 0 1442054,12,4,10,4,14,16,8,6,8,20,10,2,2,25,22,18,28,12,30,10,32,8,2,34,26,10,38,4,36,18,42,10,44,2,40,47,48,18,50,22,52,8,54,4,56
87dc3820c79c7860 0 0 1376518,10,6,8,14,6,4,18,2,12,10,20,22,8,4,26,2,2,29,24,16,32,12,34,8,36,6,18,38,30,8,40,16,44,8,46,4,48,2,42,51,52,16,54
c1496b94714624a8 0 0 2031878,10,8,14,6,8,4,18,2,16,21,12,8,24,4,26,2,6,28,8,2,2,33,6,2,30,22,38,12,40,10,42,8,44,6,36,47,34,8,50,4,52,2,48,22,56,8,58,2,55,61,62,22,64,30,66,8,68,6,70,4,72,2,75
dec868689ac82c68 0 0 1835270,10,8,14,6,8,2,16,19,12,10,6,22,8,6,26,4,28,2,2,30,6,2,24,20,36,12,38,6,40,2,34,43,32,8,46,2,44,20,50,8,52,6,54,4,56,2,49,58,60,44,62,10,64,4,66,2,68
d5b7b2602a483ae8 0 0 1704198,10,6,14,4,8,16,12,10,20,8,22,2,6,24,10,2,4,28,6,4,26,18,34,12,36,6,38,4,40,2,32,42,30,10,46,6,48,4,44,18,52,10,54,2,50,56,58,26,60,44,62,10,64
fbd7142e0428fac0 0 0 1835270,10,8,14,6,8,2,16,19,12,10,6,22,8,6,26,4,2,29,6,2,24,20,34,12,36,6,38,2,32,41,30,8,44,2,42,20,48,8,50,6,52,4,47,55,56,30,58,42,60,10,62,8,64,4,66,2,69
71f7a09c8e088888 0 0 1900806,10,6,14,4,8,16,12,10,20,8,22,6,24,4,26,2,6,29,10,4,32,2,4,35,6,4,30,18,40,12,42,2,38,45,36,10,48,6,50,4,46,18,54,10,56,4,58,2,52,61,62,30,64,36,66,46,68,6,70
80fca05c8048a0e8 0 0 1638662,12,10,14,8,3,16,8,12,8,6,22,4,4,24,8,4,28,2,20,18,32,10,34,8,36,2,31,39,26,2,40,18,44,8,46,6,48,4,43,50,52,18,54,12,56,6,58,4,60,2,63
561fd62c9a2c9268 0 0 1835270,12,10,14,8,16,2,3,18,12,4,8,22,8,6,26,4,4,28,8,4,32,2,24,20,36,10,38,8,40,4,35,43,30,2,44,20,48,8,50,6,52,4,47,54,56,20,58,24,60,12,62,6,64,4,66,2,69
094a584a51480048 0 0 1638662,12,10,14,8,3,16,8,12,8,6,22,4,4,24,8,4,28,2,20,18,32,10,34,8,36,2,31,39,26,2,40,18,44,8,46,6,48,4,43,50,52,18,54,26,56,12,58,6,60,2,63
28a834f8a020ec20 0 0 1704198,12,10,14,8,3,16,8,12,8,6,22,4,4,24,8,4,28,2,20,18,32,10,34,8,36,2,31,39,26,2,40,18,44,8,46,6,48,4,43,50,52,18,54,20,56,26,58,12,60,6,62,2,65
ea0a30223020ea08 0 0 1835270,12,8,14,4,4,2,16,18,12,10,9,22,8,6,26,4,28,2,4,30,8,2,24,20,36,10,38,8,40,2,35,42,32,4,46,2,44,20,50,8,52,6,54,4,56,2,48,58,60,44,62,12,64,4,66,2,68
1ea236ca5ae65060 0 0 1835270,12,8,14,2,4,2,17,18,8,4,12,10,24,8,22,26,8,6,30,4,4,33,22,2,28,20,38,10,40,4,36,43,34,4,46,2,44,20,50,8,52,6,54,4,48,57,58,28,60,44,62,8,64,4,66,2,68
ad2f2d20f8f87808 0 0 1638662,12,8,14,6,16,4,5,18,8,6,12,10,24,8,22,26,4,2,8,4,31,32,22,2,28,20,38,10,40,6,36,43,34,4,44,20,48,8,50,4,47,52,54,34,56,44,58,12,60,6,62
3d44e1723814ee28 0 0 1704198,12,8,4,2,15,16,8,4,12,10,20,22,8,6,4,26,20,2,24,18,32,10,34,8,36,4,38,2,30,41,28,4,44,2,42,18,48,8,50,6,46,52,54,24,56,28,58,42,60,4,62,2,64
3b1b50445772aa88 0 0 1900806,12,8,14,6,16,4,14,19,12,10,22,6,5,24,6,4,28,2,8,2,31,32,4,2,26,20,38,12,40,10,42,4,37,45,34,12,48,8,50,6,52,4,46,20,56,8,58,2,55,60,62,46,64,12,66,8,68,2,70
0d06195632829828 0 0 2359558,12,8,14,6,16,2,14,4,20,2,18,23,12,10,26,6,28,4,30,2,5,32,6,4,36,2,8,4,40,2,39,42,4,2,34,24,48,12,50,10,52,2,47,55,44,12,58,8,60,4,62,2,56,24,66,8,68,4,70,2,65,72,74,34,76,56,78,10,80,8,82,2,84
311dc88853c08888 0 0 2097414,12,8,14,6,16,4,18,2,14,2,21,22,4,2,12,10,28,4,26,30,6,4,34,2,8,6,38,4,37,41,32,24,44,12,46,10,48,6,4,51,42,12,54,8,56,2,52,24,60,8,62,6,64,4,58,67,68,42,70,52,72,12,74,2,76
48859e949160b8e8 0 0 2359558,12,8,14,6,16,2,14,4,20,2,18,23,12,10,26,6,28,4,30,2,5,32,6,4,36,2,8,4,40,2,39,42,4,2,34,24,48,12,50,10,52,2,47,55,44,12,58,8,60,4,62,2,56,24,66,8,68,4,70,2,65,72,74,34,76,44,78,56,80,10,82,2,84
8e5440548e404040 0 0 1769734,10,8,14,4,16,2,3,18,12,10,22,8,24,4,4,26,8,6,30,2,6,33,6,4,28,20,38,10,40,8,36,43,34,2,44,20,48,8,50,6,52,2,47,55,56,44,58,10,60,6,62,4,64,2,67
efb486046b7e6868 0 0 1966342,8,6,14,4,12,8,18,6,20,4,22,2,16,24,12,10,28,4,2,30,8,4,34,2,15,37,4,2,32,26,42,12,41,44,38,12,48,8,50,6,52,4,54,2,46,26,58,8,60,4,62,2,56,65,66,46,68,6,70,2,73
c25257a80512e8e8 0 0 2097414,8,6,14,4,16,2,12,8,20,6,22,4,24,2,19,26,12,10,30,2,2,32,8,4,15,36,34,28,40,12,42,2,4,45,38,12,48,8,50,6,52,4,54,2,46,28,58,8,60,4,56,62,64,34,66,46,68,12,70,8,72,4,74,2,76
45b5ea54c27ad6a8 0 0 2031878,8,6,14,4,12,8,18,6,20,4,22,2,16,24,12,10,28,4,2,30,8,4,34,2,15,37,4,2,32,26,42,12,41,44,38,12,48,8,50,6,52,4,54,2,46,26,58,8,60,4,62,2,56,65,66,38,68,46,70,8,72,4,74
6f66fd26d4b29c28 0 0 2097414,8,6,14,4,16,2,12,8,20,6,22,4,24,2,19,26,12,10,30,2,2,32,8,4,15,36,34,28,40,12,42,2,4,45,38,12,48,8,50,6,52,4,54,2,46,28,58,8,60,4,56,62,64,34,66,38,68,46,70,12,72,8,74,2,76
a3f4a8460f3e40c8 0 0 2031878,12,4,8,6,16,2,14,18,12,10,22,8,24,6,26,4,4,2,28,31,8,2,2,34,16,4,38,2,32,20,42,12,44,8,46,6,41,49,36,8,52,6,54,2,50,20,58,8,60,2,56,62,64,20,66,32,68,12,70,10,72,6,74
2cdde8e677866668 0 0 1900806,12,4,14,2,8,6,18,2,16,20,12,10,24,8,26,4,6,28,8,4,32,2,2,35,30,22,38,12,40,8,42,4,8,44,36,8,48,6,50,2,46,22,54,8,56,4,58,2,52,61,62,30,64,46,66,6,68,2,70
ad56969239c2e4e0 0 0 1966342,12,6,14,4,16,2,8,6,20,2,18,22,12,10,26,4,6,28,8,4,2,32,30,24,36,12,38,8,40,6,42,4,8,44,34,8,48,6,50,2,46,24,54,8,56,4,52,58,60,30,62,34,64,46,66,8,68,6,70,2,72
991d22b24f646808 0 0 1704198,12,4,12,6,14,17,12,10,20,6,22,4,2,24,8,2,6,28,4,2,26,18,34,6,36,4,38,2,33,41,30,12,44,6,42,18,48,8,50,2,47,52,54,42,56,12,58,8,60,4,62,2,64
c1875e06623a6260 0 0 1573126,12,4,12,6,14,17,12,10,20,6,22,2,2,24,6,9,4,2,26,18,32,6,34,4,36,2,31,39,28,12,42,6,40,18,46,8,45,49,50,26,52,40,54,8,56,4,58,2,61
d7e0f7ea1d080408 0 0 1769734,12,4,12,6,14,17,12,10,20,6,22,4,2,24,8,2,6,28,4,2,26,18,34,6,36,4,38,2,33,41,30,12,44,6,42,18,48,8,50,2,47,52,54,30,56,42,58,12,60,8,62,4,64,2,66
2ec12a5cc12e1cc0 0 0 1442054,8,2,12,2,14,17,12,10,20,2,5,22,6,8,4,2,24,18,30,10,32,8,34,2,29,37,26,12,40,2,38,18,44,8,43,46,48,24,50,26,52,10,54,4,57
1a56d4a4d4a4f6e0 0 0 1507590,8,2,12,4,14,16,4,2,12,10,22,8,24,2,20,27,6,4,30,2,8,32,28,18,36,10,38,4,4,41,34,12,44,4,42,18,48,8,46,50,52,28,54,42,56,4,58
080a8618fc7e7e60 0 0 1769734,6,2,12,6,16,4,18,2,14,21,4,2,12,10,26,2,24,29,8,4,6,32,30,22,36,10,38,4,40,2,4,42,34,12,46,6,48,4,50,2,44,22,54,6,53,56,58,30,60,34,62,44,64,4,66
2a006a186ab02aa8 0 0 1573126,12,6,3,14,8,6,12,10,18,20,8,4,24,2,4,2,27,29,18,4,22,16,34,10,36,6,38,2,32,41,30,2,42,16,46,4,48,2,45,51,52,16,54,12,56,6,58,4,60
e040e262f2c2f0e0 0 0 1507590,12,10,14,8,3,16,8,12,8,6,22,4,4,24,8,4,28,2,20,18,32,10,34,8,36,2,31,39,26,2,40,18,44,4,43,46,48,18,50,26,52,12,54,8,56,2,59
4480d450a0680088 0 0 1573126,12,8,4,2,14,16,8,4,20,2,12,10,24,8,23,26,8,6,30,4,32,2,4,34,28,18,38,10,40,4,42,2,21,44,36,4,48,2,46,18,52,4,50,54,56,46,58,12,60
4948af48d480fe80 0 0 1704198,12,8,14,6,16,4,15,18,4,2,12,10,24,4,22,26,6,4,30,2,8,33,28,20,36,12,38,10,40,6,4,43,34,12,46,8,44,20,50,6,52,4,54,2,49,57,58,44,60,12,62,2,65
5b2be754db44aea8 0 0 1900806,12,8,14,6,16,4,15,18,4,2,12,10,24,4,26,2,22,29,6,4,32,2,8,35,30,20,38,12,40,10,42,6,44,2,4,46,36,12,50,8,48,20,54,6,56,4,58,2,53,61,62,30,64,48,66,12,68,2,71
db00792aa6aa8c80 0 0 2490630,12,10,14,4,16,2,14,6,20,2,18,23,12,8,26,6,28,4,30,2,7,32,10,4,6,4,38,2,36,41,6,2,34,24,46,12,48,8,50,2,45,53,42,12,56,10,58,6,60,2,54,24,64,6,66,4,68,2,63,71,72,34,74,42,76,54,78,12,80,10,82,8,84,6,86,4,89
22f23eee4c501c00 0 0 2228486,12,4,12,8,16,4,14,18,12,10,22,8,24,6,26,4,28,2,2,30,8,6,34,4,34,36,8,4,40,2,32,20,44,2,42,46,38,8,50,6,52,4,54,2,48,20,58,12,60,8,62,6,64,4,66,2,56,68,70,32,72,38,74,48,76,8,78,6,80
67c9c044fd6ccc88 0 0 1835270,4,2,6,15,12,10,18,2,18,8,22,4,24,2,21,27,10,4,10,8,32,4,31,34,28,16,38,12,40,10,42,8,44,4,46,2,5,49,36,12,52,2,50,16,56,12,58,8,60,4,55,63,64,28,66,10,68
25571ae05864dce0 0 0 1966342,4,2,6,15,12,10,18,2,18,8,22,4,24,2,21,27,10,4,10,8,32,4,31,34,28,16,38,12,40,10,42,8,44,4,46,2,5,49,36,12,52,2,50,16,56,12,58,8,60,4,55,63,64,16,66,28,68,10,70,6,72
67ab676e16468a40 0 0 1900806,4,2,6,15,12,10,18,8,20,2,18,4,24,2,22,26,10,8,30,4,10,4,32,35,28,16,38,12,40,10,42,4,44,2,5,46,36,12,50,2,48,16,54,12,56,8,58,4,53,61,62,28,64,36,66,10,68,4,71
b804d51a34883000 0 0 2031878,4,2,6,15,12,10,18,8,20,2,18,4,24,2,22,26,10,8,30,4,10,4,32,35,28,16,38,12,40,10,42,4,44,2,5,46,36,12,50,2,48,16,54,12,56,8,58,4,53,61,62,16,64,28,66,36,68,10,70,6,72,4,75
04001256da306ac0 0 0 1245446,12,10,5,14,3,12,7,8,4,2,18,16,24,10,22,26,20,12,30,8,28,16,34,10,36,6,32,39,40,16,42,18,44,20,46,10,48,8,50
73637f4cd9d82a08 0 0 1310982,9,12,12,10,2,16,4,2,6,20,8,2,18,14,26,8,28,2,25,31,22,6,34,2,32,14,38,8,40,4,36,43,44,14,46,18,48,12,50,2,52
8c306c5054e87448 0 0 1704198,12,10,3,14,12,6,9,18,4,2,6,22,8,2,20,16,28,12,30,10,32,8,26,35,24,8,38,6,36,16,42,12,44,10,46,8,48,4,50,2,41,53,54,16,56,20,58,10,60,8,62,4,65
511b62200444c880 0 0 1507590,12,10,14,6,12,16,12,8,20,6,6,22,4,2,3,26,24,18,30,12,32,6,10,34,28,6,38,4,36,18,42,12,44,8,41,46,48,18,50,24,52,12,54,8,56,6,58
2216fddaa56e5880 0 0 1507590,12,10,12,15,12,8,18,2,2,20,6,4,5,24,10,2,22,16,30,12,32,2,29,34,26,6,38,2,36,16,42,12,44,8,41,46,48,22,50,36,52,12,54,8,56,2,58
23bc8b9e6868e268 0 0 1310982,12,4,10,4,16,2,15,19,3,13,8,6,7,24,22,20,28,4,16,30,26,12,34,8,32,20,38,12,40,2,36,42,44,20,46,10,48,4,50,2,53
7eb0b0f419e4e4a0 0 0 1179910,12,4,10,4,15,16,3,13,8,6,7,22,16,2,20,18,28,4,27,30,24,12,34,8,32,18,38,12,40,2,36,42,44,20,46,2,49
8dceda343172cc88 0 0 1310982,12,4,10,4,15,16,3,13,8,6,7,22,16,2,20,18,28,4,27,30,24,12,34,8,32,18,38,12,40,2,36,42,44,18,46,20,48,10,50,2,53
145b3888c1423888 0 0 1442054,12,4,10,4,16,2,15,19,3,13,8,6,7,24,22,20,28,4,16,30,26,12,34,8,32,20,38,12,40,2,36,42,44,20,46,26,48,10,50,8,52,4,54,2,57
022e2000822e2888 0 0 1310982,12,4,10,4,15,16,3,13,8,6,7,22,16,2,20,18,28,4,27,30,24,12,34,8,32,18,38,12,40,2,36,42,44,20,46,24,48,8,50,2,53
b632323253e8e8e8 0 0 1442054,12,4,10,4,15,16,3,13,8,6,7,22,16,2,20,18,28,4,27,30,24,12,34,8,32,18,38,12,40,2,36,42,44,18,46,20,48,24,50,10,52,8,54,2,57
1b2004409ba084c0 0 0 1704198,10,8,14,6,16,2,12,18,12,8,12,10,24,6,26,2,22,28,6,4,32,2,32,34,14,2,30,20,40,2,38,42,36,4,46,2,44,20,50,8,52,2,48,54,56,30,58,44,60,12,62,2,64
fcd1cc72c16476c8 0 0 1704198,10,4,13,14,12,6,18,4,12,10,22,6,20,24,10,8,28,4,28,6,32,4,30,34,14,2,26,16,40,6,38,42,36,12,46,8,48,2,44,16,52,12,54,10,51,56,58,16,60,10,62,4,64
99534dfccc745ce8 0 0 1704198,10,4,13,14,12,6,18,4,12,10,22,6,20,24,10,8,28,4,28,6,32,4,30,34,14,2,26,16,40,6,38,42,36,12,46,8,48,2,44,16,52,12,54,10,51,56,58,16,60,36,62,8,64
773e3e34cbd87288 0 0 1573126,12,6,14,4,16,2,16,19,12,8,22,4,24,2,24,27,10,4,10,30,6,2,28,20,36,4,35,38,32,12,42,10,40,20,46,8,48,6,50,4,44,52,54,20,56,32,58,10,60
66c44cc462c048c0 0 0 1310982,10,8,14,4,16,2,6,4,18,20,12,4,2,24,6,8,6,2,26,22,32,10,34,8,36,6,30,38,28,6,42,4,40,22,46,6,44,48,50,22,52
e8fe6efefee878e8 0 0 786694,12,4,14,2,12,16,8,10,4,6,20,18,24,12,2,26,28,18,22,30,32,22,34,28,36
f421a82201740288 0 0 1704198,10,2,8,4,14,17,12,2,4,2,21,22,8,6,3,26,24,18,30,8,32,4,5,35,28,6,38,2,36,18,42,12,44,8,46,4,48,2,41,50,52,18,54,24,56,12,58,10,60,8,62,4,65
9ff4745cb7685cc0 0 0 1310982,8,4,10,15,12,8,5,18,8,6,3,22,4,2,20,16,28,8,30,4,26,33,24,6,34,16,38,12,40,4,36,43,44,16,46,24,48,10,50,6,52
67dd6b6e617462c8 0 0 1769734,10,8,8,4,14,17,12,2,4,2,21,22,8,6,26,4,28,2,3,30,24,18,34,8,36,4,5,39,32,6,42,4,40,18,46,12,48,8,50,4,52,2,45,54,56,24,58,32,60,12,62,6,64,2,67
683a88803a68c0c8 0 0 1769734,10,8,8,14,12,8,18,6,20,4,22,2,3,24,6,4,6,2,28,30,26,16,34,6,36,4,3,38,32,8,42,4,40,16,46,12,48,8,50,4,52,2,45,55,56,26,58,32,60,12,62,6,64,2,67
0d1d140aa8b85648 0 0 1507590,8,4,4,2,14,16,12,8,20,6,2,22,10,8,26,4,28,2,6,30,6,2,24,18,36,8,34,38,32,4,42,2,40,18,46,6,44,48,50,18,52,24,54,32,56,40,58
974b6342bd9eb668 0 0 1376518,8,6,14,4,16,2,12,10,18,20,12,18,4,2,4,26,24,22,30,12,32,10,34,2,9,36,28,6,40,2,38,22,44,10,46,2,43,48,50,24,52,12,54
7104c2eafb8e4860 0 0 852230,12,4,14,2,12,16,8,10,4,6,20,18,24,12,2,26,28,18,22,30,32,20,34,22,36,28,38
e3e74e82b2b62ce0 0 0 1900806,10,2,8,4,14,17,4,2,12,20,8,6,24,4,26,2,3,28,22,18,32,8,34,4,5,37,30,6,40,4,38,18,44,12,46,8,48,4,43,51,52,18,54,22,56,30,58,12,60,10,62,8,64,6,66,4,68,2,70
14ce5020108a1020 0 0 1179910,10,8,8,14,4,2,12,18,8,6,3,22,20,16,26,8,5,28,24,6,32,4,34,2,30,16,38,12,40,8,36,42,44,20,46,30,48
87f0cb70ad706e80 0 0 983302,8,6,6,14,12,6,4,18,10,8,22,4,2,24,4,2,20,16,30,6,28,32,34,16,26,36,38,20,40,34,42
1ea4135213561ea0 0 0 1507590,8,6,14,4,16,2,12,10,18,20,12,18,4,2,4,26,24,22,30,12,32,10,34,2,9,36,28,6,40,2,38,22,44,10,46,2,43,48,50,24,52,28,54,12,56,4,58
bebacc4036bacc40 0 0 1638662,12,10,14,8,3,16,12,8,20,4,22,2,22,25,6,4,6,28,8,2,26,18,34,12,36,10,38,8,40,4,32,42,30,8,46,6,44,18,50,10,49,52,54,26,56,30,58,12,60,6,62
7a7aa4e0a4e068e0 0 0 1507590,12,6,3,14,12,10,18,8,20,2,20,23,6,4,4,26,8,2,24,16,32,12,31,34,28,8,38,4,36,16,42,10,44,8,40,46,48,16,50,24,52,36,54,12,56,8,58
1e1ca62c1e94e268 0 0 1638662,12,6,3,14,12,10,18,8,20,2,20,23,6,4,4,26,8,2,24,16,32,12,31,34,28,8,38,4,36,16,42,10,44,8,40,46,48,16,50,24,52,28,54,36,56,12,58,8,60,4,62
5d55b1744e8a5268 0 0 1704198,12,6,14,4,16,2,3,19,12,8,22,6,24,4,26,2,26,29,10,4,10,32,6,2,30,20,38,12,40,6,37,42,34,12,46,10,44,20,50,12,52,8,54,6,48,56,58,30,60,34,62,10,64
999446885d944e88 0 0 1704198,12,10,2,14,14,4,2,19,8,6,8,22,10,2,20,16,28,10,30,2,27,33,24,12,36,8,38,2,34,16,42,12,44,10,46,6,48,4,50,2,41,53,54,16,56,20,58,6,60,4,62,2,64
364a4dc6e132cce8 0 0 1835270,12,10,2,14,14,4,2,19,8,6,8,22,10,2,20,16,28,10,30,2,27,33,24,12,36,8,38,2,34,16,42,12,44,10,46,6,48,4,50,2,41,53,54,16,56,20,58,24,60,8,62,6,64,4,66,2,68
f538e45a7d4a6c28 0 0 1376518,10,8,14,4,8,16,12,8,4,2,20,22,8,6,3,26,24,18,30,8,5,32,28,6,36,4,38,2,34,18,42,12,40,44,46,24,48,28,50,34,52,6,54
f6a1048c7e5e4040 0 0 1376518,12,2,8,2,14,16,12,10,4,2,20,23,6,4,5,26,24,18,30,8,32,2,8,34,28,8,38,6,36,18,42,12,44,10,46,8,48,2,41,50,52,24,54
c880e8a0880028a0 0 0 1245446,12,10,14,8,16,2,4,18,8,4,22,2,12,8,26,4,25,28,2,6,30,20,34,4,9,36,38,20,32,40,42,20,44,30,46,38,48,4,50
bd76040c0d7ab400 0 0 1507590,12,8,9,15,12,10,4,2,18,21,6,4,5,24,8,2,22,16,30,8,29,33,26,8,36,6,38,2,34,16,42,12,44,10,46,8,40,49,50,16,52,22,54,10,56,8,59
c0eafd82fda8c0c0 0 0 1507590,12,2,8,2,14,16,12,10,4,2,20,23,6,4,5,26,24,18,30,8,32,2,8,34,28,8,38,6,36,18,42,12,44,10,46,8,48,2,41,50,52,24,54,28,56,6,58
674676e0898adce0 0 0 1048838,8,6,14,2,12,16,12,10,4,20,6,4,24,2,2,26,14,4,22,18,32,12,30,34,36,18,28,38,40,18,42,36,44
24f11fe0d104ea40 0 0 1638662,12,8,9,15,12,10,4,2,18,21,6,4,5,24,8,2,22,16,30,8,29,33,26,8,36,6,38,2,34,16,42,12,44,10,46,8,40,49,50,16,52,22,54,26,56,10,58,8,60,6,63
6ac7e5c4cc4cece0 0 0 1638662,12,6,14,2,2,16,12,4,20,2,2,23,10,8,26,6,26,28,24,18,32,10,34,6,10,36,30,12,40,8,42,6,44,2,38,18,48,12,50,6,52,4,46,55,56,18,58,24,60,2,62
63c3521c1bb80a48 0 0 2097414,12,6,14,2,2,16,12,4,20,2,2,23,10,8,26,6,28,4,26,4,30,32,10,4,24,18,38,10,40,6,42,4,37,45,34,12,48,8,50,2,46,18,54,12,56,6,58,4,53,61,62,18,64,24,66,34,68,10,70,8,72,4,74,2,76
728020802f888288 0 0 1245446,8,4,2,14,12,8,12,6,18,20,10,6,24,2,9,26,22,16,30,2,7,32,28,12,36,10,34,16,40,12,42,8,44,2,38,46,48,16,50
d7cdc7783228c888 0 0 1376518,8,6,4,14,12,8,18,2,12,20,10,8,24,4,26,2,9,28,22,16,32,4,3,34,30,12,38,10,36,16,42,12,44,4,40,46,48,16,50,22,52,12,54
e8f58800b56840c8 0 0 1638662,8,6,4,2,14,17,12,8,20,2,12,22,10,4,9,26,24,18,30,4,32,2,3,35,28,12,38,10,40,8,36,18,44,12,46,4,48,2,43,51,52,24,54,28,56,12,58,10,60,4,62
2a39b3008a0a8000 0 0 1638662,8,6,14,4,16,2,2,18,12,8,22,4,24,2,13,26,10,2,9,30,4,2,28,20,36,2,34,38,32,12,42,10,44,8,46,4,48,2,40,20,52,12,54,2,50,57,58,28,60,40,62
96e92fb6a9924a68 0 0 1638662,8,6,4,14,12,8,18,4,20,2,13,22,10,4,9,26,4,2,24,16,32,4,30,34,28,12,38,10,40,8,42,4,44,2,36,16,48,12,50,4,46,53,54,16,56,24,58,36,60,4,62
d8c868383c687c68 0 0 1835270,8,6,14,4,16,2,2,18,12,8,22,4,24,2,13,26,10,2,9,30,4,2,28,20,36,2,34,38,32,12,42,10,44,8,46,4,48,2,40,20,52,12,54,2,50,57,58,28,60,32,62,40,64,10,66,2,68
cb200220eba082a0 0 0 1704198,8,6,2,14,12,8,18,4,20,2,13,22,10,2,9,26,4,2,24,16,32,2,30,34,28,12,38,10,40,8,42,4,44,2,36,16,48,12,50,2,46,53,54,16,56,24,58,28,60,36,62,10,64
e6a4dc6866e49c28 0 0 1704198,12,10,14,4,2,16,12,6,12,4,22,2,21,25,8,6,28,4,7,30,26,18,34,2,5,36,32,12,40,8,42,6,38,18,46,12,48,6,50,2,45,53,54,26,56,32,58,12,60,8,62,6,65
4f5b93cc81ca8888 0 0 1573126,12,10,14,4,2,16,12,6,12,4,21,22,8,4,26,2,7,28,4,2,24,18,34,2,32,36,30,12,40,8,38,18,44,12,46,6,48,2,42,51,52,18,54,24,56,30,58,8,60
7af07ada329a62e0 0 0 1507590,12,10,14,4,16,2,2,18,12,4,22,2,12,6,24,26,8,6,7,30,28,20,34,2,5,36,32,12,40,8,42,2,38,20,46,12,48,4,44,50,52,28,54,38,56,2,58
4c5cea382322f4c8 0 0 1638662,12,10,14,4,16,2,2,18,12,4,22,2,12,6,24,26,8,6,7,30,28,20,34,2,5,36,32,12,40,8,42,2,38,20,46,12,48,4,44,50,52,28,54,32,56,38,58,8,60,2,62
29a01022a8a68a48 0 0 1507590,12,10,2,14,12,4,18,2,12,6,20,22,8,6,7,26,24,16,30,2,5,32,28,12,36,8,38,2,34,16,42,12,44,4,40,46,48,16,50,24,52,28,54,34,56,8,58
82dfa020082a8080 0 0 1048838,8,6,14,2,12,16,12,10,4,20,6,4,24,2,2,26,14,4,22,18,32,12,30,34,36,18,28,38,40,22,42,36,44
d77a75720880aa88 0 0 917766,8,6,14,4,16,2,12,19,12,10,4,22,2,6,24,20,28,12,15,30,32,20,26,34,36,26,38,32,40
c8993f0c0c6ec8c8 0 0 1442054,12,4,8,6,16,2,14,18,12,10,22,2,4,24,6,4,28,2,2,30,16,4,26,20,36,12,38,4,34,40,42,20,32,44,46,20,48,32,50,42,52,4,54,2,56
299697788dd49660 0 0 1442054,10,6,4,2,14,17,10,4,20,2,20,22,10,8,26,4,28,2,8,2,30,32,24,18,36,10,38,8,5,41,34,12,44,10,46,4,42,18,50,8,52,4,49,55,56
fc54105453404040 0 0 1704198,8,6,4,2,14,17,8,4,20,2,8,2,22,24,10,8,28,4,30,2,10,4,32,34,26,18,38,10,40,8,3,43,36,12,46,8,48,2,44,18,52,10,54,2,51,57,58,18,60,8,62,6,64
ee80c04051408080 0 0 1704198,8,6,4,2,14,17,8,4,20,2,8,2,22,24,10,8,28,4,30,2,10,4,32,34,26,18,38,10,40,8,3,43,36,12,46,8,48,2,44,18,52,10,54,2,51,57,58,26,60,8,62,2,64
f28244c4f6105640 0 0 1835270,8,6,14,2,4,2,17,19,8,4,22,2,8,2,24,26,10,8,30,4,32,2,10,4,34,36,28,20,40,10,42,8,3,45,38,12,48,8,50,2,46,20,54,10,56,2,53,59,60,20,62,28,64,6,66,4,69
270810409b4460c0 0 0 1638662,10,6,4,2,14,17,10,4,20,2,20,22,10,8,26,4,28,2,8,2,30,32,24,18,36,10,38,8,5,41,34,12,44,10,46,4,42,18,50,8,52,4,49,55,56,34,58,8,60,2,62
44719bfe68083808 0 0 1769734,10,6,14,2,4,2,17,19,10,4,22,2,22,24,10,8,28,2,8,4,32,2,31,35,26,20,38,10,40,8,42,4,5,44,36,12,48,10,50,4,46,20,54,8,53,56,58,20,60,36,62,8,64,6,66
e7ce4c3237eec648 0 0 1835270,10,6,4,2,14,17,10,4,20,2,20,22,10,8,26,4,28,2,8,2,30,32,24,18,36,10,38,8,5,41,34,12,44,10,46,4,42,18,50,8,52,4,49,55,56,24,58,34,60,10,62,8,64,4,66,2,68
a81b2a0ac44ee6a0 0 0 1900806,10,6,4,2,14,17,10,4,20,2,20,22,10,8,26,2,8,4,30,2,29,33,24,18,36,10,38,8,40,4,5,42,34,12,46,10,48,4,44,18,52,8,51,54,56,18,58,24,60,34,62,10,64,8,66,6,68,2,71
d052a0d258527288 0 0 1573126,12,4,3,14,12,10,18,2,12,20,6,4,24,2,6,2,27,29,22,16,32,6,34,4,11,36,30,8,40,6,42,2,38,16,46,12,48,6,50,4,45,52,54,16,56,12,58,4,60
7a18645cc1606460 0 0 1704198,12,10,14,4,16,2,3,18,12,2,14,22,6,4,6,2,27,29,24,20,32,6,34,4,36,2,11,38,30,8,40,20,44,12,46,10,48,6,50,4,52,2,42,54,56,20,58,24,60,10,62,4,64
93b562624a6c4488 0 0 1638662,12,10,14,4,16,2,16,18,12,2,10,22,8,6,7,26,10,2,24,20,32,10,34,4,36,2,30,38,28,12,42,8,44,2,40,20,48,12,50,10,52,2,47,54,56,20,58,12,60,10,62
ff8080d6f4dede88 0 0 1507590,12,10,14,2,15,17,10,4,20,2,13,22,8,6,7,26,24,18,30,10,20,32,28,12,36,8,34,18,40,12,42,10,44,4,46,2,38,49,50,24,52,10,54,4,56,2,58
9b92929256282828 0 0 1638662,12,10,14,2,15,17,10,4,20,2,13,22,8,6,7,26,24,18,30,10,20,32,28,12,36,8,34,18,40,12,42,10,44,4,46,2,38,49,50,24,52,28,54,10,56,8,58,4,60,2,62
fdd80a285772aa88 0 0 1966342,10,4,8,4,16,2,14,19,12,8,22,4,24,2,2,26,8,2,2,30,6,2,28,20,36,10,38,8,40,6,42,4,44,2,34,46,32,8,50,4,48,20,54,8,56,6,58,4,60,2,53,63,64,20,66,28,68,8,70,4,73
375af70892f002a8 0 0 1573126,12,4,8,6,16,2,14,18,12,10,22,8,24,6,26,2,4,28,6,4,32,2,2,34,16,4,30,20,40,12,42,4,38,44,46,20,36,48,50,30,52,36,54,46,56,4,58,2,60
dafff5e4800048c0 0 0 983302,12,4,14,2,12,17,8,6,20,4,12,10,22,24,2,6,26,18,30,12,21,32,34,18,28,36,38,34,40,12,42
65238a201254a8a8 0 0 1048838,12,4,14,2,12,17,8,6,20,4,12,10,22,24,2,6,26,18,30,12,21,32,34,18,28,36,38,26,40,34,42,12,44
12c848c8c7c8c8c8 0 0 1114374,12,4,14,2,12,17,8,6,20,4,12,10,22,24,2,6,26,18,30,12,21,32,34,18,28,36,38,18,40,26,42,34,44,12,46
1d4062dca3dcdc40 0 0 1048838,12,4,14,2,12,17,8,6,20,4,12,10,22,24,2,6,26,18,30,12,21,32,34,18,28,36,38,28,40,34,42,12,44
e21a2e923d866868 0 0 1114374,12,4,14,2,12,17,8,6,20,4,12,10,22,24,2,6,26,18,30,12,21,32,34,18,28,36,38,26,40,28,42,34,44,12,46
f772800077728888 0 0 1376518,10,8,14,4,12,16,12,4,2,20,6,8,10,4,26,2,22,18,30,12,32,10,34,8,36,4,38,2,28,40,24,12,42,18,46,8,44,48,50,22,52,24,54
9182c4883182c488 0 0 1900806,12,6,14,4,16,2,10,18,12,8,22,6,24,4,22,4,26,29,4,2,4,32,10,6,30,20,38,12,40,4,42,2,37,45,34,6,48,4,46,20,52,12,54,10,56,8,58,6,60,2,51,62,64,30,66,8,68,4,71
b1cb8f2a39bcda80 0 0 1704198,10,6,14,4,12,16,12,8,20,6,20,4,22,24,3,4,26,18,30,12,32,6,34,4,10,36,28,6,38,18,42,12,44,10,46,8,48,4,50,2,40,53,54,18,56,26,58,12,60,8,62,6,64
f2d8589c9b6c4628 0 0 1638662,12,10,14,2,10,17,14,8,20,2,20,23,5,6,10,2,24,18,30,12,32,10,29,34,26,6,38,2,36,18,42,12,44,8,46,4,41,49,50,24,52,36,54,12,56,8,58,4,60,2,63
d36a8e6a3dc060c0 0 0 2097414,10,6,6,4,14,17,12,8,20,2,20,6,24,2,22,26,10,8,30,6,32,4,6,34,16,2,28,18,40,10,42,8,44,2,39,47,36,2,48,18,52,10,54,8,56,6,58,4,50,60,62,18,64,28,66,12,68,10,70,8,72,6,74,2,76
fec0506cfac45468 0 0 1442054,12,6,12,14,10,6,6,2,18,20,10,8,24,2,6,26,6,4,30,2,22,16,34,10,36,6,38,4,32,40,28,6,44,2,42,16,46,48,50,22,52,28,54,6,56
fdd7ec46022802a8 0 0 1638662,6,10,12,6,16,4,18,2,12,20,6,4,24,2,10,8,28,6,26,30,6,2,22,14,36,10,38,8,40,2,34,42,32,2,44,14,48,10,50,8,52,6,46,54,56,14,58,32,60,2,62
d944e4b4cd78cc88 0 0 1638662,10,8,6,4,14,17,12,8,20,6,20,22,10,2,6,26,16,2,24,18,32,10,34,6,36,4,31,39,28,2,40,18,44,10,46,2,42,48,50,18,52,24,54,28,56,12,58,10,60,2,62
0302ab800002a880 0 0 1638662,10,6,14,2,8,16,12,10,2,20,8,4,24,2,2,26,6,4,22,18,32,10,34,8,36,2,30,38,28,8,42,2,40,18,46,8,48,6,50,4,52,2,44,54,56,28,58,8,60,2,62
b2e0a28032602200 0 0 2031878,12,6,10,14,12,8,18,6,20,2,21,22,5,6,10,2,24,16,30,12,32,6,34,2,29,37,26,6,40,2,38,16,44,12,46,10,48,8,50,6,52,4,43,54,56,16,58,24,60,38,62,12,64,10,66,8,68,6,70,4,72,2,74
169c29ac51d462e8 0 0 1442054,10,8,10,14,12,6,18,2,18,20,6,4,4,24,22,16,28,10,30,2,4,32,26,4,36,2,34,16,40,12,42,10,44,8,46,4,38,48,50,22,52,12,54,6,56
d17f011089bea028 0 0 1638662,6,4,12,10,16,8,18,4,20,2,14,22,10,8,10,26,8,4,2,31,14,2,28,24,36,8,38,6,40,4,34,42,32,8,46,2,44,24,50,12,52,8,54,2,48,57,58,28,60,10,62
b600e672c65a9628 0 0 1769734,6,2,12,10,16,4,14,18,10,4,10,8,24,4,26,2,22,29,8,4,32,2,2,34,30,20,38,8,40,6,6,43,36,8,44,20,48,12,50,8,52,4,54,2,47,56,58,20,60,30,62,12,64,4,66
d240c8405a404040 0 0 1507590,8,10,12,10,16,4,2,18,8,4,2,23,6,2,20,14,28,10,30,8,32,6,34,4,26,37,24,8,40,2,38,14,44,8,46,6,42,48,50,14,52,24,54,8,56,2,58
c818a2420aaa1888 0 0 2031878,8,6,14,2,12,8,18,4,20,2,16,23,12,10,26,4,4,28,14,4,32,2,8,4,36,2,34,38,4,2,30,24,44,6,46,4,48,2,43,51,40,12,54,8,56,2,52,24,60,12,62,8,64,4,59,66,68,24,70,40,72,12,75
2cc2e4820e684e28 0 0 1573126,12,6,12,14,10,6,6,2,18,20,10,8,24,2,6,26,6,4,30,2,22,16,34,10,36,6,38,4,32,40,28,6,44,2,42,16,46,48,50,16,52,22,54,28,56,12,58,6,60
04140aea14043020 0 0 1507590,12,10,14,4,16,2,4,18,12,2,12,22,8,6,7,26,4,2,24,20,32,12,34,4,36,2,30,38,28,12,42,8,44,2,40,20,48,2,47,50,52,20,54,24,56,12,58
e8c28a20200a42e8 0 0 1507590,12,6,14,4,16,2,6,2,18,20,12,8,24,6,26,4,6,28,4,2,2,32,30,22,36,12,38,10,10,40,34,2,42,22,46,10,48,2,44,50,52,22,54,30,56,2,58
47aec8ae74c8c8c8 0 0 1376518,12,8,4,2,14,16,12,10,20,8,4,22,2,7,8,6,24,18,30,12,32,4,29,34,26,2,36,18,40,8,42,6,44,2,38,47,48,36,50,12,52,4,54
808d6a32fff23068 0 0 1704198,12,8,14,4,4,2,16,18,12,10,22,8,24,2,4,26,6,4,2,30,8,6,34,4,28,20,38,12,36,40,32,2,42,20,46,8,48,6,50,4,52,2,44,54,56,28,58,42,60,4,62,2,64
8374876cd6b89628 0 0 1507590,12,8,4,2,14,16,12,10,20,8,4,22,2,7,8,6,24,18,30,12,32,4,29,34,26,2,36,18,40,8,42,6,44,2,38,47,48,26,50,36,52,12,54,4,56,2,58
1333163c42121248 0 0 1704198,12,8,4,2,14,16,12,10,20,8,4,22,6,4,2,26,8,6,30,4,24,18,34,12,36,4,32,38,28,2,40,18,44,8,46,6,48,4,50,2,42,52,54,24,56,28,58,40,60,4,62,2,64
a227218827a254a8 0 0 2031878,8,2,12,8,16,2,14,19,12,6,22,2,16,6,26,2,25,29,6,4,32,2,2,35,10,8,38,2,30,20,42,12,44,10,46,8,48,4,40,50,36,6,52,20,56,10,58,8,60,6,62,2,54,64,66,30,68,12,70,8,72,2,75
d542aab8217aae80 0 0 2097414,8,2,12,8,16,2,14,19,12,6,22,2,16,6,26,2,25,29,6,4,32,2,2,35,10,8,38,2,30,20,42,12,44,10,46,8,48,4,40,50,36,6,52,20,56,10,58,8,60,6,62,2,54,64,66,30,68,36,70,12,72,8,74,2,77
0c29412834c63e80 0 0 1966342,8,2,12,10,14,17,16,8,20,6,16,6,22,24,6,4,28,2,2,31,10,8,34,2,26,18,38,12,40,4,42,2,36,45,32,6,46,18,50,10,52,8,54,6,56,2,49,59,60,18,62,26,64,46,66,12,68,8,70,2,73
52509f18c1c08400 0 0 2031878,8,2,12,10,14,17,16,8,20,6,16,6,22,24,6,4,28,2,2,31,10,8,34,2,26,18,38,12,40,4,42,2,36,45,32,6,46,18,50,10,52,8,54,6,56,2,49,59,60,18,62,26,64,32,66,46,68,12,70,8,72,2,75
e996860a6dee3888 0 0 1900806,12,4,12,8,16,4,14,19,12,6,22,4,24,2,16,6,28,4,26,31,6,4,34,2,2,37,10,8,40,4,42,2,32,20,46,10,44,48,38,6,50,20,54,10,56,8,58,6,60,4,62,2,52,64,66,20,68,6,70
f0fac170d07a6e80 0 0 1900806,12,4,12,8,16,6,18,4,14,20,12,6,24,4,26,2,16,4,28,30,6,4,34,2,2,37,10,8,40,6,42,4,32,22,46,10,48,2,44,51,38,6,52,22,56,10,58,8,60,4,54,62,64,22,66,32,68,6,70
5a1a54a48494a808 0 0 1966342,12,8,14,4,12,4,17,18,14,6,22,4,12,6,26,4,28,2,25,30,6,4,2,35,10,8,38,4,40,2,32,20,44,10,42,46,36,6,50,2,48,20,54,10,56,8,58,6,60,4,52,62,64,20,66,36,68,6,70,2,72
363f2f62dc900008 0 0 2097414,12,8,14,6,16,4,12,4,18,20,14,4,12,6,26,4,28,2,24,30,6,4,2,35,10,8,38,6,40,4,32,22,44,10,46,2,42,49,36,6,52,2,50,22,56,10,58,8,60,4,62,2,54,64,66,22,68,32,70,36,72,6,74,2,76
130c2d78c34a3ea8 0 0 2097414,12,4,12,8,16,4,15,18,12,6,22,4,16,6,26,4,28,2,24,31,10,6,34,2,2,36,10,8,40,4,42,2,32,20,46,4,48,2,44,50,38,6,54,2,52,20,58,10,60,8,62,6,64,4,57,67,68,52,70,10,72,6,74,4,77
8740b918fd3a0260 0 0 2031878,12,10,14,8,16,6,18,4,14,4,20,22,16,4,26,2,14,6,30,4,29,33,6,4,2,36,10,8,40,6,42,2,34,24,46,10,48,4,50,2,44,53,38,6,54,24,58,10,60,8,62,2,57,65,66,34,68,54,70,10,72,6,74
e6af66064d5e9808 0 0 2425094,12,6,14,4,16,2,12,8,20,6,22,4,18,25,12,4,28,2,20,4,32,2,31,34,10,6,38,2,2,40,10,8,44,4,36,26,48,4,50,2,46,52,42,6,56,2,54,26,60,10,62,8,64,6,66,4,68,2,59,71,72,26,74,36,76,54,78,10,80,6,82,4,84,2,87
04551f1c80d20808 0 0 2162950,12,8,14,4,12,4,16,19,14,6,22,4,24,2,12,6,28,4,27,30,10,6,2,34,10,8,38,4,40,2,32,20,44,4,46,2,42,48,36,6,50,20,54,10,56,8,58,6,60,4,62,2,53,65,66,36,68,50,70,10,72,6,74,4,76,2,79
ab557e2a2e7a7420 0 0 2162950,12,10,14,4,14,8,18,6,20,4,16,22,14,6,26,4,18,4,30,2,29,33,6,4,36,2,2,38,10,8,42,6,44,2,34,24,48,10,50,4,52,2,46,55,40,6,58,2,56,24,62,10,64,8,61,67,68,34,70,40,72,56,74,10,76,6,78
1fee06ac00fe2a80 0 0 2228486,12,8,14,6,16,4,12,6,20,4,22,2,19,24,14,4,28,2,12,4,32,2,30,35,10,6,2,38,10,8,42,4,36,26,46,4,48,2,44,50,40,6,52,26,56,10,58,8,60,6,62,4,55,65,66,26,68,36,70,40,72,52,74,10,76,6,78,4,81
2d0808085d888888 0 0 1638662,12,10,14,4,16,2,4,18,12,2,12,22,8,6,7,26,4,2,24,20,32,12,34,4,36,2,30,38,28,12,42,8,44,2,40,20,48,2,47,50,52,20,54,24,56,28,58,12,60,8,62
df55280ac6e6a820 0 0 2031878,10,4,12,10,16,8,14,18,10,6,22,4,2,24,10,8,28,2,14,30,26,20,34,12,36,4,4,38,32,12,42,10,44,8,46,2,40,20,50,12,52,10,54,8,56,4,58,2,48,60,62,20,64,26,66,12,68,10,70,8,72,2,74
fb4c91f862348080 0 0 2228486,10,4,12,10,16,8,18,4,14,21,10,6,24,2,2,26,10,8,30,4,32,2,14,35,28,22,38,12,40,4,4,42,36,12,46,10,48,8,50,4,52,2,44,22,56,12,58,10,60,8,62,2,55,65,66,22,68,28,70,36,72,12,74,10,76,8,78,4,81
dff5f288f872f288 0 0 1573126,4,2,12,10,16,4,15,18,12,2,13,23,8,6,7,26,24,20,30,12,32,4,5,34,28,12,38,8,40,2,36,20,44,2,42,46,48,24,50,36,52,12,54,10,56,4,58,2,60
2e5e1a9a5e2eb0c0 0 0 1704198,4,2,12,10,16,4,15,18,12,2,13,23,8,6,7,26,24,20,30,12,32,4,5,34,28,12,38,8,40,2,36,20,44,2,42,46,48,24,50,28,52,36,54,12,56,10,58,8,60,4,62,2,64
c643ce88ce88ce88 0 0 1507590,12,10,3,15,14,4,18,2,13,20,8,6,7,24,10,4,22,16,30,10,28,32,26,12,36,8,34,16,40,10,42,4,44,2,38,47,48,22,50,12,52,10,54,4,56,2,58
7838da1af848f0c0 0 0 2031878,8,2,12,10,16,8,18,2,14,20,8,6,24,4,4,26,10,4,14,30,28,22,34,12,36,8,2,38,32,12,42,10,44,8,46,4,48,2,40,22,52,12,54,10,56,8,58,4,50,60,62,22,64,28,66,40,68,12,70,10,72,8,74
f00b14b047ec7420 0 0 1638662,12,10,3,15,14,4,18,2,13,20,8,6,7,24,10,4,22,16,30,10,28,32,26,12,36,8,34,16,40,10,42,4,44,2,38,47,48,22,50,26,52,12,54,10,56,8,58,4,60,2,62
2aaa512417422888 0 0 1442054,12,4,12,10,15,16,12,2,13,21,8,6,7,24,10,4,28,2,22,18,32,4,31,34,26,12,38,8,36,18,42,2,40,44,46,18,48,22,50,12,52,10,54,2,57
b494b26891946868 0 0 1900806,8,4,14,2,12,10,17,18,8,6,22,4,4,2,24,27,10,8,17,30,28,20,34,12,36,8,38,4,2,41,32,12,44,10,46,4,48,2,42,20,52,12,54,10,56,4,51,59,60,32,62,42,64,12,66,10,68,4,71
c2b1c488c488c488 0 0 1573126,12,4,12,10,15,16,12,2,13,21,8,6,7,24,10,4,28,2,22,18,32,4,31,34,26,12,38,8,36,18,42,2,40,44,46,18,48,22,50,26,52,12,54,10,56,8,58,2,61
f520fee846c6fee8 0 0 1638662,12,4,14,2,12,10,18,2,17,20,12,2,12,24,8,6,7,28,10,4,32,2,26,22,36,4,38,2,35,41,30,12,44,8,42,22,48,2,47,50,52,26,54,42,56,12,58,10,60,2,62
068a8a8a2b085808 0 0 2097414,10,4,12,8,14,16,10,6,20,4,4,2,22,25,10,8,28,2,14,31,26,18,34,12,36,10,4,38,32,12,42,8,44,4,46,2,40,18,50,12,52,8,54,2,49,57,58,26,60,32,62,40,64,12,66,10,68,8,70,6,72,4,74,2,77
6228668828622c68 0 0 1769734,12,4,14,2,12,10,18,2,17,20,12,2,12,24,8,6,7,28,10,4,32,2,26,22,36,4,38,2,35,41,30,12,44,8,42,22,48,2,47,50,52,26,54,30,56,42,58,12,60,10,62,8,64,2,66
a9da5a5e34043880 0 0 2162950,10,4,12,10,16,8,18,4,14,20,10,6,24,4,2,26,8,2,14,30,28,22,34,12,36,10,4,38,32,12,42,10,44,8,46,4,48,2,40,22,52,12,54,10,56,8,58,2,50,60,62,22,64,28,66,32,68,40,70,12,72,10,74,8,76,2,78
f29c13b68c848c40 0 0 1835270,12,10,14,2,8,17,8,2,14,6,22,2,20,25,6,4,2,28,10,8,32,4,34,2,26,18,38,10,40,8,42,2,36,44,30,6,46,18,50,10,52,8,54,6,56,4,58,2,48,60,62,18,64,8,66,6,68
71765bb0525a88a0 0 0 1769734,8,2,12,10,16,8,18,6,20,2,14,23,8,19,6,4,28,2,2,30,10,8,34,4,26,24,38,10,40,8,36,42,32,6,46,2,44,24,50,10,52,8,54,6,56,4,58,2,48,60,62,26,64,6,66
a755822ac96ea008 0 0 1966342,8,6,12,10,16,8,18,6,15,20,14,2,18,2,25,26,6,4,30,2,2,32,10,8,36,6,38,4,28,22,42,10,44,8,46,6,40,48,34,6,52,2,50,22,56,10,58,8,60,4,62,2,54,64,66,22,68,28,70,6,72
546960f6a6f292c8 0 0 2031878,12,10,14,8,16,2,8,18,8,2,16,6,22,24,6,4,28,2,2,30,10,8,34,4,36,2,26,20,40,10,42,8,44,2,38,46,32,6,50,2,48,20,54,10,56,8,58,6,60,4,52,62,64,20,66,32,68,8,70,6,72,2,74
cd33dd50ce2eacc0 0 0 1507590,8,2,12,10,16,6,14,18,8,16,6,4,2,24,10,8,28,4,22,20,32,10,34,8,30,36,26,6,38,20,42,10,44,8,46,6,48,4,40,50,52,22,54,26,56,6,58
f0161336e5a68660 0 0 1704198,8,6,12,10,15,16,14,2,16,6,21,22,6,4,2,26,10,8,30,6,32,4,24,18,36,10,38,8,40,6,34,42,28,6,44,18,48,10,50,8,52,4,46,54,56,18,58,24,60,28,62,6,64
007f10d081ba64e0 0 0 1900806,12,4,14,2,8,16,8,2,12,6,22,4,20,25,6,4,2,29,10,8,32,4,34,2,26,18,38,10,40,8,36,42,30,6,46,2,44,18,50,10,52,8,54,6,56,4,49,59,60,44,62,10,64,8,66,6,68,4,71
871c7cd47cd4ae60 0 0 2162950,8,6,12,8,16,6,18,4,20,2,15,22,14,2,16,4,28,2,27,31,6,4,34,2,2,37,10,8,40,6,42,2,32,24,46,10,48,8,50,6,52,4,44,54,38,6,56,24,60,10,62,8,64,2,59,67,68,32,70,56,72,10,74,6,76,2,78
4b8966648746f6c8 0 0 2228486,12,8,14,4,16,2,8,19,8,2,14,6,24,4,26,2,22,28,6,4,32,2,2,35,10,8,38,4,40,2,30,20,44,10,46,8,42,48,36,6,50,20,54,10,56,8,58,6,60,4,62,2,53,65,66,36,68,50,70,10,72,8,74,6,76,4,78,2,81
250c0b2e5a6a7448 0 0 1900806,12,10,14,8,16,6,8,4,18,21,12,6,24,4,20,2,26,29,6,4,2,32,30,22,36,8,38,6,40,4,42,2,9,45,34,2,46,22,50,8,52,2,48,55,56,30,58,46,60,12,62,10,64,8,66,4,68,2,71
f915758a57a0a6e8 0 0 1507590,12,8,14,4,12,2,17,18,12,10,4,2,22,25,6,4,8,29,26,20,32,12,34,6,36,4,4,38,30,12,42,4,40,20,46,12,45,49,50,20,52,12,54,8,56,4,59
c5a7a5d6acb61468 0 0 1900806,12,8,14,6,16,4,12,6,20,4,18,22,12,10,4,2,26,29,8,4,32,2,6,4,35,37,30,24,40,12,42,2,4,44,38,12,48,6,50,2,46,24,54,12,56,6,58,4,60,2,53,63,64,30,66,10,68,8,70
911e99e6e41e4680 0 0 1507590,12,8,14,4,12,2,17,18,12,10,4,2,22,25,6,4,8,29,26,20,32,12,34,6,36,4,4,38,30,12,42,4,40,20,46,12,45,49,50,20,52,30,54,12,56,4,59
36eabb6cb2646688 0 0 2097414,12,10,14,6,4,2,16,19,12,4,22,2,12,8,26,6,28,4,30,2,24,32,8,6,36,4,38,2,7,41,34,20,44,12,46,8,48,4,5,51,42,12,54,8,56,6,52,20,60,12,62,8,64,6,66,4,59,68,70,34,72,12,74,2,76
ef4dfd287d0ac0c0 0 0 2097414,12,10,14,8,4,16,12,8,20,6,22,4,24,2,12,6,28,4,27,30,8,4,34,2,6,2,37,39,4,2,32,18,44,12,46,4,42,49,40,12,52,6,50,18,56,12,58,6,60,4,62,2,54,64,66,32,68,40,70,8,72,4,74,2,77
e88ce5a4f0d0f208 0 0 1638662,8,6,14,4,16,2,5,18,8,2,12,6,24,4,23,26,10,4,23,31,28,20,34,12,36,10,38,8,3,41,32,12,44,6,42,20,48,12,50,6,52,2,47,54,56,20,58,8,60,2,62
520f2f820cd20628 0 0 2228486,8,6,14,4,16,2,4,2,18,20,8,2,12,8,26,6,28,4,25,30,10,8,34,4,36,2,25,38,32,22,42,12,44,10,46,8,3,49,40,12,52,8,54,6,56,2,50,22,60,12,62,8,64,6,58,67,68,22,70,32,72,10,74,6,76,4,78,2,80
2f12cf642b5af8e0 0 0 1704198,10,6,14,4,16,2,3,18,10,4,12,6,24,2,23,26,8,2,23,31,28,20,34,12,36,10,38,8,5,41,32,12,44,6,42,20,48,12,50,6,52,4,47,54,56,20,58,32,60,8,62,2,65
e7b0b1f20ed6f2a8 0 0 2162950,8,6,14,4,16,2,4,2,18,20,8,2,12,8,26,6,28,4,25,30,10,8,34,4,36,2,25,38,32,22,42,12,44,10,46,8,3,49,40,12,52,8,54,6,56,2,50,22,60,12,62,8,64,6,58,67,68,22,70,32,72,40,74,6,76,2,78
4f78533c781a3ec8 0 0 1638662,8,4,14,2,12,6,16,18,12,10,22,4,2,24,8,6,14,28,26,20,32,12,4,34,30,12,38,6,40,2,36,20,44,12,46,6,48,4,50,2,42,52,54,36,56,12,58,6,60,2,62
623992286bb89228 0 0 1769734,8,4,14,2,12,6,16,18,12,10,22,4,2,24,8,6,14,28,26,20,32,12,4,34,30,12,38,6,40,2,36,20,44,12,46,6,48,4,50,2,42,52,54,30,56,36,58,12,60,8,62,6,64,2,66
393b082a8280a280 0 0 1704198,12,8,14,4,14,6,18,4,16,20,8,6,3,24,10,8,28,6,30,4,6,32,6,4,36,2,26,22,40,8,42,4,38,45,34,2,46,22,49,50,52,26,54,34,56,46,58,12,60,4,62,2,64
7baeaeae51848448 0 0 1507590,12,10,14,2,14,16,4,2,10,20,8,6,8,24,22,18,28,2,2,30,26,12,34,8,32,18,38,12,40,10,42,4,44,2,36,46,48,18,50,26,52,12,54,10,56,8,58
6625212621261420 0 0 1442054,12,4,14,2,3,16,10,4,12,20,8,6,8,24,20,2,22,18,30,12,32,4,29,35,26,12,38,8,40,2,36,18,44,10,46,4,48,2,43,51,52,22,54,4,56
c6f79ae02d949ae0 0 0 1573126,12,4,14,2,3,16,10,4,12,20,8,6,8,24,20,2,22,18,30,12,32,4,29,35,26,12,38,8,40,2,36,18,44,10,46,4,48,2,43,51,52,22,54,26,56,8,58,4,60
0110101ad34a4a40 0 0 1376518,12,10,14,2,13,16,12,8,20,2,20,23,6,4,6,26,24,18,30,10,32,2,10,35,28,8,38,6,36,18,42,8,44,2,41,46,48,18,50,10,52,2,54
8f35f8baa8b28a68 0 0 1310982,12,10,12,14,12,8,18,2,19,20,6,4,6,24,10,2,22,16,30,10,29,32,26,8,36,6,38,2,34,16,42,8,40,45,46,16,48,22,50,12,52
f0123644f01ef648 0 0 1900806,8,6,14,4,16,2,13,18,8,4,2,23,10,8,8,26,6,4,30,2,24,20,34,12,36,8,38,6,40,4,42,2,32,45,28,12,48,8,50,2,46,20,54,12,56,8,58,4,53,60,62,20,64,8,66,6,68,2,70
3c88e8d83cb828e8 0 0 1769734,8,6,14,4,16,2,12,2,18,20,8,4,2,25,10,8,8,28,6,4,32,2,26,22,36,12,38,8,40,6,42,4,34,44,30,12,48,8,46,22,52,12,54,8,56,4,58,2,50,61,62,22,64,26,66
d758ec36a7287aa0 0 0 1900806,8,6,14,4,16,2,13,18,8,4,2,23,10,8,8,26,6,4,30,2,24,20,34,12,36,8,38,6,40,4,42,2,32,45,28,12,48,8,50,2,46,20,54,12,56,8,58,4,53,60,62,20,64,28,66,6,68,2,70
0a8f7d7087461e20 0 0 1900806,8,6,14,4,16,2,12,2,18,20,8,4,2,25,10,8,8,28,6,4,32,2,26,22,36,12,38,8,40,6,42,4,34,44,30,12,48,8,46,22,52,12,54,8,56,4,58,2,50,61,62,22,64,26,66,30,68,8,70
dcc0ee00662054e0 0 0 2228486,8,6,14,4,12,6,18,2,17,20,8,4,6,4,26,2,25,28,10,2,8,32,30,22,36,12,38,8,40,4,42,2,27,45,34,12,48,8,50,4,46,22,54,12,56,8,58,6,60,4,62,2,52,65,66,22,68,30,70,46,72,12,74,8,76,4,78,2,81
01ad04088bd22e88 0 0 2097414,8,6,14,4,16,2,12,6,18,21,8,4,6,4,25,27,10,2,8,30,26,2,28,22,36,12,38,8,40,4,42,2,34,45,32,12,48,8,50,4,46,22,54,12,56,8,58,6,60,4,52,62,64,28,66,32,68,46,70,12,72,8,74,4,77
b018f2f09018e2c0 0 0 1769734,12,6,14,4,12,8,18,2,16,20,8,2,4,25,10,8,28,4,8,30,6,4,34,2,26,22,38,8,40,6,42,4,44,2,36,46,32,12,50,4,52,2,48,22,56,12,54,59,60,26,62,12,64,8,66
eb90c110a4e00ee0 0 0 1704198,12,8,14,6,12,2,17,18,8,2,4,23,10,4,8,26,6,2,24,20,32,8,34,6,36,2,31,39,28,12,42,8,44,4,46,2,40,20,50,12,52,8,48,55,56,20,58,24,60,12,62,2,64
cb4174de800aca60 0 0 2097414,12,10,14,6,16,2,3,18,12,6,9,22,4,2,6,26,8,2,24,20,32,12,34,10,36,8,38,6,40,2,30,43,28,8,46,6,44,20,50,12,52,10,54,8,56,6,58,4,49,61,62,20,64,24,66,28,68,10,70,8,72,6,74,4,77
01f221a8bf403a40 0 0 1835270,12,6,14,4,12,8,18,2,16,20,8,2,4,2,25,27,10,4,30,2,8,32,6,4,36,2,28,22,40,8,42,6,44,4,46,2,38,48,34,12,52,4,50,22,56,12,55,59,60,28,62,34,64,12,66,8,68
b1012be2b2201400 0 0 1966342,12,8,14,6,12,4,17,18,8,4,4,2,23,25,10,8,28,4,30,2,8,32,6,4,26,20,38,8,40,6,42,4,37,45,34,12,48,8,50,2,46,20,54,12,56,8,53,59,60,20,62,26,64,34,66,12,68,8,70,4,72
b59c7d82634a6868 0 0 1900806,12,8,14,4,16,2,12,6,19,21,8,6,6,2,25,27,10,4,8,30,6,4,34,2,28,22,38,8,40,6,42,4,44,2,36,46,32,12,50,8,52,2,48,22,56,12,58,8,54,60,62,28,64,48,66,12,68,2,71
90b76272a6905260 0 0 1507590,8,6,12,6,16,2,14,18,4,12,10,6,2,24,14,4,28,2,22,20,32,12,34,8,36,2,30,38,26,6,40,20,44,12,46,6,48,4,50,2,42,52,54,22,56,6,58
862269286822d888 0 0 1573126,8,6,12,8,16,2,14,18,4,12,10,8,2,24,14,4,28,2,22,20,32,12,34,6,36,2,30,38,26,8,40,20,44,12,46,8,48,4,50,2,42,52,54,22,56,26,58,8,60
531b6260468642c8 0 0 1638662,12,8,14,4,7,16,12,4,4,21,10,8,24,4,2,26,6,4,30,2,22,18,34,12,36,8,38,6,40,4,33,43,28,8,46,2,44,18,50,12,52,8,49,54,56,44,58,8,60,4,62
80721b724e808080 0 0 2097414,12,10,14,6,16,2,10,4,18,20,6,2,12,6,26,2,25,29,10,8,32,4,6,34,20,2,30,22,40,12,42,6,44,4,46,2,39,48,36,12,52,10,54,4,56,2,50,22,60,10,62,6,64,4,66,2,59,69,70,30,72,12,74,2,77
622db2d419de6688 0 0 1835270,12,10,14,2,10,4,18,2,16,21,6,2,12,25,10,8,28,6,30,4,6,32,26,22,36,12,38,4,18,41,34,12,44,10,46,6,48,4,50,2,42,22,54,10,56,6,58,4,53,60,62,22,64,26,66,6,68
8d8616e0600e8ce0 0 0 2162950,12,10,14,6,16,2,10,4,18,20,6,2,12,6,26,2,25,29,10,8,32,4,6,34,20,2,30,22,40,12,42,6,44,4,46,2,39,48,36,12,52,10,54,4,56,2,50,22,60,10,62,6,64,4,66,2,59,69,70,30,72,36,74,12,76,2,79
dd869796dcee92a0 0 0 1835270,12,10,14,2,10,4,18,2,16,21,6,2,12,25,10,8,28,6,30,4,6,32,26,22,36,12,38,4,18,41,34,12,44,10,46,6,48,4,50,2,42,22,54,10,56,6,58,4,53,60,62,22,64,26,66,34,68
9883d7e0faf0e6c0 0 0 1704198,12,10,10,4,16,2,14,19,6,2,14,6,24,4,23,27,6,8,28,20,32,12,34,4,36,2,16,39,30,12,42,2,40,20,46,10,48,6,50,4,44,52,54,28,56,40,58,6,60,4,62,2,65
45a67b547b54f640 0 0 1507590,12,10,14,4,10,2,17,18,6,2,14,6,24,2,23,27,6,8,28,20,32,12,34,4,36,2,11,39,30,12,40,20,44,10,46,6,43,49,50,20,52,28,54,40,56,2,58
33cde834b8ced408 0 0 1769734,12,10,10,4,16,2,14,19,6,2,14,6,24,4,23,27,6,8,28,20,32,12,34,4,36,2,16,39,30,12,42,2,40,20,46,10,48,6,50,4,44,52,54,28,56,30,58,40,60,6,62,4,64,2,67
e2fdf0e80d561c40 0 0 1573126,12,10,14,4,10,2,17,18,6,2,14,6,24,2,23,27,6,8,28,20,32,12,34,4,36,2,11,39,30,12,40,20,44,10,46,6,43,49,50,20,52,28,54,30,56,40,58,2,60
1e800a20bca2a208 0 0 2162950,12,6,14,4,16,2,12,4,20,2,19,23,10,4,12,8,28,6,30,4,26,32,8,6,36,4,38,2,2,40,10,6,44,4,46,2,34,24,50,6,48,52,42,8,56,6,54,24,60,12,62,10,64,2,59,67,68,24,70,12,72,6,74,4,76,2,79
28382ada9444c000 0 0 2031878,12,8,14,6,16,4,18,2,12,4,22,2,20,25,12,6,28,4,11,31,6,4,2,34,10,8,38,6,40,2,32,26,44,8,46,6,42,49,36,6,50,26,54,12,56,10,58,4,60,2,52,62,64,32,66,12,68,10,70,6,72,4,75
8e7cbf7ec7ac7ce8 0 0 1900806,12,6,14,4,16,2,12,4,20,2,19,23,12,8,26,4,11,29,8,4,2,32,10,6,36,2,30,24,40,6,39,42,34,8,44,24,48,12,50,10,52,4,54,2,46,56,58,24,60,30,62,10,64,8,66,6,68,2,70
e98ea10e1ee05aa0 0 0 1835270,12,8,14,6,16,4,18,2,12,4,22,2,20,25,10,4,12,6,30,4,28,33,6,4,2,36,10,8,40,6,42,4,44,2,34,26,48,8,50,6,47,53,38,6,54,26,58,12,60,10,62,2,56,65,66,38,68
d4800604ce8c9480 0 0 2162950,12,6,14,4,16,2,12,4,20,2,19,23,10,4,12,8,28,6,30,4,26,32,8,6,36,4,38,2,2,40,10,6,44,4,46,2,34,24,50,6,48,52,42,8,56,6,54,24,60,12,62,10,64,2,59,67,68,24,70,42,72,12,74,6,76,4,79
3fba00028e7cb240 0 0 2097414,12,8,14,6,16,4,18,2,12,4,22,2,20,25,12,6,28,4,11,31,6,4,2,34,10,8,38,6,40,2,32,26,44,8,46,6,42,49,36,6,50,26,54,12,56,10,58,4,60,2,52,62,64,32,66,36,68,12,70,10,72,6,74,4,77
d192929270785648 0 0 1966342,12,6,14,4,16,2,12,4,20,2,19,23,12,8,26,4,11,29,8,4,2,32,10,6,36,2,30,24,40,6,39,42,34,8,44,24,48,12,50,10,52,4,54,2,46,56,58,24,60,30,62,34,64,10,66,8,68,6,70,2,72
1810777a2f202a20 0 0 1769734,12,10,14,8,16,4,14,4,19,21,10,2,14,6,26,4,24,28,6,4,32,2,2,34,10,8,30,22,40,8,38,42,36,6,46,2,44,22,50,12,52,4,54,2,49,57,58,44,60,10,62,8,64,2,66
000123582f129a88 0 0 2031878,12,10,14,8,16,4,18,2,14,4,22,2,20,24,14,6,28,4,30,2,11,33,6,4,36,2,2,38,10,8,42,2,34,26,46,8,45,48,40,6,52,2,50,26,56,12,58,4,60,2,55,63,64,34,66,50,68,12,70,4,72,2,74
263762c89d0462c8 0 0 1179910,6,8,4,12,10,2,4,18,16,14,22,12,24,4,26,2,3,29,20,4,30,14,32,34,36,16,38,20,40,30,42,12,44,4,46,2,49
2292968628c86080 0 0 1966342,12,10,14,8,16,4,18,2,14,4,22,2,20,24,14,6,28,4,30,2,11,33,6,4,36,2,2,38,10,8,42,2,34,26,46,8,45,48,40,6,52,2,50,26,56,12,58,4,60,2,55,63,64,26,66,34,68,50,70,10,72
f351831071204020 0 0 1769734,12,10,14,8,16,4,14,4,19,21,10,2,14,6,26,4,24,28,6,4,32,2,2,34,10,8,30,22,40,8,38,42,36,6,46,2,44,22,50,12,52,4,54,2,49,57,58,36,60,44,62,10,64,8,66
3848387cb49e74c0 0 0 2031878,12,10,14,8,16,4,18,2,14,4,22,2,20,24,14,6,28,4,30,2,11,33,6,4,36,2,2,38,10,8,42,2,34,26,46,8,45,48,40,6,52,2,50,26,56,12,58,4,60,2,55,63,64,34,66,40,68,50,70,12,72,4,74
6348c7685268d668 0 0 2097414,12,10,14,8,16,4,18,2,14,4,22,2,20,24,14,6,28,4,30,2,11,33,6,4,36,2,2,38,10,8,42,2,34,26,46,8,45,48,40,6,52,2,50,26,56,12,58,4,60,2,55,63,64,26,66,34,68,40,70,50,72,10,74,2,76
d1312aacce2eecc0 0 0 1507590,10,6,14,4,12,6,16,19,12,4,2,23,6,8,10,4,28,2,24,20,32,12,34,10,36,4,30,39,26,12,42,2,40,20,46,6,48,4,45,50,52,20,54,10,56,6,58
60e89ccc246c1800 0 0 1638662,10,6,14,4,16,2,12,6,19,21,12,4,2,25,6,8,10,4,26,22,32,12,34,10,36,4,38,2,31,40,28,12,44,2,42,22,48,6,50,4,47,52,54,22,56,26,58,12,60,10,63
119e992644f46a80 0 0 1573126,10,6,14,4,12,6,16,19,12,4,2,23,6,8,10,4,28,2,24,20,32,12,34,10,36,4,30,39,26,12,42,2,40,20,46,6,48,4,45,50,52,20,54,26,56,10,58,6,60
d3319c14e33e0a28 0 0 1704198,10,6,14,4,16,2,12,6,19,21,12,4,2,25,6,8,10,4,26,22,32,12,34,10,36,4,38,2,31,40,28,12,44,2,42,22,48,6,50,4,47,52,54,22,56,26,58,28,60,12,62,10,65
96f810e87f4410e8 0 0 1704198,10,6,14,4,12,10,18,6,20,4,16,22,12,6,26,4,2,28,10,8,32,4,6,34,10,4,38,2,30,24,42,12,40,44,36,12,48,10,50,4,52,2,46,24,56,10,54,58,60,46,62,4,64
ba74012e01b880a0 0 0 2228486,10,6,14,4,16,2,12,10,20,4,19,22,12,4,26,2,2,29,10,8,32,6,34,4,6,36,10,4,30,24,42,12,44,6,46,2,41,49,38,12,52,10,54,6,56,4,58,2,50,24,62,10,64,2,60,67,68,30,70,50,72,12,74,10,76,6,78,2,81
583ffe1efe1e1000 0 0 1900806,10,6,14,4,12,10,18,6,20,4,16,22,12,6,26,4,2,28,10,8,32,4,6,34,10,4,38,2,30,24,42,12,40,44,36,12,48,10,50,4,52,2,46,24,56,10,54,58,60,24,62,30,64,46,66,10,68,6,70
2a842a22545c64a0 0 0 1769734,10,6,14,4,12,10,18,6,20,4,16,22,12,6,26,4,2,28,10,8,32,4,6,34,10,4,38,2,30,24,42,12,40,44,36,12,48,10,50,4,52,2,46,24,56,10,54,58,60,36,62,46,64,4,66
1c7d96f812fc0ee0 0 0 2228486,10,6,14,4,16,2,12,10,20,4,19,22,12,4,26,2,2,29,10,8,32,6,34,4,6,36,10,4,30,24,42,12,44,6,46,2,41,49,38,12,52,10,54,6,56,4,58,2,50,24,62,10,64,2,60,67,68,30,70,38,72,50,74,12,76,10,78,2,81
027b547696469648 0 0 1966342,10,6,14,4,12,10,18,6,20,4,16,22,12,6,26,4,2,28,10,8,32,4,6,34,10,4,38,2,30,24,42,12,40,44,36,12,48,10,50,4,52,2,46,24,56,10,54,58,60,24,62,30,64,36,66,46,68,10,70,6,72
49e469b494d84488 0 0 1704198,12,10,12,4,14,16,12,6,2,20,8,6,24,4,26,2,6,28,10,6,32,4,34,2,22,18,38,10,40,4,36,42,30,12,46,6,48,4,50,2,44,18,54,6,56,4,52,58,60,18,62,22,64
1dd5fd6092f0c2a0 0 0 1966342,12,10,14,2,12,4,17,18,12,6,2,22,8,6,26,4,28,2,6,30,10,6,34,4,24,20,38,10,40,4,42,2,37,45,32,12,48,6,50,4,52,2,46,20,56,6,58,4,54,60,62,20,64,32,66,12,68,6,70,4,72
a9300110e640cee0 0 0 1835270,12,10,12,4,14,16,12,6,2,20,8,6,24,4,26,2,6,28,10,6,32,4,34,2,22,18,38,10,40,4,36,42,30,12,46,6,48,4,50,2,44,18,54,6,56,4,52,58,60,18,62,22,64,30,66,6,68
24f88a0c5b227600 0 0 1376518,12,6,12,4,16,2,15,19,12,8,2,22,4,10,24,20,28,6,30,4,32,2,6,34,26,12,36,20,40,8,42,4,44,2,39,47,48,36,50,8,52,6,54
470410fefbb8cae8 0 0 1442054,12,6,12,4,16,2,15,19,12,8,2,22,4,10,24,20,28,6,30,4,32,2,6,34,26,12,36,20,40,8,42,4,44,2,39,47,48,24,50,36,52,8,54,6,56
51ecb48687f0f800 0 0 2031878,12,8,14,2,14,6,16,18,12,6,22,2,2,25,10,8,28,6,30,2,4,32,6,4,26,20,38,6,40,2,36,42,34,12,46,8,48,6,50,4,52,2,44,20,56,8,58,2,54,61,62,26,64,34,66,44,68,8,70,6,72,4,74
8c41ccfcdce21428 0 0 1573126,8,4,6,2,15,16,12,6,20,4,22,2,21,24,4,10,26,18,30,8,32,6,34,4,36,2,3,39,28,12,40,18,44,12,46,2,42,49,50,18,52,26,54,12,56,6,58,4,60
68564850a7ccaae8 0 0 2162950,8,2,6,4,14,17,12,8,20,4,20,2,23,24,10,8,28,6,30,4,32,2,4,34,26,18,38,8,40,6,42,4,44,2,3,47,36,12,50,8,52,6,54,2,48,18,58,12,60,8,62,6,57,64,66,18,68,26,70,36,72,12,74,6,76,2,79
07df1b44afe40000 0 0 2162950,6,4,14,2,9,16,12,8,20,4,22,2,20,25,10,8,28,6,30,4,32,2,4,34,26,18,38,8,40,6,42,4,44,2,3,47,36,12,50,8,52,6,54,2,48,18,58,12,60,8,62,6,56,65,66,26,68,48,70,12,72,8,74,4,76,2,79
8d0dbde031f25e40 0 0 1573126,8,4,14,2,7,16,12,6,20,2,20,4,23,24,4,10,26,18,30,8,32,6,34,4,36,2,3,39,28,12,40,18,44,12,46,2,43,48,50,26,52,28,54,40,56,12,58,8,60
158830cc8d106468 0 0 1507590,12,10,13,14,12,8,18,6,20,2,12,6,24,2,22,27,6,4,2,30,10,8,34,2,28,16,38,10,36,41,32,6,42,16,46,8,48,6,50,2,44,53,54,16,56,10,58
321aec800e4a2020 0 0 1704198,12,6,3,14,12,10,18,6,20,4,14,4,22,24,6,4,28,2,6,2,31,33,10,2,26,16,38,6,40,4,37,42,34,8,46,6,48,2,44,16,52,12,51,54,56,34,58,6,60,4,62,2,65
ff207410d640a280 0 0 1704198,12,10,14,8,12,8,18,2,16,20,12,6,24,2,18,6,28,2,27,30,6,4,34,2,2,36,10,8,32,22,42,10,44,2,41,46,38,6,50,2,48,22,54,8,56,6,52,59,60,32,62,8,64
2ddf5b2ca4c04400 0 0 1638662,12,10,13,14,12,8,18,6,20,2,12,6,24,2,22,27,6,4,2,30,10,8,34,2,28,16,38,10,36,41,32,6,42,16,46,8,48,6,50,2,44,53,54,16,56,28,58,10,60,8,62
448eecc8638ebcc8 0 0 1573126,12,10,13,14,12,8,18,6,20,2,12,6,24,2,22,27,6,4,2,30,10,8,34,2,28,16,38,10,36,41,32,6,42,16,46,8,48,6,50,2,44,53,54,16,56,32,58,10,60
4240f58068102020 0 0 1573126,12,10,13,14,12,8,18,6,20,2,12,6,24,2,22,27,6,4,2,30,10,8,34,2,28,16,38,10,36,41,32,6,42,16,46,8,48,6,50,2,44,53,54,28,56,32,58,8,60
721007fc648a2200 0 0 1704198,12,10,13,14,12,8,18,6,20,2,12,6,24,2,22,27,6,4,2,30,10,8,34,2,28,16,38,10,36,41,32,6,42,16,46,8,48,6,50,2,44,53,54,16,56,28,58,32,60,10,62,8,64
8e0fb4504940c8e0 0 0 1507590,12,10,13,14,14,8,18,6,14,6,20,23,6,4,26,2,2,28,10,8,32,2,24,16,36,10,34,39,30,6,42,2,40,16,46,8,48,6,45,50,52,40,54,10,56,8,58
3f61ff04530214e0 0 0 1704198,12,4,3,14,12,10,18,2,12,20,6,4,24,2,6,2,27,29,22,16,32,6,34,4,11,36,30,8,40,6,42,2,38,16,46,12,48,6,50,4,45,52,54,16,56,30,58,12,60,6,62,2,65
315f305011804a80 0 0 1638662,12,8,14,2,12,10,18,8,20,2,16,23,18,6,20,6,27,28,6,4,2,32,10,8,36,2,30,24,40,10,38,43,34,6,44,24,48,8,50,6,52,2,47,54,56,30,58,44,60,2,62
59ebb4426624eee8 0 0 1704198,12,4,3,14,12,10,18,2,12,20,6,4,24,2,6,2,27,29,22,16,32,6,34,4,11,36,30,8,40,6,42,2,38,16,46,12,48,6,50,4,45,52,54,16,56,22,58,30,60,6,62,2,65
493fa8dcc85cf4c8 0 0 1704198,12,8,14,2,12,10,18,8,20,2,16,23,18,6,20,6,27,28,6,4,2,32,10,8,36,2,30,24,40,10,38,43,34,6,44,24,48,8,50,6,52,2,47,54,56,24,58,30,60,44,62,2,64
ee9e96b614349040 0 0 1638662,12,10,13,14,14,8,18,6,14,6,20,23,6,4,26,2,2,28,10,8,32,2,24,16,36,10,34,39,30,6,42,2,40,16,46,8,48,6,45,50,52,30,54,40,56,10,58,8,60,2,62
a3dc045428a808a8 0 0 1704198,12,8,14,2,12,10,18,8,20,2,16,23,18,6,20,6,27,28,6,4,2,32,10,8,36,2,30,24,40,10,38,43,34,6,44,24,48,8,50,6,52,2,47,54,56,30,58,34,60,44,62,2,64
5c1502a269202a20 0 0 1638662,12,10,13,14,14,8,18,6,14,6,20,23,6,4,26,2,2,28,10,8,32,2,24,16,36,10,34,39,30,6,42,2,40,16,46,8,48,6,45,50,52,16,54,24,56,30,58,40,60,2,62
f141f0c0f4142848 0 0 1638662,6,2,13,15,10,4,18,2,4,20,10,8,24,4,7,26,22,16,30,12,32,6,34,2,2,36,28,12,40,8,42,2,38,16,46,12,48,4,45,51,52,16,54,22,56,12,58,4,60,2,63
081c8780f3f67660 0 0 1769734,6,2,13,15,10,4,18,2,4,20,10,8,24,4,7,26,22,16,30,12,32,6,34,2,2,36,28,12,40,8,42,2,38,16,46,12,48,4,45,51,52,16,54,22,56,28,58,12,60,10,62,8,64,2,67
2e4000805d808c40 0 0 1769734,8,6,14,4,4,2,16,19,8,4,8,22,10,8,10,4,28,2,26,31,24,20,34,10,36,8,38,4,40,2,3,43,32,12,46,8,48,4,50,2,44,20,54,10,56,4,58,2,52,61,62,24,64,8,66
d50c840af5dcfe80 0 0 1704198,10,6,14,4,4,2,16,19,10,2,11,23,10,8,26,4,28,2,8,2,30,32,24,20,36,10,38,8,5,41,34,12,44,10,46,4,42,20,50,8,52,2,49,54,56,24,58,34,60,10,62,8,65
e44ca1609b9668c0 0 0 1573126,6,2,12,6,15,16,10,4,20,2,4,22,10,8,26,6,28,4,7,30,24,18,34,12,36,2,2,39,32,12,42,8,44,2,40,18,48,12,50,6,52,4,46,54,56,40,58,4,60
b8fdb0f8fdb80ae8 0 0 1573126,6,2,12,6,15,16,10,4,20,2,4,22,10,8,26,6,28,4,7,30,24,18,34,12,36,2,2,39,32,12,42,8,44,2,40,18,48,12,50,6,52,4,46,54,56,24,58,40,60
ce59beb41db69268 0 0 1704198,6,2,12,6,15,16,10,4,20,2,4,22,10,8,26,6,28,4,7,30,24,18,34,12,36,2,2,39,32,12,42,8,44,2,40,18,48,12,50,6,52,4,46,54,56,32,58,40,60,10,62,8,64
abc0feaec7fc4040 0 0 1835270,6,2,12,6,15,16,10,4,20,2,4,22,10,8,26,6,28,4,7,30,24,18,34,12,36,2,2,39,32,12,42,8,44,2,40,18,48,12,50,6,52,4,46,54,56,24,58,32,60,40,62,10,64,8,66,4,68
0229d2248bf08e28 0 0 2097414,12,10,14,4,16,2,12,4,20,2,19,23,8,6,26,2,12,6,30,4,28,33,6,4,36,2,3,38,10,8,42,6,34,24,46,10,45,48,40,4,50,24,54,12,56,8,58,6,60,4,52,63,64,24,66,12,68,10,70,6,72,4,74,2,77
11727000dafeaac8 0 0 2162950,12,10,14,4,12,4,18,2,16,21,6,2,12,8,26,6,28,4,25,30,8,6,34,4,3,36,10,6,40,2,32,22,44,10,46,2,43,49,38,4,52,2,50,22,56,12,58,6,60,4,55,62,64,22,66,32,68,12,70,10,72,6,74,4,76,2,79
5a4b3b7ac8aa5a68 0 0 1966342,12,10,14,4,12,4,18,2,16,21,6,2,12,8,26,4,25,29,8,4,32,2,3,34,10,6,38,2,30,22,42,10,44,2,41,47,36,4,48,22,52,12,54,6,56,4,50,58,60,30,62,36,64,12,66,8,68,6,70,2,73
0be4606a55baa808 0 0 2097414,12,10,14,4,12,4,18,2,16,21,6,2,12,8,26,4,25,29,8,4,32,2,3,34,10,6,38,2,30,22,42,10,44,2,41,47,36,4,48,22,52,12,54,6,56,4,50,58,60,22,62,30,64,36,66,12,68,10,70,8,72,6,74,2,77
77205d6819286660 0 0 1835270,12,4,12,10,16,4,15,19,8,6,22,2,16,6,26,4,24,28,6,4,3,32,10,8,36,6,30,20,40,10,39,42,34,4,44,20,48,12,50,10,52,8,54,6,56,4,58,2,47,61,62,44,64,8,66,2,68
ac2691e4316e6a60 0 0 1900806,12,4,12,10,16,4,18,2,15,20,8,2,16,6,26,4,28,2,25,31,6,4,3,34,10,8,38,2,32,22,42,10,44,2,41,47,36,4,48,22,52,12,54,10,56,8,58,4,51,61,62,32,64,48,66,10,68,6,70
21ee20b04d122080 0 0 1704198,12,6,14,4,16,2,12,10,20,6,18,22,9,21,6,4,3,28,10,8,32,4,26,24,36,10,38,4,40,2,34,42,30,4,44,24,48,12,50,10,52,8,54,6,47,57,58,24,60,26,62,44,64
dd0df7727af20088 0 0 2031878,12,4,12,10,16,4,15,19,8,6,22,2,16,6,26,4,24,28,6,4,3,32,10,8,36,6,30,20,40,10,39,42,34,4,44,20,48,12,50,10,52,8,54,6,56,4,58,2,47,61,62,34,64,44,66,8,68,6,70,4,72,2,74
80848450afc26880 0 0 1966342,12,4,12,10,16,4,18,2,15,20,8,2,16,6,26,4,28,2,25,31,6,4,3,34,10,8,38,2,32,22,42,10,44,2,41,47,36,4,48,22,52,12,54,10,56,8,58,4,51,61,62,32,64,36,66,48,68,10,70,4,72
53546ae835ae3ae8 0 0 1900806,12,6,14,4,16,2,12,10,20,6,18,22,9,21,6,4,3,28,10,8,32,4,26,24,36,10,38,4,40,2,34,42,30,4,44,24,48,12,50,10,52,8,54,6,47,57,58,24,60,26,62,30,64,44,66,6,68,4,70
c0259db0f7e20088 0 0 1835270,12,6,14,4,16,2,15,19,12,8,6,2,22,25,10,4,5,28,26,20,32,4,34,2,6,36,30,12,40,10,38,20,44,8,46,6,48,4,50,2,42,53,54,20,56,26,58,12,60,8,62,6,64,4,66,2,69
a5855822806c5888 0 0 2294022,12,8,14,2,14,4,16,18,12,6,22,2,6,4,26,2,25,29,10,8,32,6,34,4,36,2,5,38,30,20,42,4,44,2,26,46,40,12,50,10,52,4,48,20,56,8,58,6,60,4,62,2,55,65,66,20,68,30,70,40,72,12,74,10,76,8,78,6,80,2,82
ba48f94855a8e6a8 0 0 2228486,12,10,14,6,16,4,14,19,12,8,10,8,24,4,22,27,8,6,30,4,32,2,6,4,36,2,35,38,26,2,28,20,44,6,46,4,42,49,40,12,52,4,54,2,50,20,58,10,60,8,62,6,64,4,57,67,68,50,70,12,72,10,74,8,76,6,78,4,81
45866b866fe836e8 0 0 1835270,12,10,14,2,14,6,17,19,12,6,22,2,10,6,26,4,25,29,8,4,32,2,7,34,28,2,30,20,40,6,42,2,38,44,36,12,48,8,50,2,46,20,54,10,56,2,52,58,60,30,62,46,64,12,66,10,69
640453fca59ab848 0 0 2294022,12,10,14,4,16,2,14,6,20,2,18,23,12,8,26,6,28,2,10,8,32,6,30,35,8,6,6,4,40,2,38,42,34,2,36,24,48,6,50,4,46,53,44,12,56,6,58,2,54,24,62,10,64,8,60,67,68,44,70,54,72,12,74,10,76,8,78,6,80,2,82
fc0288fa6638d200 0 0 2097414,12,10,14,2,14,6,17,19,12,6,22,2,10,6,26,4,25,29,8,4,32,2,7,34,28,2,30,20,40,6,42,2,38,44,36,12,48,8,50,2,46,20,54,10,56,2,52,58,60,30,62,36,64,46,66,12,68,10,70,8,72,4,74,2,77
0a5d5dece44c4ca8 0 0 1507590,3,12,12,10,16,8,18,6,20,4,8,22,6,4,6,26,8,2,24,14,32,12,34,8,31,36,28,8,40,6,38,14,44,12,46,8,48,6,50,4,42,52,54,24,56,38,58
d7f85788fd08d888 0 0 1638662,6,4,14,2,12,6,18,4,20,2,16,23,12,10,26,4,2,28,8,4,6,32,30,24,36,12,38,2,4,41,34,12,44,6,46,4,48,2,42,24,52,6,51,54,56,30,58,42,60,4,62
02d02dd2d700d228 0 0 1900806,6,4,12,6,16,4,18,2,15,21,12,10,24,4,2,26,8,6,30,4,32,2,6,34,4,2,28,22,40,12,39,42,36,12,46,6,48,4,50,2,44,22,54,6,53,56,58,28,60,36,62,44,64,6,66,4,68,2,71
3c320e1622322620 0 0 1638662,12,6,12,4,15,16,12,10,20,4,22,2,2,24,6,2,8,29,26,18,32,6,34,4,36,2,4,39,30,12,42,4,40,18,46,6,48,2,44,51,52,26,54,40,56,12,58,8,60,2,62
88426a604882aaa0 0 0 1245446,8,4,8,6,16,2,14,18,6,4,8,22,4,2,4,26,24,20,30,6,10,32,28,4,34,20,38,12,40,8,42,6,44,4,36,46,48,34,50
2e6204620c402640 0 0 1245446,6,8,4,12,10,2,4,18,16,14,22,12,24,4,26,2,3,29,20,4,30,14,32,34,36,14,38,16,40,20,42,30,44,12,46,4,48,2,51
8426802a0aa802a8 0 0 1179910,12,2,12,14,10,8,9,18,8,6,22,4,2,24,20,16,28,12,30,10,32,6,6,35,26,8,36,16,39,40,42,16,44,20,46,10,48
36546bfe47ea1a40 0 0 1376518,12,8,14,2,14,16,9,10,8,4,22,2,2,24,20,18,28,12,30,10,32,6,6,35,26,8,36,18,39,40,42,18,44,20,46,26,48,10,50,8,52,2,54
c43234c8543204c8 0 0 1114374,12,2,12,14,10,8,8,4,18,20,8,6,24,4,2,26,22,16,30,12,32,10,4,34,28,8,38,4,36,16,40,42,44,36,46
0ee5e5400ef4f4c8 0 0 1310982,12,8,14,2,14,16,8,4,10,20,8,6,24,2,2,26,22,18,30,12,32,10,4,34,28,8,38,4,36,18,40,42,44,28,46,36,48,8,50,2,52
ed9b1aece6667888 0 0 1966342,12,4,14,2,14,16,6,2,12,10,22,6,24,4,26,2,20,28,10,8,32,6,34,4,6,36,10,4,30,18,42,4,40,44,38,12,48,10,50,6,52,4,54,2,46,18,56,58,60,30,62,46,64,12,66,6,68,4,70,2,72
63eb3b9ee9923e68 0 0 1900806,12,4,14,2,14,16,6,2,12,10,22,6,24,4,26,2,20,28,10,8,32,6,34,4,6,36,10,4,30,18,42,4,40,44,38,12,48,10,50,6,52,4,54,2,46,18,56,58,60,18,62,30,64,46,66,6,68,2,70
8792709270c0d2c0 0 0 1573126,12,4,14,2,14,16,6,2,12,10,22,6,24,2,20,27,10,8,6,30,28,18,34,4,11,36,32,12,40,10,42,6,44,2,38,18,47,48,50,28,52,32,54,38,56,12,58,4,60
5865080454aaa4a8 0 0 1900806,12,4,14,2,14,16,6,2,12,10,22,6,24,4,26,2,20,28,10,8,32,6,34,4,6,36,10,4,30,18,42,4,40,44,38,12,48,10,50,6,52,4,54,2,46,18,56,58,60,18,62,30,64,38,66,46,68,2,70
aa5c6a0ce8186808 0 0 1442054,12,4,12,14,12,10,18,2,3,20,4,2,8,25,8,6,28,4,22,16,32,10,34,8,36,6,38,4,30,41,26,2,42,16,45,46,48,16,50,22,52,12,54,10,56
5aac6a0c18e86808 0 0 1507590,12,4,12,14,12,10,18,8,3,20,4,2,8,25,8,6,28,4,22,16,32,10,34,6,36,4,38,2,30,41,26,2,42,16,45,46,48,16,50,22,52,26,54,12,56,10,58
3e7ceeeccc888c88 0 0 1573126,12,10,14,2,14,16,12,4,20,2,4,2,23,24,8,6,4,28,8,4,32,2,26,18,36,10,38,8,40,4,42,2,35,44,30,4,48,2,46,18,50,52,54,26,56,46,58,12,60
08a218b2b298a288 0 0 852230,12,8,6,14,6,12,2,4,10,8,18,16,22,24,26,16,28,12,30,2,20,32,34,16,36,18,38
6c6c8a208a208a20 0 0 1376518,12,10,3,14,12,2,3,18,4,6,10,8,24,2,20,16,28,10,27,31,32,16,34,12,36,4,38,2,22,40,42,20,44,32,46,12,48,10,50,8,52,2,55
453195ceba8a6a20 0 0 1179910,12,10,6,14,12,8,6,18,2,4,20,16,24,2,9,26,28,16,30,12,32,8,34,4,22,36,38,16,40,20,42,22,44,28,46,2,48
e9d43688b9d46688 0 0 1638662,12,8,14,2,14,16,12,10,20,8,22,4,2,24,6,4,28,2,4,30,10,8,34,4,26,18,38,12,40,8,42,4,37,44,46,18,48,12,50,10,52,8,54,6,56,2,32,58,60,46,62
03b9e7e68b201880 0 0 1442054,9,12,12,10,16,6,18,4,9,20,6,4,6,25,8,2,22,14,30,12,32,10,34,6,36,4,29,38,26,8,40,14,44,12,46,10,43,49,50,14,52,10,54,8,57
48c44adc56da5ec8 0 0 1507590,9,12,12,10,16,6,18,4,9,20,6,4,6,25,8,2,22,14,30,12,32,10,34,6,36,4,29,38,26,8,40,14,44,12,46,10,43,49,50,14,52,26,54,10,56,8,59
6256e2de9ca81c20 0 0 1179910,12,10,14,8,6,16,12,8,20,4,6,22,2,4,8,6,24,18,30,2,28,32,26,6,34,18,38,12,40,8,36,42,44,26,46,34,48
046ae2a6aaa22a08 0 0 1638662,12,10,14,2,14,16,12,8,20,4,22,2,4,2,25,26,8,6,4,30,8,4,34,2,28,18,38,10,40,4,42,2,37,44,32,4,48,2,46,18,50,52,54,28,56,32,58,46,60,12,62
c6da8a9658449488 0 0 1507590,12,4,12,6,16,4,14,18,10,4,22,2,6,4,25,26,6,8,6,2,28,20,34,10,36,6,33,38,30,6,42,4,40,20,44,46,48,20,50,28,52,12,54,6,56,4,58
404ec0cc6c62ece0 0 0 1704198,12,8,14,4,14,6,18,4,16,20,8,6,4,2,24,26,10,8,30,6,32,4,6,34,6,2,28,22,40,8,42,6,44,4,39,47,36,4,50,2,48,22,52,54,56,48,58,12,60,6,62,2,65
f0b0f838e0a0e828 0 0 1310982,12,4,12,6,16,4,18,2,14,21,8,6,5,24,6,2,10,29,26,22,32,8,34,6,36,4,38,2,6,40,30,4,42,22,45,46,48,22,50,42,52
850c0f0cd0485a48 0 0 1769734,12,10,14,4,14,6,18,4,16,20,10,6,4,2,24,26,10,8,30,6,32,2,6,34,6,4,28,22,40,10,42,6,44,2,39,47,36,4,50,2,48,22,52,54,56,28,58,48,60,12,62,6,64,2,67
e8e0c840a8a08800 0 0 1638662,12,10,14,4,14,6,18,4,16,20,10,6,3,24,8,2,6,28,6,4,26,22,34,10,36,6,38,4,40,2,33,42,30,2,44,22,47,48,50,22,52,26,54,44,56,10,58,6,60,2,62
37c0c88cd90c2640 0 0 1835270,12,8,14,2,14,6,18,2,16,20,8,6,5,24,10,6,28,4,30,2,6,32,6,2,26,22,38,8,40,6,42,4,44,2,37,46,34,4,48,22,51,52,54,34,56,48,58,12,60,8,62,6,64,4,66,2,68
d0d800d8d0880088 0 0 1442054,12,8,14,4,14,6,16,19,10,8,22,4,3,24,8,4,6,4,29,31,6,2,26,20,36,10,38,8,35,41,32,2,42,20,45,46,48,20,50,32,52,42,54,2,56
064ac24ae8e02ce0 0 0 1245446,12,10,14,4,6,16,12,8,20,4,6,22,2,4,8,6,24,18,30,2,28,32,26,6,34,18,38,12,40,8,36,42,44,24,46,26,48,34,50
d9bf13eaa0002a40 0 0 1966342,12,10,14,4,16,2,2,19,14,6,2,22,10,8,26,6,28,4,6,31,10,4,34,2,24,20,38,6,36,40,32,12,44,10,46,4,48,2,42,20,52,12,54,8,56,4,51,59,60,20,62,12,64,10,66,8,68,4,70,2,73
70f0ded4bf30aaa0 0 0 1900806,12,10,14,6,16,4,18,2,2,21,2,14,10,8,26,6,28,4,6,30,10,4,24,22,36,6,35,38,32,12,42,10,44,6,46,4,48,2,40,22,52,12,54,8,56,6,58,4,51,60,62,22,64,32,66,8,68,6,70
23e0e06aa14a4ae8 0 0 1245446,12,10,14,8,5,16,12,6,5,20,2,6,10,6,22,18,28,10,30,8,32,6,34,2,26,36,24,4,38,18,42,12,41,44,46,18,48,12,50
0046ca0c90100000 0 0 1900806,10,8,14,6,16,6,18,4,20,4,22,2,24,2,26,2,28,2,8,4,32,2,4,34,8,6,38,4,40,2,38,42,10,14,44,36,48,10,50,4,2,52,46,12,56,10,54,36,60,10,62,8,64,6,66,2,58,68,70
933b823c82209c28 0 0 1704198,8,4,4,14,8,6,18,4,18,2,20,22,10,4,10,8,28,4,30,2,26,32,24,16,36,10,2,38,34,12,42,8,44,6,46,2,40,16,50,10,52,8,54,6,56,2,49,58,60,16,62,4,64
88f78e72ff8af600 0 0 1573126,8,4,4,2,14,17,8,6,20,4,21,22,10,8,11,26,24,18,30,10,32,8,34,4,36,2,2,39,28,12,42,8,40,18,46,10,48,6,50,4,52,2,44,54,56,24,58,4,60
f4c57d780a08d6e0 0 0 1835270,8,4,14,2,4,2,16,19,8,6,22,4,22,25,10,8,28,4,30,2,10,4,32,35,26,20,38,10,40,8,2,43,36,12,46,10,48,6,50,4,44,20,54,10,56,6,58,4,53,60,62,20,64,26,66,8,68
7baeaeae51488448 0 0 917766,8,2,9,14,8,6,18,2,18,21,9,10,22,16,26,2,4,29,24,12,32,10,30,16,34,36,38,22,40
0e2e4ac086a64ac0 0 0 1442054,10,6,14,2,14,17,12,2,12,21,8,6,24,2,4,26,4,2,22,18,32,6,34,4,36,2,31,38,28,8,42,4,40,18,46,6,48,4,44,51,52,18,54,8,56
8a4ea8a046822028 0 0 1179910,12,10,14,6,16,2,16,19,8,2,8,23,10,6,5,26,4,2,24,20,32,10,30,34,28,6,36,20,40,10,42,2,38,45,46,24,48
5370cc40577cc440 0 0 1507590,6,2,4,14,4,10,8,6,20,4,6,22,18,16,26,12,28,6,30,4,32,2,2,34,24,12,38,4,40,2,36,16,44,12,42,46,48,16,50,24,52,12,54,6,56,2,58
5254aae8d264eae8 0 0 1442054,6,2,4,2,14,17,10,17,8,4,6,22,20,18,26,12,28,4,30,2,2,33,24,12,36,6,38,4,40,2,34,18,44,12,46,6,48,2,43,50,52,24,54,34,56
11628a6001626a60 0 0 1573126,6,2,6,4,14,17,4,2,10,21,8,6,24,4,6,26,22,18,30,12,32,6,34,4,36,2,2,38,28,12,42,4,44,2,40,18,48,12,50,6,46,53,54,18,56,4,58,2,60
7b2a8a2ae5888288 0 0 1704198,6,2,6,4,14,17,4,2,10,21,8,6,24,4,6,26,22,18,30,12,32,6,34,4,36,2,2,38,28,12,42,4,44,2,40,18,48,12,50,6,46,53,54,18,56,28,58,6,60,4,62,2,64
efff40e4ed4e48a0 0 0 1573126,6,2,6,4,16,2,14,18,4,10,8,4,6,24,22,20,28,12,30,4,32,2,2,35,26,12,38,6,40,4,42,2,36,20,46,12,48,2,45,51,52,36,54,12,56,6,58,4,61
d857724e57e4a8a8 0 0 1507590,8,4,14,2,4,16,8,6,20,4,22,2,20,24,10,8,10,28,26,18,32,10,34,4,2,36,30,12,40,10,38,18,44,10,46,8,48,6,50,2,42,52,54,30,56,10,58
99f82f32ee805240 0 0 1638662,8,4,14,2,4,16,8,6,20,4,22,2,20,24,10,8,10,28,26,18,32,10,34,4,2,36,30,12,40,10,38,18,44,10,46,8,48,6,50,2,42,52,54,18,56,30,58,10,60,4,62
a66d96bcfd8afe68 0 0 2097414,10,4,14,2,4,2,16,19,10,6,22,4,24,2,25,26,10,8,30,4,32,2,8,2,35,36,28,20,40,10,42,8,4,44,38,12,48,10,50,8,52,6,54,4,56,2,46,20,60,8,62,6,64,4,66,2,59,68,70,28,72,38,74,2,76
6620de7600585668 0 0 1704198,8,4,4,2,14,17,8,6,20,4,22,2,20,2,25,26,10,8,10,31,28,18,34,10,36,8,38,4,40,2,2,42,32,12,44,18,48,10,50,6,52,4,46,54,56,18,58,28,60,32,62,8,64
0ee84fde4fde2648 0 0 1704198,10,4,14,2,12,10,18,4,20,2,16,22,8,6,8,26,4,2,10,2,30,32,28,24,36,12,38,8,2,40,34,12,44,10,46,4,48,2,42,24,52,10,54,2,50,56,58,42,60,4,62,2,64
eeb38d501d402200 0 0 1442054,8,4,8,14,8,6,18,4,18,2,20,22,8,10,24,16,28,10,30,8,32,4,2,34,26,12,36,16,40,10,42,6,44,4,46,2,38,48,50,16,52,26,54,8,56
f3deb05ed200a280 0 0 1573126,10,6,9,14,12,8,18,6,20,4,6,22,4,2,9,27,24,16,30,10,32,6,34,4,36,2,27,39,28,8,42,2,40,16,46,10,48,4,50,2,45,53,54,16,56,24,58,10,60
b51ad778ea1a7888 0 0 2031878,10,6,9,14,12,8,18,6,20,4,6,4,24,2,22,26,4,2,12,6,32,4,31,35,28,16,38,10,40,6,42,4,44,2,31,47,36,8,50,2,48,16,54,10,53,57,58,16,60,28,62,36,64,12,66,10,68,6,70,4,72,2,75
ab8a7e0a67a8b228 0 0 1245446,10,4,9,14,6,12,8,6,4,21,18,16,24,10,4,26,22,8,30,4,32,2,28,16,36,10,38,6,35,40,42,16,44,22,46,10,48,6,50
8e88e0e62eee4080 0 0 1245446,6,2,12,6,16,2,14,19,8,4,10,22,6,4,26,2,10,29,24,20,32,12,34,4,5,36,30,6,38,20,42,12,44,8,40,46,48,20,50
ae0a57a6d518ba88 0 0 1245446,6,4,12,6,14,16,8,2,10,20,14,2,10,25,22,18,28,12,30,4,32,2,3,35,26,6,36,18,40,12,42,8,44,4,38,47,48,22,50
fde2022e200ca848 0 0 1900806,6,2,12,10,16,8,18,6,20,4,14,22,8,6,10,8,28,4,30,2,26,32,6,4,26,36,4,2,34,24,42,12,44,10,46,8,40,48,38,6,50,24,54,12,56,4,58,2,52,60,62,24,64,34,66,8,68,6,70
15aa2ec448e2ea40 0 0 1704198,10,4,4,14,12,8,18,6,20,4,3,22,8,2,8,6,26,28,24,16,32,2,3,35,30,12,38,6,40,2,36,16,44,4,46,2,42,49,50,16,52,24,54,30,56,36,58,12,60,6,62,2,65
e9166b1c6b1ca820 0 0 1507590,12,10,14,8,16,2,2,18,12,2,8,23,6,4,6,26,8,2,24,20,32,12,34,2,30,37,28,8,40,6,42,2,38,20,46,12,44,49,50,20,52,24,54,28,56,6,58
b18a22a26420a208 0 0 1376518,12,8,2,14,12,10,18,2,8,2,21,22,6,4,6,26,24,16,30,12,32,10,34,2,8,37,28,8,40,6,38,16,44,12,46,10,42,49,50,24,52,38,54
4e642a20aa808a80 0 0 1507590,12,8,2,14,12,10,18,2,8,2,21,22,6,4,6,26,24,16,30,12,32,10,34,2,8,37,28,8,40,6,38,16,44,12,46,10,42,49,50,24,52,28,54,38,56,6,58
3404b15457a872a8 0 0 1442054,12,10,14,4,16,2,12,18,12,4,3,22,8,6,8,26,10,4,24,20,32,12,34,4,31,36,28,12,40,8,42,2,38,20,46,4,45,48,50,20,52,12,54,4,56
b34b1f683bb4c8c8 0 0 1573126,12,10,14,4,16,2,12,18,12,4,3,22,8,6,8,26,10,4,24,20,32,12,34,4,31,36,28,12,40,8,42,2,38,20,46,4,45,48,50,20,52,28,54,12,56,8,58,4,60
ef9004e8f4d404e8 0 0 1573126,12,10,14,4,16,2,4,2,19,21,12,4,24,2,25,27,8,6,8,30,28,22,34,12,36,4,5,39,32,12,42,8,40,22,46,12,48,2,44,50,52,22,54,10,56,4,58,2,61
23fe0eaeb0b0eae0 0 0 1376518,12,2,12,15,12,10,12,8,20,2,18,22,6,4,6,26,10,8,24,16,32,12,34,10,31,36,28,8,40,6,42,2,38,16,46,10,44,48,50,24,52,12,54
95d5cb9ed768c268 0 0 1507590,12,2,12,15,12,10,12,8,20,2,18,22,6,4,6,26,10,8,24,16,32,12,34,10,31,36,28,8,40,6,42,2,38,16,46,10,44,48,50,24,52,28,54,12,56,6,58
b0f197f4b0926868 0 0 1769734,6,12,10,8,16,4,18,2,4,2,20,22,10,6,26,2,5,28,24,14,32,10,34,8,36,4,38,2,5,40,30,6,44,2,42,14,48,10,50,8,52,6,54,4,56,2,47,58,60,14,62,24,64,6,66
0b69e04e1a788628 0 0 2031878,12,2,6,14,10,8,18,4,20,2,4,2,22,24,10,6,28,4,5,31,26,16,34,10,36,8,38,4,40,2,5,42,32,6,46,2,44,16,50,10,52,8,54,6,56,4,58,2,49,60,62,16,64,26,66,32,68,10,70,6,72,4,75
7ef450da42622808 0 0 1835270,6,12,10,8,16,2,2,18,10,6,22,4,24,2,5,27,20,14,30,10,32,8,34,2,5,36,28,6,40,4,42,2,38,14,46,10,48,8,50,6,52,2,45,54,56,20,58,28,60,38,62,8,64,6,66,4,69
0be8fca0e02e2ea0 0 0 1769734,4,2,12,6,14,17,8,4,20,2,7,23,10,4,4,26,24,18,30,8,32,4,34,2,2,37,28,12,40,4,38,18,44,12,46,8,48,6,50,4,52,2,42,54,56,18,58,24,60,12,62,8,64,6,67
be089b92b966eee8 0 0 1966342,4,2,12,6,16,2,14,19,8,4,6,2,22,24,10,4,4,28,26,20,32,8,34,4,2,36,30,12,40,4,38,20,44,12,46,8,48,6,50,4,52,2,43,55,56,26,58,30,60,38,62,12,64,8,66,6,68,4,70,2,73
20109efe9e0e0868 0 0 1704198,12,6,12,8,16,2,14,19,8,2,4,2,23,24,10,4,28,2,8,30,6,2,26,20,36,8,38,2,35,41,32,12,44,4,42,20,48,12,47,50,52,20,54,26,56,12,58,8,60,6,62,2,65
fe880a8805400e40 0 0 1704198,12,6,12,8,16,4,14,19,8,4,3,23,10,8,26,2,8,28,6,4,24,20,34,8,36,4,33,39,30,12,42,4,44,2,40,20,48,12,46,50,52,20,54,24,56,30,58,12,60,6,62,4,65
17085b441fe60600 0 0 1704198,12,4,14,2,12,8,18,6,16,20,8,6,6,4,25,26,10,8,30,2,8,32,26,2,28,22,38,8,40,6,36,43,34,12,46,4,44,22,50,12,48,53,54,28,56,44,58,12,60,8,62,2,64
c8e880a800a8c060 0 0 1704198,8,6,14,4,2,16,8,4,20,2,12,8,24,4,22,26,10,8,30,2,8,32,4,2,28,18,38,8,40,4,42,2,36,44,34,12,48,4,50,2,46,18,54,8,56,4,52,58,60,28,62,2,64
df281e00dd801ca8 0 0 1835270,8,6,14,4,2,16,8,4,20,2,12,4,22,24,10,8,28,4,30,2,8,32,4,2,26,18,38,8,40,4,42,2,36,44,34,12,48,8,50,4,52,2,46,18,56,8,58,4,54,60,62,18,64,26,66,2,68
f117b0deb0de2648 0 0 1769734,10,8,12,10,16,4,18,2,14,20,6,4,24,2,8,26,4,2,14,4,30,32,28,22,36,12,38,4,40,2,2,42,34,12,46,10,48,4,50,2,44,22,54,10,56,8,58,4,52,60,62,28,64,44,66
727fd1b027201420 0 0 1638662,12,8,14,2,13,16,10,4,10,20,8,6,24,2,6,2,26,29,22,18,32,10,34,8,36,2,2,39,30,12,40,18,44,6,46,2,43,49,50,22,52,30,54,40,56,12,58,10,60,6,63
c64e8a4e28e4a828 0 0 1835270,8,6,4,14,8,4,12,10,20,6,22,4,18,24,8,2,10,6,28,30,4,2,26,16,36,8,38,4,34,40,32,12,44,10,46,8,48,6,50,2,42,16,54,8,52,56,58,26,60,32,62,42,64,8,66,4,68
0cce5efa80e804a0 0 0 1966342,12,6,14,4,16,2,11,18,6,2,12,8,24,6,26,4,28,2,23,30,8,4,34,2,2,36,10,6,32,20,42,6,44,2,40,47,38,8,50,2,48,20,54,12,56,4,52,59,60,20,62,12,64,8,66,6,68,4,70,2,72
20af0c22be02ae80 0 0 2031878,10,2,12,6,16,4,18,2,14,20,6,2,12,8,26,6,28,4,30,2,25,32,8,4,36,2,2,38,10,6,42,2,34,22,46,6,48,2,45,51,40,8,54,2,52,22,58,12,60,4,56,63,64,22,66,34,68,12,70,4,72,2,74
8a113f5005c44020 0 0 1966342,12,6,14,4,16,2,11,18,6,2,12,8,24,6,26,4,28,2,23,30,8,4,34,2,2,36,10,6,32,20,42,6,44,2,40,47,38,8,50,2,48,20,54,12,56,4,52,59,60,20,62,38,64,12,66,8,68,6,70,4,72
411640086228faa0 0 0 2097414,10,2,12,6,16,4,18,2,14,20,6,2,12,8,26,4,28,2,25,31,8,6,34,4,2,36,10,6,40,2,32,22,44,6,46,2,43,49,38,8,52,6,54,2,50,22,58,12,60,4,57,63,64,22,66,32,68,38,70,12,72,4,74,2,76
c9f926ccf74c1e80 0 0 1769734,10,2,12,10,16,8,18,4,20,2,14,23,8,2,18,6,28,4,27,30,6,4,2,34,10,8,38,2,32,24,42,8,44,2,41,47,36,6,48,24,52,12,54,10,56,4,51,58,60,32,62,48,64,6,66
45773fcc774a6468 0 0 1835270,10,2,12,10,16,8,18,4,20,2,14,23,8,2,18,6,28,4,27,30,6,4,2,34,10,8,38,2,32,24,42,8,44,2,41,47,36,6,48,24,52,12,54,10,56,4,51,58,60,32,62,36,64,48,66,6,68
1b2aa82a91a088a0 0 0 1704198,12,10,14,4,2,16,6,4,12,4,20,22,8,6,26,4,28,2,6,30,4,2,24,18,36,6,38,4,34,40,32,12,44,6,46,4,48,2,42,18,52,6,54,4,56,2,50,58,60,24,62,2,64
d588dd805028f220 0 0 1704198,12,10,14,2,2,16,6,4,12,4,20,22,8,6,26,4,28,2,6,30,4,2,24,18,36,6,38,4,34,40,32,12,44,6,46,4,48,2,42,18,52,6,54,4,56,2,50,58,60,18,62,24,64
a8d287d257287828 0 0 1966342,6,4,14,2,12,16,10,8,20,6,22,4,7,24,8,6,28,4,30,2,8,32,6,2,26,18,38,12,40,10,42,6,44,4,46,2,37,48,34,8,52,6,50,18,56,12,58,8,60,4,55,63,64,26,66,34,68,10,70,6,73
b740c04058202020 0 0 1835270,12,10,14,4,2,16,6,4,12,4,20,22,8,6,26,4,28,2,6,30,4,2,24,18,36,6,38,4,34,40,32,12,44,6,46,4,48,2,42,18,52,6,54,4,56,2,50,58,60,24,62,32,64,6,66,2,68
5ad0fe4a52d8f6e8 0 0 1835270,12,10,14,2,2,16,6,4,12,4,20,22,8,6,26,4,28,2,6,30,4,2,24,18,36,6,38,4,34,40,32,12,44,6,46,4,48,2,42,18,52,6,54,4,56,2,50,58,60,18,62,24,64,32,66,6,68
53c2438867c2ee88 0 0 1638662,12,10,14,6,16,4,2,18,12,8,22,4,24,2,6,26,6,4,8,6,32,4,30,34,4,2,28,20,40,6,38,42,36,12,46,8,48,6,44,20,52,6,54,2,50,56,58,28,60,44,62
d3e27c6053e25cc0 0 0 1704198,12,10,14,6,16,4,2,18,12,8,22,4,6,25,6,4,8,2,28,30,4,2,26,20,36,6,34,38,32,12,42,8,44,6,46,2,40,20,50,6,52,2,49,54,56,20,58,26,60,40,62,6,64
ce7d5dee0844c488 0 0 1245446,10,8,8,6,14,17,14,6,17,21,2,4,22,18,26,12,28,10,7,30,32,18,34,12,36,8,38,6,24,41,42,18,44,22,46,8,48,6,51
4a426ae2e0e8c048 0 0 983302,6,8,12,6,3,16,4,10,18,14,22,12,24,6,26,2,3,29,20,6,30,14,34,4,32,36,38,18,40,12,42
87923228c8883228 0 0 1835270,12,10,14,6,16,4,2,18,12,8,22,4,24,2,6,26,6,4,8,6,32,4,30,34,4,2,28,20,40,6,38,42,36,12,46,8,48,6,44,20,52,6,54,2,50,56,58,28,60,36,62,44,64,6,66,4,68
171a1a5eda7272a0 0 0 1835270,12,10,14,6,16,4,2,18,12,8,22,6,24,4,6,26,6,4,8,6,30,32,4,2,28,20,38,6,36,40,34,12,44,8,46,2,42,20,50,6,52,2,48,54,56,20,58,28,60,34,62,42,64,6,66,2,68
4699528870006248 0 0 1573126,12,8,14,4,12,4,16,18,12,6,22,4,24,2,11,26,6,4,2,30,10,8,34,2,28,20,38,10,37,41,32,6,42,20,46,12,48,10,50,4,44,53,54,20,56,28,58,2,60
fd3050145004a820 0 0 1638662,12,8,14,4,12,4,16,18,12,6,22,4,24,2,11,26,6,4,2,30,10,8,34,2,28,20,38,10,37,41,32,6,42,20,46,12,48,10,50,4,44,53,54,20,56,28,58,32,60,2,62
38483c9cf0803868 0 0 1769734,12,10,14,6,14,16,10,4,14,8,22,6,20,24,8,6,28,4,2,30,10,6,34,4,36,2,26,18,40,10,42,4,38,44,32,8,48,6,50,2,46,18,54,12,56,4,52,58,60,46,62,10,64,4,66
5ab4642af81a8ac8 0 0 1900806,12,10,14,6,16,4,14,4,19,21,14,8,24,6,26,4,11,29,8,6,32,4,2,34,10,6,38,2,30,22,42,10,41,45,36,8,48,6,50,2,46,22,54,12,56,4,52,58,60,30,62,46,64,12,66,8,68,4,70
8ea402e44a4ac6a0 0 0 1769734,12,10,14,6,14,16,10,4,14,8,20,23,8,4,26,2,2,28,10,6,32,4,34,2,24,18,38,10,40,4,36,42,30,8,46,2,44,18,50,12,52,4,49,54,56,30,58,44,60,10,62,4,64,2,66
1d194026d1804040 0 0 1704198,8,10,12,6,16,4,18,2,4,2,21,23,8,6,26,4,2,28,24,14,32,12,34,6,36,4,38,2,5,41,30,8,44,4,42,14,48,12,50,8,52,6,54,4,56,2,47,59,60,24,62,8,64
2e048c26e2c862c8 0 0 2097414,12,8,6,14,10,6,18,2,3,20,10,8,24,6,26,2,24,2,28,30,6,4,34,2,22,16,38,12,40,6,42,4,36,45,32,10,48,8,50,6,46,16,54,12,56,10,58,6,60,4,53,62,64,46,66,12,68,10,70,6,72,4,74,2,76
0428d1a8c5001080 0 0 1704198,10,4,8,14,12,8,18,6,20,4,4,2,22,25,8,6,28,4,2,30,26,16,34,12,36,8,38,6,40,4,5,42,32,8,46,4,44,16,50,12,52,6,54,4,49,56,58,16,60,26,62,8,64
0a086e4c8280a280 0 0 1966342,12,8,6,14,3,10,10,8,20,2,20,6,24,2,23,27,6,4,30,2,18,16,34,12,36,6,38,4,40,2,32,42,28,10,46,8,44,16,50,12,52,10,54,4,48,57,58,28,60,44,62,12,64,8,66,6,68,4,70,2,72
39d2bed2779c3ca0 0 0 1638662,6,2,12,6,16,2,14,19,10,8,22,4,24,2,10,26,6,4,10,30,4,2,28,20,36,12,38,4,40,2,34,43,32,6,44,20,48,12,50,10,52,8,46,55,56,20,58,32,60,6,62
ac5a0c6a88786808 0 0 1769734,12,6,4,14,12,10,18,8,3,20,8,4,24,2,8,27,8,6,22,16,32,12,34,10,36,8,38,6,40,4,42,2,31,44,28,8,48,2,46,16,52,12,54,4,51,57,58,16,60,22,62,10,64,2,67
150f8c8051f0c880 0 0 1507590,12,8,14,6,3,16,4,2,10,20,8,4,24,2,3,26,22,18,30,10,32,8,34,6,36,2,6,39,28,8,40,18,44,12,46,4,42,49,50,18,52,12,54,8,56,6,58
44fa0c6004ba4c20 0 0 1900806,6,4,12,6,14,16,10,8,20,4,22,2,10,4,26,2,24,29,6,2,20,6,34,2,32,36,4,2,30,18,42,12,44,2,40,46,38,6,48,18,52,12,54,10,56,4,50,59,60,30,62,38,64,8,66,6,68,2,70
4823926898561848 0 0 1638662,6,2,8,6,16,2,15,18,10,4,22,2,4,2,24,27,10,8,30,6,32,4,7,34,28,20,38,8,40,2,2,43,36,12,46,8,48,2,44,20,52,8,54,4,51,56,58,20,60,8,62
d7f61f1e78acf400 0 0 1769734,6,2,8,6,16,2,15,18,10,2,4,2,23,25,10,8,28,6,7,31,26,20,34,8,36,2,2,39,32,12,42,8,44,2,40,20,48,8,50,4,47,52,54,20,56,26,58,10,60,8,62,4,64,2,67
f7e35f005912e8e8 0 0 1769734,6,2,8,6,16,2,15,18,10,4,22,2,4,2,24,27,10,8,30,6,32,4,7,34,28,20,38,8,40,2,2,43,36,12,46,8,48,2,44,20,52,8,54,4,51,56,58,20,60,36,62,10,64,4,66
d0f0d9f2bcf09820 0 0 2097414,12,10,14,4,3,16,8,2,12,8,22,4,20,24,8,6,28,4,9,31,26,18,34,10,36,8,38,6,5,41,32,12,44,6,42,18,48,12,50,10,52,8,54,6,56,4,58,2,47,61,62,18,64,26,66,42,68,12,70,10,72,6,74,4,77
f7f89b8080386440 0 0 1638662,6,2,9,15,10,4,4,2,19,21,10,8,24,4,7,26,22,16,30,8,32,6,2,34,28,12,38,8,40,2,36,16,44,8,46,6,48,4,50,2,43,53,54,16,56,22,58,28,60,6,62
160968968b1496e8 0 0 2097414,12,10,14,4,3,16,8,2,12,8,22,4,20,24,8,6,28,4,9,31,26,18,34,10,36,8,38,6,5,41,32,12,44,6,42,18,48,12,50,10,52,8,54,6,56,4,58,2,47,61,62,18,64,26,66,32,68,42,70,12,72,10,74,8,76
1cdd9bf046783e00 0 0 1704198,10,8,9,14,6,4,18,2,12,20,8,4,24,2,8,6,28,4,30,2,26,33,4,2,22,16,38,10,40,4,42,2,37,44,34,8,48,4,46,16,52,10,54,6,50,56,58,16,60,34,62,10,64
68968d9a454428c0 0 0 1376518,12,10,2,14,8,2,12,4,19,20,6,4,24,2,4,26,22,16,30,12,32,8,34,4,36,2,9,39,28,2,40,16,44,4,42,46,48,22,50,12,52,4,54
179757c2037c0268 0 0 1048838,12,10,14,8,2,16,8,12,4,6,8,2,20,18,26,12,28,8,24,30,22,2,32,18,36,4,34,38,40,18,42,20,44
0176a0280110c628 0 0 1507590,8,6,4,14,10,6,18,4,12,10,22,6,20,24,10,2,3,28,26,16,32,10,34,6,3,36,30,6,40,4,38,16,44,12,46,4,43,48,50,26,52,12,54,10,56,6,58
1eea31e033c816c8 0 0 1245446,10,8,14,6,2,16,14,4,20,2,2,22,8,2,22,26,4,2,24,18,32,8,34,2,30,36,28,12,40,10,42,4,38,18,45,46,48,18,50
2a3e8a0280bc8080 0 0 1310982,10,8,14,6,2,16,2,14,8,4,22,2,14,25,4,2,20,18,30,8,32,4,34,2,28,37,26,12,40,10,42,4,44,2,38,18,46,48,50,20,52
ddfd5fd2d8a8aa88 0 0 1376518,8,4,14,2,12,6,18,4,17,20,12,10,24,6,26,4,26,29,6,4,32,2,2,34,30,22,38,8,40,4,42,2,8,45,46,22,36,48,50,30,52,46,54
588a080888aad828 0 0 1048838,12,10,2,14,14,4,2,18,6,2,4,22,20,16,26,6,28,2,10,30,24,8,34,4,32,16,36,38,40,16,42,20,44
cae22338cc222a08 0 0 1114374,12,10,2,14,14,4,2,18,6,2,4,22,20,16,26,6,28,2,10,30,24,8,34,4,32,16,36,38,40,16,42,20,44,24,46
331b20c4472498c8 0 0 1573126,12,6,14,4,12,10,18,6,20,4,16,23,11,15,6,2,5,28,10,2,26,24,34,6,36,2,32,38,30,8,42,6,44,4,46,2,40,24,48,50,52,26,54,12,56,10,58,6,61
30f52d9029d09ee0 0 0 1769734,12,10,14,6,16,4,18,2,12,6,22,4,24,2,20,27,16,2,11,30,6,2,4,34,10,2,32,28,40,6,42,2,38,44,36,8,48,4,46,28,50,52,54,28,56,32,58,12,60,10,62,6,64,2,66
c18ee33a51b42ca0 0 0 1638662,12,6,14,4,12,10,18,6,20,4,16,23,11,15,6,2,5,28,10,2,26,24,34,6,36,2,32,38,30,8,42,6,44,4,46,2,40,24,48,50,52,26,54,30,56,12,58,10,60,2,63
d9029932dd24d6a0 0 0 1638662,10,8,14,6,16,4,18,2,3,20,14,4,24,2,3,26,10,4,26,30,4,2,28,22,36,8,38,6,40,2,34,42,32,12,46,8,48,6,50,2,44,22,53,54,56,22,58,28,60,6,62
121ca9ecffbaaae0 0 0 1245446,10,8,14,6,3,16,3,14,11,14,4,2,20,18,26,8,28,6,24,31,22,12,34,8,32,18,36,38,40,18,42,20,44,22,46,8,48,6,50
22c141a28894b4a8 0 0 1310982,10,8,8,6,14,17,14,6,17,21,2,4,22,18,26,12,28,10,7,30,32,18,34,12,36,8,38,6,24,41,42,18,44,22,46,24,48,8,50,6,53
8189d4989d8c62c8 0 0 1442054,8,4,14,2,12,8,18,6,20,4,22,2,17,25,12,10,28,6,30,4,30,33,2,6,34,26,38,8,40,4,42,2,8,45,46,26,36,48,50,34,52,36,54,46,56
9bb946ec46ec8a20 0 0 983302,12,10,14,4,4,16,6,8,10,4,22,2,10,24,20,18,28,4,2,30,32,18,26,34,36,18,38,32,40,4,42
116e6ea2334c4c80 0 0 1048838,12,10,14,4,4,16,6,8,10,4,22,2,10,24,20,18,28,4,2,30,32,18,26,34,36,18,38,20,40,32,42,4,44
e4e6fdc4ffa2e680 0 0 1769734,10,8,8,14,12,8,18,6,20,2,4,2,22,25,8,6,28,2,2,30,26,16,34,12,36,8,38,6,40,2,5,42,32,8,46,4,44,16,50,12,52,6,54,2,49,56,58,16,60,26,62,32,64,2,66
215a2b42fcf07ee8 0 0 1704198,10,6,8,4,14,17,12,8,20,6,22,4,4,25,8,6,28,2,2,30,4,2,26,18,36,12,38,8,40,6,42,4,34,45,32,8,48,2,46,18,52,12,54,6,51,56,58,46,60,12,62,10,64
4f1ef078f3f8da08 0 0 1638662,10,4,4,2,14,17,10,6,20,4,17,22,10,8,26,4,28,2,14,30,24,18,34,10,36,8,38,4,40,2,4,42,32,12,46,8,48,6,50,2,44,18,54,10,56,6,58,4,53,60,62
71801744faf8a000 0 0 1769734,8,2,4,2,14,17,8,6,20,2,17,22,10,8,26,4,28,2,14,30,24,18,34,10,36,8,38,4,40,2,2,42,32,12,46,10,48,6,50,4,44,18,54,8,56,6,58,2,53,60,62,18,64,8,66
ccacc10c88128ae8 0 0 1835270,8,2,4,2,14,17,8,6,20,2,17,22,10,8,26,4,28,2,14,30,24,18,34,10,36,8,38,4,40,2,2,42,32,12,46,10,48,6,50,4,44,18,54,8,56,6,58,2,53,60,62,24,64,8,66,6,68
1bd7eca08eee1000 0 0 1835270,10,4,4,2,14,17,10,6,20,4,17,22,10,8,26,4,28,2,14,30,24,18,34,10,36,8,38,4,40,2,4,42,32,12,46,8,48,6,50,2,44,18,54,10,56,6,58,4,53,60,62,18,64,24,66,6,68
56d1107420bc0080 0 0 1900806,8,2,4,2,14,17,8,6,17,21,10,8,24,4,26,2,14,29,22,18,32,10,34,8,36,4,38,2,2,41,30,12,44,10,46,8,48,6,50,4,52,2,42,18,56,8,58,6,55,61,62,22,64,30,66,12,68,10,70
a6a472307234a6a0 0 0 1966342,10,8,8,4,14,17,12,8,20,6,4,22,8,6,26,4,2,28,4,2,24,18,34,12,36,8,38,6,32,40,30,8,44,2,42,18,48,12,50,6,52,4,47,55,56,18,58,24,60,42,62,12,64,8,66,6,68,4,70,2,73
407ad4aaaeb61800 0 0 1900806,10,8,14,6,8,4,16,19,12,6,4,22,8,6,26,4,2,28,4,2,24,20,34,12,36,6,32,38,30,8,42,2,40,20,46,12,48,8,50,6,52,4,45,55,56,30,58,40,60,12,62,10,64,8,66,4,68,2,71
ab188c4823188c48 0 0 1966342,8,4,10,15,12,6,18,4,20,2,4,2,22,25,8,6,28,2,2,30,26,16,34,12,36,6,38,4,40,2,5,42,32,8,44,16,48,12,50,8,52,6,54,2,46,57,58,16,60,26,62,32,64,44,66,12,68,6,70,2,72
9bb4e6660778f888 0 0 1638662,10,6,14,4,12,6,17,18,12,4,22,2,3,24,6,8,10,4,30,2,26,20,34,12,36,4,38,2,32,40,28,12,44,2,42,20,48,6,50,4,52,2,47,54,56,20,58,26,60,6,62
d6afd850f0dc54e0 0 0 2294022,12,8,14,6,16,4,6,19,12,6,22,4,24,2,3,27,10,8,30,6,32,4,34,2,4,36,6,4,40,2,28,20,44,12,46,6,48,4,50,2,43,53,38,12,56,8,58,6,60,2,54,20,64,8,66,2,62,68,70,28,72,54,74,12,76,8,78,6,80,4,83
06ad3efcf85cf4a0 0 0 1769734,6,4,12,2,14,16,12,8,20,4,3,22,10,4,4,26,6,2,24,18,32,12,34,8,36,4,31,38,28,12,42,4,40,18,46,8,48,4,50,2,45,52,54,24,56,28,58,40,60,12,62,4,64,2,66
afae1a28e3ae5628 0 0 1704198,8,2,12,14,12,10,18,8,20,4,22,2,4,2,25,26,4,6,28,16,32,12,34,10,36,8,38,4,40,2,8,43,30,8,44,16,48,12,50,10,52,4,46,55,56,16,58,28,60,44,62,8,64
32885fb07db81080 0 0 1769734,8,2,12,14,12,10,18,8,20,4,22,2,4,2,25,26,4,6,28,16,32,12,34,10,36,8,38,4,40,2,8,43,30,8,44,16,48,12,50,10,52,4,46,55,56,16,58,28,60,30,62,44,64,8,66
a0e576941afa5a48 0 0 2031878,12,6,14,4,16,2,15,19,12,8,22,6,24,4,26,2,7,28,10,4,4,32,6,2,30,20,38,12,40,8,42,6,44,4,46,2,37,48,34,12,52,4,50,20,56,8,58,4,60,2,54,63,64,20,66,30,68,12,70,8,72,6,75
b582eff268426868 0 0 2031878,10,4,4,2,14,17,10,6,17,21,10,8,24,4,26,2,14,29,22,18,32,10,34,8,36,4,38,2,4,41,30,12,44,10,46,8,48,6,50,4,52,2,42,18,56,10,58,6,55,61,62,18,64,22,66,30,68,12,70,10,72,8,74
2d4f8a5e529afa48 0 0 1900806,12,8,14,4,14,2,16,18,6,4,13,23,10,8,26,6,28,4,30,2,4,32,22,2,24,20,38,12,37,41,34,12,44,8,46,6,48,2,42,20,52,8,54,2,51,57,58,20,60,24,62,34,64,12,66,4,68,2,70
0110a930eec0c660 0 0 1573126,12,10,14,4,16,2,14,6,20,4,19,23,14,2,10,4,26,28,6,8,28,2,30,24,36,12,38,10,40,2,34,42,32,12,44,24,48,6,50,4,52,2,47,55,56,30,58,44,60
249761a87dce9268 0 0 1900806,8,2,8,4,16,2,14,18,8,6,22,2,4,24,10,8,28,4,30,2,14,32,26,20,36,10,38,8,40,4,42,2,2,44,34,12,48,10,50,6,52,4,46,20,56,8,58,6,60,2,55,62,64,20,66,8,68,2,70
70f0c60a4f1206e8 0 0 1769734,8,2,8,4,16,2,15,19,8,6,22,4,4,25,10,8,28,4,30,2,15,32,26,20,36,10,38,8,40,4,42,2,2,44,34,12,48,8,50,6,52,2,46,20,56,8,58,6,60,4,55,63,64,26,66
aa168c040c8c7cc8 0 0 1966342,8,2,8,4,16,2,14,18,8,6,22,2,4,24,10,8,28,4,30,2,14,32,26,20,36,10,38,8,40,4,42,2,2,44,34,12,48,10,50,6,52,4,46,20,56,8,58,6,60,2,55,62,64,20,66,26,68,8,70,2,72
bd2f84007c781a08 0 0 1507590,8,6,14,4,2,16,12,2,12,8,22,4,20,24,10,8,28,2,8,30,4,2,26,18,36,12,38,2,34,40,32,12,44,4,46,2,42,18,50,12,48,52,54,26,56,2,58
298210ae15faba40 0 0 1638662,8,6,14,2,2,16,12,2,12,8,22,4,20,24,10,8,28,2,8,30,4,2,26,18,36,12,38,2,34,40,32,12,44,4,46,2,42,18,50,12,48,52,54,18,56,26,58,32,60,8,62
d02ad822d822fa00 0 0 1114374,12,10,14,4,4,16,6,8,10,4,22,2,10,24,20,18,28,4,2,30,32,18,26,34,36,18,38,26,40,32,42,10,44,4,46
ad0f02282a000228 0 0 1835270,8,6,14,4,2,16,12,8,20,2,12,4,24,2,23,26,10,8,30,4,32,2,8,34,28,18,38,12,40,8,42,2,5,45,36,12,48,8,50,4,46,18,54,12,56,8,52,59,60,46,62,12,64,8,66,2,69
bb89c4ac5baa5400 0 0 1638662,8,6,14,4,4,16,12,4,12,8,22,2,21,25,10,8,28,2,8,30,4,2,26,18,36,12,38,4,34,41,32,12,44,4,46,2,42,18,50,12,49,53,54,26,56,42,58,4,60,2,62
57535d905622ca88 0 0 1638662,8,6,14,4,4,16,12,4,12,8,22,2,21,25,10,8,28,2,8,30,4,2,26,18,36,12,38,4,34,41,32,12,44,4,46,2,42,18,50,12,49,53,54,18,56,26,58,42,60,2,62
9fe808b04f32f240 0 0 1442054,12,2,10,15,12,6,12,8,18,21,8,4,2,24,10,8,28,6,30,2,22,16,34,12,36,6,33,38,26,8,40,16,44,6,46,2,42,49,50,16,52,10,54,8,56
e1cc209ebe00b608 0 0 1835270,12,2,10,15,12,6,12,8,20,6,18,22,8,6,26,4,28,2,2,30,10,8,34,2,24,16,38,12,40,6,36,42,32,8,46,6,44,16,50,6,52,2,49,55,56,16,58,24,60,12,62,10,64,8,66,2,69
a54a411ae1108240 0 0 1769734,12,2,10,15,12,6,12,8,20,6,18,22,8,6,26,4,28,2,2,30,10,8,34,2,24,16,38,12,40,6,36,42,32,8,46,6,44,16,50,6,52,2,49,55,56,16,58,32,60,10,62,8,64,6,67
6c8c3b24bfece888 0 0 2228486,12,10,14,8,10,17,16,6,20,2,14,6,24,2,23,27,8,6,30,4,32,2,2,34,10,8,38,2,28,18,42,12,44,10,46,8,48,6,50,2,40,53,36,8,56,6,54,18,60,6,62,2,58,64,66,28,68,36,70,54,72,12,74,10,76,8,78,2,81
2aa9aac0a92a4080 0 0 1376518,12,10,14,4,2,16,12,4,12,6,22,2,21,24,6,8,26,18,30,12,32,4,5,35,28,12,36,18,40,12,42,4,44,2,38,47,48,26,50,6,52,2,54
fb04590c62c86ac0 0 0 1179910,10,8,8,6,14,17,14,6,17,21,2,4,22,18,26,12,28,10,7,30,32,18,34,12,36,8,38,6,24,41,42,22,44,32,46,12,48
283292d23228c888 0 0 1966342,10,4,8,2,14,16,12,10,20,8,22,6,24,4,3,26,6,2,6,4,30,32,28,18,36,6,38,2,3,40,34,8,44,4,46,2,42,18,50,12,52,10,54,8,56,2,49,59,60,18,62,28,64,42,66,8,68,4,70,2,73
a38383d61d686868 0 0 1179910,12,10,14,4,4,16,6,8,10,4,22,2,10,24,20,18,28,4,2,30,32,18,26,34,36,18,38,20,40,26,42,32,44,10,46,4,48
68d7a2aeb5824cc8 0 0 1769734,12,6,14,4,5,16,10,8,20,4,22,2,11,24,8,6,2,28,4,2,26,18,34,8,36,2,33,38,30,8,42,4,40,18,46,12,48,10,50,2,45,52,54,26,56,40,58,10,60,8,62,6,64,4,66
e48f0fec0a705a20 0 0 1900806,4,2,12,10,16,6,18,4,14,20,10,8,24,4,11,26,8,6,30,2,2,32,28,22,36,8,38,2,4,41,34,8,44,4,46,2,42,22,50,12,52,2,49,54,56,22,58,28,60,42,62,12,64,8,66,4,68,2,70
d47692a692b0d460 0 0 1573126,12,10,14,2,6,4,16,18,10,2,10,4,22,24,2,8,18,2,26,20,32,12,34,10,36,4,30,38,28,4,40,20,44,10,46,8,48,6,50,4,52,2,42,54,56,26,58,10,60
2946d88819462888 0 0 2031878,12,10,14,4,16,2,6,4,19,20,10,4,10,6,26,4,28,2,24,30,8,2,2,35,20,2,32,22,40,12,42,10,44,6,46,4,38,49,36,6,50,22,54,10,56,8,58,6,60,2,52,63,64,22,66,32,68,10,70,6,72,4,74
952ad3f4f8debe00 0 0 1900806,12,10,14,6,6,2,16,18,10,6,22,4,24,2,22,26,8,6,30,4,32,2,2,35,28,20,38,12,40,10,42,6,44,4,46,2,6,48,36,4,50,20,54,10,56,8,58,6,60,4,52,63,64,28,66,50,68,10,70
03eff184e9b6c600 0 0 1835270,12,10,14,8,6,2,16,18,10,8,22,4,24,2,22,2,26,29,8,4,2,33,30,20,36,12,38,10,40,8,42,4,6,45,34,4,48,2,46,20,52,10,54,6,51,57,58,20,60,30,62,46,64,10,66,6,69
1420492006a46868 0 0 1376518,10,8,14,6,16,4,14,2,18,21,12,8,24,6,26,2,2,28,4,2,10,33,30,22,36,6,38,4,40,2,5,43,44,22,34,46,48,44,50,10,52,4,55
d648764ad648d640 0 0 1769734,12,6,14,4,12,16,10,8,10,4,20,22,8,2,2,26,6,4,30,2,24,18,34,12,36,8,38,4,32,40,28,8,44,4,46,2,42,18,50,12,52,10,54,6,56,4,58,2,48,60,62,24,64,10,66
66978c28b3e88c28 0 0 1835270,10,4,14,2,10,17,8,6,20,2,12,8,24,6,26,2,22,28,7,21,30,18,34,12,36,10,3,38,32,12,42,8,44,6,40,18,48,10,50,8,52,4,47,54,56,18,58,30,60,12,62,8,64,6,66,2,68
12ce24c892ce2c40 0 0 1704198,10,4,14,2,10,17,8,2,12,2,21,22,6,8,24,18,28,12,30,10,32,8,3,35,26,12,36,18,40,10,42,8,44,6,46,4,39,48,50,18,52,24,54,36,56,10,58,8,60,6,62,4,64
d9d5bdc437c87ec8 0 0 1835270,10,4,12,4,16,2,15,19,8,2,12,8,24,2,22,26,7,8,14,2,28,20,34,12,36,10,38,4,33,41,30,12,44,8,42,20,48,12,50,8,52,6,54,4,46,56,58,20,60,28,62,10,64,8,66,4,69
a3751fdce0fa5c60 0 0 1835270,10,4,12,4,16,2,15,19,8,2,12,8,24,2,22,26,7,8,14,2,28,20,34,12,36,10,38,4,33,41,30,12,44,8,42,20,48,12,50,8,52,6,54,4,46,56,58,20,60,28,62,30,64,10,66,4,69
ddab34e88f100060 0 0 1900806,10,2,12,4,15,17,6,2,12,10,20,23,10,8,6,27,24,18,30,12,32,6,11,34,28,12,38,10,40,2,36,18,44,12,46,10,48,8,50,6,52,4,54,2,43,56,58,24,60,36,62,10,64,8,66,6,68,2,71
4fd1e56aea9afee8 0 0 1900806,10,2,12,4,15,17,6,2,12,10,20,23,10,8,6,27,24,18,30,12,32,6,11,34,28,12,38,10,40,2,36,18,44,12,46,10,48,8,50,6,52,4,54,2,43,56,58,24,60,28,62,36,64,10,66,8,68,2,71
8aee2224f95ef4a8 0 0 1966342,12,4,14,2,3,16,10,8,20,4,12,10,24,8,26,4,22,28,7,8,10,4,34,2,30,18,38,4,40,2,37,42,32,12,46,8,44,18,50,10,52,8,54,6,56,4,58,2,48,60,62,18,64,30,66,12,68,10,70,8,72
f11414a428b8fe08 0 0 1966342,12,4,14,2,3,16,10,8,20,4,12,10,24,8,26,4,22,28,7,8,10,4,34,2,30,18,38,4,40,2,37,42,32,12,46,8,44,18,50,10,52,8,54,6,56,4,58,2,48,60,62,18,64,30,66,32,68,12,70,10,72
f1aa9d8048e60a48 0 0 1638662,12,4,3,14,10,6,18,2,13,20,10,8,6,25,22,16,28,10,30,6,32,4,34,2,11,37,26,12,40,10,42,2,38,16,46,8,48,6,45,50,52,22,54,38,56,10,58,8,60,4,62
4059c8a60a5a18c0 0 0 1769734,12,4,3,14,10,6,18,2,13,20,10,8,6,25,22,16,28,10,30,6,32,4,34,2,11,37,26,12,40,10,42,2,38,16,46,8,48,6,45,50,52,22,54,26,56,38,58,10,60,8,62,6,64,4,66
067340407306ca60 0 0 2031878,12,8,14,6,14,16,10,4,12,6,22,2,20,24,20,2,10,6,30,2,28,32,6,2,26,18,38,10,40,8,42,6,44,4,46,2,36,48,34,12,52,6,50,18,56,12,58,8,60,4,62,2,54,64,66,18,68,12,70,8,72,6,74
062a122e74b69a48 0 0 2097414,12,8,14,6,14,16,10,6,20,4,12,4,22,24,22,2,6,4,30,2,28,32,6,2,26,18,38,10,40,8,42,6,36,44,34,12,48,4,50,2,46,18,54,12,56,10,58,8,60,6,62,2,52,64,66,18,68,26,70,12,72,8,74,4,76
f376701c890c9c00 0 0 2097414,12,10,14,6,16,2,16,4,20,2,18,22,12,6,7,26,6,2,8,4,32,2,31,35,4,2,28,24,40,10,42,6,44,2,38,47,36,12,50,6,52,2,48,24,56,12,58,10,60,8,54,62,64,28,66,48,68,12,70,6,72,4,74,2,76
cd326530c2686ac0 0 0 1245446,10,8,8,6,14,17,14,6,17,21,2,4,22,18,26,12,28,10,7,30,32,18,34,12,36,8,38,6,24,41,42,22,44,24,46,32,48,12,50
02bb20966990be48 0 0 1442054,10,8,14,6,4,16,14,4,20,2,4,22,10,2,22,26,4,2,24,18,32,10,34,2,30,36,28,12,40,8,42,4,38,18,46,10,48,8,50,4,52,2,45,54,56
4c65572e33fc2848 0 0 1442054,8,6,14,4,4,16,8,4,4,20,10,2,20,24,22,18,28,10,30,2,3,32,26,12,36,10,38,8,40,4,42,2,34,18,46,8,48,4,45,50,52,18,54,4,56
bc1f047a1bfc7e00 0 0 1442054,8,6,14,4,4,16,8,4,4,20,10,2,20,24,22,18,28,10,30,2,3,32,26,12,36,10,38,8,40,4,42,2,34,18,46,8,48,4,45,50,52,22,54,4,56
6667c9fab24c7888 0 0 1704198,10,8,14,6,16,4,18,2,2,20,14,4,24,2,2,26,8,4,26,30,4,2,28,22,36,8,38,4,34,40,32,12,44,10,46,2,42,22,50,10,52,8,54,4,56,2,49,58,60,22,62,28,64
6bbbb6968e9a6c88 0 0 1638662,10,8,14,6,4,16,14,4,20,2,4,22,10,2,22,26,4,2,24,18,32,10,34,2,30,36,28,12,40,8,42,4,38,18,46,10,48,8,50,4,52,2,45,54,56,28,58,10,60,2,62
d5bb6bf0276c9628 0 0 1900806,10,8,14,6,16,4,18,2,4,20,14,4,24,2,4,26,10,2,26,30,4,2,28,22,36,10,38,2,34,40,32,12,44,8,46,4,42,22,50,10,52,8,54,4,56,2,49,58,60,22,62,32,64,10,66,4,68,2,70
172c38c2c1361e28 0 0 1769734,10,8,14,6,4,16,14,4,20,2,4,22,10,2,22,26,4,2,24,18,32,10,34,2,30,36,28,12,40,8,42,4,38,18,46,10,48,8,50,4,52,2,45,54,56,24,58,28,60,10,62,4,64,2,66
7b6e6a66a6404848 0 0 1835270,10,8,14,6,2,16,14,4,20,2,2,22,8,4,22,26,4,2,24,18,32,8,34,4,30,36,28,12,40,10,42,2,38,18,46,10,48,8,50,4,52,2,45,54,56,18,58,24,60,28,62,8,64,4,66,2,68
8a8ff7524eee0000 0 0 1376518,3,12,12,4,3,17,6,4,20,2,5,23,18,14,26,6,28,4,30,2,10,33,24,8,36,6,38,2,34,14,42,12,44,4,41,47,48,14,50,12,52,8,54
52a82e4229c2aa28 0 0 1507590,3,12,12,4,3,17,6,4,20,2,5,23,18,14,26,6,28,4,30,2,10,33,24,8,36,6,38,2,34,14,42,12,44,4,41,47,48,14,50,18,52,8,54,4,56,2,59
6450d89c4c78cc88 0 0 1507590,10,6,10,4,14,16,12,8,20,6,22,2,2,24,10,8,28,6,30,4,32,2,4,34,4,2,26,18,40,6,42,4,38,44,46,18,36,48,50,36,52,46,54,4,56,2,58
9361d3e215689628 0 0 1376518,8,6,14,4,16,2,12,19,12,10,22,4,4,24,2,6,26,20,30,12,32,8,34,6,36,4,38,2,15,41,42,20,28,44,46,42,48,8,50,6,52,2,55
ea51515e149c9ca0 0 0 2031878,12,8,14,6,16,2,3,18,16,4,3,22,6,4,4,2,26,28,10,8,32,6,34,2,24,20,38,6,40,4,36,42,30,8,46,6,48,2,44,20,52,12,54,8,56,6,58,4,51,60,62,20,64,30,66,12,68,8,70,6,72,4,74
c7ab56f68a8ae428 0 0 1704198,12,6,12,10,16,6,15,18,14,4,22,2,11,25,6,4,4,2,28,30,10,2,26,20,36,6,38,4,35,40,32,8,44,6,46,2,42,20,50,12,52,6,54,4,56,2,49,59,60,20,62,10,64
486ab8aa6ac01200 0 0 1704198,10,8,10,14,12,8,18,6,20,4,20,22,6,4,26,2,2,28,4,2,24,16,34,10,36,8,38,4,32,40,30,4,44,2,42,16,48,12,50,10,52,8,54,4,56,2,46,58,60,16,62,10,64
0a432ff068f44248 0 0 1835270,10,8,14,6,3,16,14,4,20,2,3,22,10,4,22,27,4,2,24,18,32,8,34,6,36,4,30,39,28,12,42,10,44,6,46,4,40,18,50,10,52,8,54,4,56,2,49,58,60,18,62,10,64,8,66,6,68
f00ec77a4fbed260 0 0 1966342,10,8,14,6,16,4,18,2,3,20,14,4,24,2,3,26,10,4,26,30,4,2,28,22,36,8,38,6,40,2,34,42,32,12,46,8,48,6,50,2,44,22,54,10,56,8,58,4,60,2,53,62,64,28,66,10,68,8,70,4,72
f5e6e3f00e5e1848 0 0 1638662,10,8,10,14,12,6,18,4,18,2,20,23,4,6,24,16,28,10,30,4,32,2,3,35,26,2,36,16,40,12,42,10,44,8,46,4,39,48,50,16,52,24,54,36,56,12,58,10,60,8,62
6408ad50c4080800 0 0 1310982,8,2,12,8,16,2,14,18,12,10,22,6,24,4,26,2,24,28,8,6,4,32,30,20,36,8,38,4,8,40,34,2,42,20,46,10,48,2,44,50,52
22e59d7055eaea80 0 0 1507590,8,2,12,8,16,2,14,18,12,10,22,6,24,4,26,2,24,28,8,6,4,32,30,20,36,8,38,4,8,40,34,2,42,20,46,10,48,2,44,50,52,20,54,8,56,2,58
def4de90086c0808 0 0 1704198,8,2,12,8,16,2,14,18,12,10,22,8,24,4,26,2,24,28,8,6,4,32,30,20,36,8,38,4,8,40,34,2,42,20,46,10,48,8,50,6,52,2,44,54,56,30,58,12,60,10,62,8,64
0a10ab9881a8a8a8 0 0 1704198,12,2,9,14,12,10,18,4,18,2,20,22,8,6,4,26,8,2,24,16,32,8,34,4,36,2,31,39,28,2,40,16,44,10,46,8,48,6,50,4,52,2,42,54,56,16,58,24,60,10,62,2,64
7c785fd8f8305028 0 0 1900806,12,4,14,2,9,16,12,10,20,4,22,2,20,24,8,6,28,4,4,31,8,2,26,18,36,8,38,4,40,2,35,43,32,2,44,18,48,10,50,8,52,6,54,4,46,57,58,18,60,26,62,32,64,10,66,4,68,2,70
a55b5e161ce2e8a0 0 0 1835270,8,4,14,2,12,10,18,8,20,4,16,23,12,8,26,2,27,28,8,6,32,4,4,34,30,24,38,8,40,4,9,43,36,4,46,2,44,24,50,10,52,8,54,6,56,2,49,59,60,44,62,10,64,8,66,6,69
6787cfc645969aa0 0 0 1900806,8,4,12,10,16,2,15,19,12,4,22,2,23,24,8,6,28,4,4,30,8,2,26,20,36,8,38,4,40,2,34,42,32,4,46,2,44,20,50,10,52,8,54,6,49,57,58,26,60,44,62,12,64,6,66,4,68,2,70
55979edca828a0a0 0 0 1769734,8,4,14,2,12,10,18,8,20,6,22,4,16,24,12,2,13,28,8,6,4,33,30,26,36,8,38,4,9,41,34,4,44,2,42,26,48,10,50,4,52,2,47,55,56,26,58,30,60,42,62,10,64,4,67
5a48f06ab8e29ac0 0 0 1900806,5,12,12,8,16,6,12,10,20,8,18,22,10,2,2,26,10,6,30,4,32,2,24,14,36,12,38,10,40,6,35,42,28,10,46,6,48,2,44,14,52,12,54,10,56,8,58,6,60,4,62,2,50,65,66,14,68,12,70
a3a429a4b0483a48 0 0 1900806,12,4,14,2,6,4,16,18,12,10,22,8,22,4,24,26,2,9,8,6,32,2,28,20,36,12,38,8,40,2,34,42,30,8,46,4,48,2,44,20,52,12,54,10,56,6,58,4,50,61,62,28,64,12,66,10,68,4,70
f084ada6ede2b0c0 0 0 2359558,12,8,14,6,16,4,6,4,20,2,18,23,12,10,26,4,26,8,30,6,32,4,34,2,28,37,8,2,2,40,8,4,44,2,38,24,48,12,50,4,52,2,46,55,42,8,58,6,56,24,62,12,64,10,66,8,68,6,61,71,72,24,74,38,76,12,78,10,80,6,82,2,85
b0e50bb0486a84c0 0 0 2031878,5,12,12,8,16,6,12,10,20,8,18,22,2,11,10,6,28,4,30,2,24,14,34,12,36,10,38,6,33,40,26,10,44,6,46,2,42,14,50,12,52,10,54,8,56,6,58,4,48,60,62,14,64,26,66,12,68,10,70,6,72,2,74
fe8428f8f68c5080 0 0 2097414,12,10,14,8,16,6,18,4,20,2,4,2,22,24,12,8,28,6,12,6,32,4,30,35,8,6,2,39,36,26,42,12,44,10,46,6,48,2,9,51,40,8,54,4,56,2,52,26,60,12,62,4,64,2,59,67,68,36,70,52,72,12,74,4,77
967486e80f568660 0 0 2294022,12,10,14,8,16,6,4,2,18,20,12,8,24,6,26,4,28,2,12,6,30,32,8,6,36,4,2,38,8,2,34,22,44,12,46,10,48,6,50,4,52,2,42,54,40,8,58,4,56,22,62,12,64,4,60,66,68,22,70,34,72,56,74,12,76,6,78,4,80,2,82
09a8268889282688 0 0 2031878,12,10,14,8,16,6,18,4,14,20,12,4,13,24,4,2,8,2,29,31,8,6,34,4,36,2,26,22,40,12,42,10,44,4,38,47,32,2,48,22,52,10,54,6,56,2,50,59,60,22,62,26,64,48,66,10,68,6,70,4,72,2,75
3df35e7c1a3a2ce0 0 0 2097414,12,10,14,8,16,6,18,4,14,20,12,4,13,24,4,2,8,4,29,31,8,6,34,4,36,2,26,22,40,12,42,10,44,4,38,47,32,2,48,22,52,10,54,6,56,4,50,59,60,22,62,26,64,32,66,48,68,10,70,8,72,6,74,2,76
0652fd2ca7565c28 0 0 2097414,10,6,8,2,14,16,12,10,20,8,3,22,6,2,6,4,26,28,24,18,32,6,34,2,3,36,30,8,40,4,42,2,38,18,46,12,48,10,50,8,52,6,54,4,56,2,45,59,60,18,62,24,64,30,66,38,68,8,70,6,72,4,74,2,77
74f48cbca97cea80 0 0 1835270,10,2,12,10,16,6,14,19,12,4,22,2,2,25,10,8,28,6,7,30,26,20,34,6,10,37,32,12,40,8,42,6,44,2,38,20,48,12,50,10,52,8,54,6,56,4,46,59,60,20,62,26,64,10,66,2,68
b60c7108bbb24020 0 0 1900806,10,2,12,10,16,6,14,19,12,4,22,2,2,25,10,8,28,6,7,30,26,20,34,6,10,37,32,12,40,8,42,6,44,2,38,20,48,12,50,10,52,8,54,6,56,4,46,59,60,20,62,26,64,32,66,8,68,2,70
ad7aadc4343ebc80 0 0 1507590,9,12,12,10,16,4,18,2,2,20,6,4,5,24,8,2,22,14,30,6,32,4,29,34,26,8,38,6,40,2,36,14,44,12,46,10,42,49,50,14,52,22,54,12,56,8,58
0fdcd64a176494a8 0 0 1638662,9,12,12,10,16,4,18,2,2,20,6,4,5,24,8,2,22,14,30,6,32,4,29,34,26,8,38,6,40,2,36,14,44,12,46,10,42,49,50,14,52,22,54,26,56,12,58,8,60,6,62
39b6559e09fe24e0 0 0 1966342,12,6,14,2,15,16,10,2,12,10,22,4,24,2,21,26,10,8,30,6,7,32,28,18,36,6,10,39,34,12,42,8,44,6,46,2,40,18,50,12,52,10,54,8,56,6,58,4,49,61,62,28,64,40,66,8,68,6,70,2,73
3bac4054888c3c88 0 0 2031878,12,6,14,2,15,16,10,2,12,10,22,4,24,2,21,26,10,8,30,6,7,32,28,18,36,6,10,39,34,12,42,8,44,6,46,2,40,18,50,12,52,10,54,8,56,6,58,4,49,61,62,28,64,34,66,40,68,10,70,6,72,2,75
ac19906e01fe3480 0 0 1442054,12,10,14,4,2,16,12,4,12,6,22,2,21,24,6,8,26,18,30,12,32,4,5,35,28,12,36,18,40,12,42,4,44,2,38,47,48,18,50,26,52,6,54,2,56
3f51c040bfae8080 0 0 1442054,12,10,14,4,2,16,12,4,12,6,22,2,21,24,6,8,26,18,30,12,32,4,5,35,28,12,36,18,40,12,42,4,44,2,38,47,48,26,50,28,52,6,54,2,56
222a82a8057a82a8 0 0 1507590,12,10,14,4,2,16,12,4,12,6,22,2,21,24,6,8,26,18,30,12,32,4,5,35,28,12,36,18,40,12,42,4,44,2,38,47,48,18,50,26,52,28,54,6,56,2,58
842ad1aab7eac048 0 0 1507590,12,10,14,8,2,16,12,8,20,4,22,2,13,24,6,4,28,2,8,30,26,18,34,12,5,37,32,12,40,4,38,18,44,12,46,2,42,49,50,26,52,38,54,12,56,4,59
8dd88a58ddd8aa28 0 0 1835270,12,10,14,4,16,2,2,18,12,6,22,2,12,4,24,27,8,4,6,30,28,20,34,12,36,6,38,2,5,40,32,12,44,6,46,4,48,2,42,20,52,12,54,6,51,56,58,28,60,32,62,42,64,12,66,6,68
56f44ff462c02ec0 0 0 1966342,12,10,2,14,12,6,18,2,12,4,22,2,20,24,8,6,28,4,30,2,6,32,4,2,26,16,38,12,40,6,42,2,36,44,34,12,48,6,50,4,46,16,54,12,56,6,52,58,60,16,62,26,64,34,66,46,68,6,70,2,72
6906b62c52c23e68 0 0 1769734,12,8,12,2,15,16,12,10,20,6,22,2,12,6,25,26,10,6,30,4,32,2,2,34,10,8,38,2,28,18,42,12,44,10,46,6,48,2,40,51,36,6,52,18,56,10,58,6,54,61,62,18,64,28,66
9b65c876923c46a8 0 0 1900806,12,8,12,2,15,16,12,10,20,6,22,2,12,6,25,26,10,6,30,4,32,2,2,34,10,8,38,2,28,18,42,12,44,10,46,6,48,2,40,51,36,6,52,18,56,10,58,6,54,61,62,18,64,28,66,36,68,2,70
395bdc76d87662c8 0 0 1573126,12,10,14,6,14,8,18,6,16,21,12,8,18,2,25,26,10,6,30,4,32,2,2,34,10,8,28,22,40,12,42,8,38,45,36,6,46,22,50,10,52,6,49,54,56,46,58,10,60
be5e16ac7a1a1ee8 0 0 1900806,12,10,14,2,14,8,17,18,12,8,22,6,18,6,26,2,24,29,10,6,32,4,34,2,2,36,10,8,40,2,30,20,44,12,46,8,48,6,42,50,38,6,52,20,56,10,58,6,55,60,62,30,64,52,66,10,68,8,70
e3d6edfa0aaae260 0 0 1835270,12,10,14,8,16,6,18,2,14,20,12,6,14,6,25,27,10,6,30,4,2,32,10,8,36,6,28,22,40,12,42,6,38,45,34,6,48,2,46,22,52,10,54,6,51,57,58,22,60,28,62,46,64,12,66,2,68
e22f13da5496aaa0 0 0 1638662,12,10,14,8,16,6,14,6,19,20,12,2,15,24,10,6,28,4,2,30,10,8,26,22,36,12,38,2,34,40,32,6,44,2,42,22,48,10,50,6,52,2,47,54,56,32,58,42,60,10,62
4f289a962d4a34c8 0 0 2031878,12,10,14,2,14,8,17,18,12,8,22,6,18,6,26,2,24,29,10,6,32,4,34,2,2,36,10,8,40,2,30,20,44,12,46,8,48,6,42,50,38,6,52,20,56,10,58,6,55,60,62,30,64,38,66,52,68,10,70,8,72,2,74
9916dc20931cdc20 0 0 1704198,12,10,14,4,4,16,10,4,6,2,21,22,10,8,26,6,28,4,30,2,7,32,6,4,24,18,38,10,40,4,37,43,34,10,46,8,44,18,50,10,48,53,54,18,56,24,58,44,60,10,62,2,65
44f80d6e83c0f6c0 0 0 1507590,4,10,6,2,12,6,18,2,16,21,8,6,24,4,26,2,7,28,22,14,32,6,34,2,3,36,30,12,40,8,38,14,44,6,46,4,48,2,43,50,52,22,54,38,56,6,58
09a8aa2a23022a80 0 0 1769734,12,10,14,6,16,2,4,18,6,4,22,2,12,8,26,2,25,28,8,6,32,4,34,2,23,36,4,2,30,20,42,6,44,4,46,2,40,49,38,12,52,6,50,20,56,6,58,2,54,61,62,20,64,30,66
fea61638ef9a9468 0 0 1900806,12,10,14,6,16,4,4,18,6,4,22,2,12,8,26,6,28,2,25,31,8,4,23,34,4,2,32,20,40,6,42,4,44,2,38,47,36,12,50,6,52,2,48,20,56,6,58,2,55,61,62,32,64,36,66,8,68,4,70
11eaca467b0824a8 0 0 1966342,12,10,14,6,16,2,4,18,6,4,22,2,12,8,26,6,28,2,25,31,8,4,23,34,4,2,32,20,40,6,42,4,44,2,38,47,36,12,50,6,52,2,48,20,56,6,58,2,55,61,62,20,64,32,66,36,68,8,70,4,72
107e0eac1c7202a0 0 0 2031878,10,8,14,4,10,6,16,18,8,6,22,4,24,2,8,4,28,2,26,30,18,4,34,2,2,37,32,20,40,12,42,10,44,6,46,4,2,48,38,10,52,6,50,20,56,8,54,59,60,20,62,32,64,10,66,8,68,6,70,4,72,2,74
c26a4860c2ca48c0 0 0 1376518,10,8,14,6,16,4,2,18,12,8,22,6,22,24,6,8,6,4,26,20,32,8,34,6,36,4,30,38,28,6,42,4,44,2,40,20,48,8,46,50,52,40,54
8bfe820889dca208 0 0 1179910,8,2,2,14,8,4,18,2,2,20,10,2,14,24,22,16,6,28,26,12,32,10,34,8,30,16,38,10,40,2,37,42,44,22,46,2,48
63e3c20ebe32e020 0 0 1179910,8,2,2,14,8,4,18,2,2,20,10,2,14,24,22,16,6,28,26,12,32,10,34,8,30,16,38,10,40,2,37,42,44,16,46,22,48
e8fd4f383ed40088 0 0 1376518,8,4,9,15,8,6,18,4,4,20,10,2,9,24,4,2,22,16,29,30,26,12,34,10,36,8,38,2,32,16,42,10,44,2,40,46,48,16,50,8,52,4,55
bcf392e269a6b848 0 0 1376518,8,2,8,4,16,2,14,18,8,6,22,4,4,24,10,2,14,28,4,2,26,20,33,34,30,12,38,10,40,8,36,20,44,10,46,2,43,48,50,26,52,4,54
5e7d6162ead81a08 0 0 1835270,8,6,6,14,12,10,18,6,20,4,22,2,3,24,10,4,10,2,28,31,26,16,34,10,36,4,3,38,32,12,42,10,40,16,46,12,48,6,50,4,52,2,45,54,56,26,58,12,60,10,62,6,64,4,66,2,68
013af46a4bf01e00 0 0 1835270,8,6,14,2,12,4,16,18,12,10,22,8,24,6,26,4,28,2,4,30,6,4,34,2,2,36,14,4,32,20,42,12,44,8,46,6,48,4,50,2,40,52,54,20,38,56,58,32,60,54,62,8,64,6,66,4,68
fd87d29cb650ee00 0 0 1245446,12,4,14,2,12,17,12,10,20,2,3,22,6,8,24,18,28,12,30,10,4,33,26,12,34,18,38,6,36,40,42,18,44,24,46,12,48,10,50
7f56e85697fcfc00 0 0 1310982,12,4,14,2,12,17,12,10,20,2,3,22,6,8,24,18,28,12,30,10,4,33,26,12,34,18,38,6,36,40,42,18,44,24,46,26,48,12,50,10,52
b2e5e5a47ad2d2a0 0 0 1179910,12,4,13,15,12,10,3,18,6,8,4,2,20,16,26,12,28,10,30,2,25,33,22,12,34,16,38,6,37,40,42,34,44,6,46,4,49
fe87877894fcee00 0 0 1376518,12,4,13,15,12,10,3,18,6,8,4,2,20,16,26,12,28,10,30,2,25,33,22,12,34,16,38,6,37,40,42,20,44,34,46,12,48,10,50,6,52,4,55
679fd98e65226088 0 0 1245446,12,4,13,15,12,10,3,18,6,8,4,2,20,16,26,12,28,10,30,2,25,33,22,12,34,16,38,6,37,40,42,22,44,34,46,6,48,4,51
952afb084802aea8 0 0 1900806,12,6,14,4,14,16,12,10,20,4,22,2,3,24,8,6,28,4,30,2,6,32,4,2,26,18,38,12,40,10,42,4,37,45,34,12,48,6,50,4,46,18,54,6,52,56,58,26,60,34,62,46,64,12,66,10,68,2,71
39ecbcecb1647020 0 0 1507590,10,8,14,2,8,6,16,19,6,2,12,4,24,2,23,26,8,4,2,31,28,20,34,12,36,6,38,4,7,41,32,8,44,6,42,20,48,8,50,4,47,53,54,28,56,12,58
7c4eb0a0fc4e30a0 0 0 1638662,8,6,14,4,10,16,12,6,6,21,14,2,2,24,6,2,22,18,30,12,28,33,26,8,36,6,38,4,34,18,42,8,44,6,46,2,40,48,50,18,52,22,54,34,56,8,58,6,60,2,62
e8d2852cb5a2a420 0 0 1900806,6,2,12,8,16,4,18,2,15,20,12,10,24,4,3,26,6,4,8,2,30,33,28,22,36,12,38,10,40,4,42,2,4,45,34,12,48,8,50,4,52,2,46,22,56,8,58,2,54,61,62,22,64,28,66,10,68,6,70
8935808825b4da88 0 0 1769734,6,2,12,8,16,4,18,2,15,20,12,10,24,2,3,26,6,4,8,2,30,33,28,22,36,12,38,10,4,41,34,12,44,8,46,4,48,2,42,22,52,8,54,2,50,57,58,22,60,28,62,34,64,10,66
3f2929d697427ee8 0 0 1966342,12,8,14,4,14,6,18,2,16,20,12,10,24,6,26,4,28,2,5,30,6,4,8,2,34,36,4,2,32,22,42,12,44,10,46,6,48,2,41,51,38,12,54,8,56,6,58,2,52,22,62,8,64,2,60,66,68,32,70,10,72
06853228ec3a3228 0 0 2294022,12,8,14,4,16,2,14,6,19,21,12,10,24,6,26,4,28,2,5,30,6,4,8,6,36,4,34,38,4,2,32,22,44,12,46,10,48,6,50,2,43,53,40,12,56,8,58,6,54,22,62,8,64,6,66,4,61,68,70,22,72,32,74,12,76,10,78,6,80,2,82
9075fe28b5a05428 0 0 1966342,12,8,14,4,14,6,18,2,16,20,12,10,24,6,5,26,6,4,8,2,30,32,4,2,28,22,38,12,40,10,42,6,44,4,37,47,34,12,50,8,52,6,54,2,48,22,58,8,60,2,56,62,64,28,66,34,68,10,70,2,72
12e57a5454f60048 0 0 2359558,12,8,14,4,16,2,14,6,19,21,12,10,24,6,26,4,28,2,5,30,6,4,8,6,36,4,34,38,4,2,32,22,44,12,46,10,48,6,50,2,43,53,40,12,56,8,58,6,54,22,62,8,64,6,66,4,61,68,70,22,72,32,74,40,76,12,78,10,80,4,82,2,84
589cf672c64a64a8 0 0 1769734,8,2,6,14,12,10,18,6,20,4,22,2,3,24,10,4,10,28,26,16,32,10,34,4,3,36,30,12,40,10,42,2,38,16,46,12,48,6,50,4,44,53,54,26,56,38,58,12,60,10,62,4,64,2,66
00a2808870d28088 0 0 1573126,8,6,14,2,12,16,12,10,20,4,4,22,6,4,26,2,2,28,14,4,24,18,34,12,36,8,38,6,40,2,32,42,44,18,30,46,48,30,50,44,52,8,54,6,56,4,58,2,60
660e2a0400c2c440 0 0 1573126,8,6,14,2,12,16,12,10,20,4,4,22,6,4,26,2,2,28,14,4,24,18,34,12,36,8,38,6,40,2,32,42,44,18,30,46,48,24,50,30,52,44,54,8,56,6,58,2,60
7220aad80a7ad888 0 0 1835270,8,6,6,14,12,10,18,6,20,4,22,2,3,24,10,4,10,28,26,16,32,10,34,4,3,36,30,12,40,10,42,2,38,16,46,12,48,6,50,4,44,53,54,16,56,26,58,38,60,12,62,10,64,4,66,2,68
6455c9cc3ef03ac0 0 0 1573126,10,8,12,8,16,4,15,18,12,4,2,22,6,4,5,26,14,2,24,20,32,4,31,35,28,8,38,6,36,20,42,12,44,6,46,2,41,48,50,20,52,24,54,10,56,8,58,6,61
e6e7af5ecc32c6c8 0 0 1573126,10,8,12,8,16,4,15,18,12,4,2,22,6,4,5,26,14,2,24,20,32,4,31,35,28,8,38,6,36,20,42,12,44,6,46,2,41,48,50,20,52,24,54,28,56,10,58,8,61
d6b2ff444fd40c48 0 0 1835270,10,8,12,10,16,8,18,4,20,2,14,23,16,4,26,2,2,28,5,7,14,2,30,24,36,4,34,39,32,8,42,6,44,4,40,24,48,12,50,10,52,6,54,4,47,57,58,30,60,40,62,10,64,8,66,2,68
48674c50fd1ed000 0 0 2031878,10,8,12,10,16,8,18,4,20,2,14,23,16,4,26,2,2,28,5,7,14,2,30,24,36,4,34,39,32,8,42,6,44,4,40,24,48,12,50,10,52,6,54,4,47,57,58,30,60,32,62,40,64,10,66,8,68,6,70,4,72,2,75
2818411eef70b0e0 0 0 2031878,12,10,14,8,16,6,18,2,4,20,12,8,24,2,2,26,6,2,8,6,32,4,34,2,31,37,4,2,28,22,42,6,44,2,40,47,38,12,50,2,48,22,54,12,56,6,58,4,60,2,52,63,64,28,66,48,68,12,70,8,72,6,75
f32e1c3c848468c0 0 0 1900806,12,10,14,6,16,4,18,2,4,20,2,13,8,6,26,4,7,29,4,2,24,22,34,6,32,37,30,12,40,8,38,22,44,12,46,8,48,6,50,4,52,2,43,54,56,24,58,30,60,38,62,12,64,8,66,4,68,2,71
10143fd819e2d8c0 0 0 1835270,12,10,14,8,16,6,18,2,18,21,14,4,24,2,10,8,26,29,4,2,6,2,32,34,28,2,30,22,40,4,42,2,38,44,36,8,46,22,50,12,52,8,54,6,56,4,49,59,60,22,62,30,64,8,66,6,69
211faba6f736f200 0 0 1769734,12,4,14,2,15,16,12,8,20,4,10,8,23,25,5,7,24,2,26,18,32,4,30,35,28,8,38,6,40,4,36,18,44,12,46,10,48,6,50,4,42,53,54,18,56,26,58,28,60,10,62,4,64,2,67
2215cb56e62e2a48 0 0 1835270,12,10,14,4,16,2,16,19,14,8,10,8,24,2,22,27,6,4,30,2,5,33,28,20,36,4,24,39,34,8,42,6,44,4,46,2,40,20,50,12,52,6,54,4,48,56,58,28,60,40,62,8,64,6,66,4,68
475dce5421c47ae0 0 0 1835270,12,10,14,4,16,2,16,19,14,8,10,8,24,2,22,27,6,4,30,2,5,33,28,20,36,4,24,39,34,8,42,6,44,4,46,2,40,20,50,12,52,6,54,4,48,56,58,28,60,34,62,40,64,8,66,2,69
8f4da8604e9a9648 0 0 1442054,12,8,2,15,12,10,18,2,13,20,6,4,5,24,22,16,28,4,11,31,26,8,34,6,32,16,38,10,40,6,42,4,44,2,37,47,48,22,50,10,52,6,54,2,56
f7de0caa23365ac0 0 0 1769734,12,8,14,4,16,2,2,18,12,4,12,10,24,4,23,27,6,2,5,30,10,2,28,20,36,4,34,39,32,8,42,6,44,4,40,20,48,10,50,6,52,2,46,54,56,20,58,28,60,12,62,10,64,4,67
12191a44a74a50e8 0 0 1442054,12,8,2,15,12,10,18,2,13,20,6,4,5,24,22,16,28,4,11,31,26,8,34,6,32,16,38,10,40,6,42,4,44,2,37,47,48,22,50,26,52,10,54,2,56
f58a9bd89e228000 0 0 1966342,12,8,14,4,16,2,2,18,12,4,12,10,24,4,23,27,6,2,5,30,10,2,28,20,36,4,34,39,32,8,42,6,44,4,40,20,48,10,50,6,52,2,46,54,56,20,58,28,60,32,62,12,64,10,66,6,68,4,70,2,73
d3f87a80db78fa00 0 0 1769734,12,10,14,4,2,16,12,8,20,4,22,2,20,25,6,4,8,6,30,4,29,32,26,18,36,6,38,4,5,41,34,12,44,4,42,18,48,8,50,6,52,2,46,55,56,18,58,26,60,42,62,8,64,6,67
a6144aa8c6148aa8 0 0 1769734,12,10,14,4,2,16,12,8,20,4,22,2,20,25,6,4,8,6,30,4,29,32,26,18,36,6,38,4,5,41,34,12,44,4,42,18,48,8,50,6,52,2,46,55,56,18,58,26,60,34,62,42,64,6,67
7b02bcdcca345840 0 0 1638662,12,10,14,8,16,4,12,8,20,4,19,22,12,4,26,2,26,29,5,7,10,2,30,24,36,4,34,39,32,8,42,6,44,4,40,24,48,6,50,2,46,52,54,24,56,30,58,10,60,6,62
89830578996c6ae8 0 0 1704198,12,2,12,10,14,17,16,8,20,2,20,23,4,2,6,2,26,28,24,18,32,4,34,2,10,36,30,8,40,6,42,4,38,18,46,6,45,49,50,18,52,24,54,30,56,8,58,6,60,4,62,2,65
377fc1b6c97ec048 0 0 1769734,12,8,14,6,4,16,10,6,20,4,10,8,24,6,26,4,28,2,22,30,4,2,10,2,34,37,32,18,40,4,42,2,34,44,38,6,48,4,46,18,52,10,54,8,51,57,58,32,60,8,62,4,64,2,67
4ce0a1327dde5cc0 0 0 1900806,12,8,14,6,16,4,18,2,4,20,10,6,10,8,26,6,28,2,24,30,4,2,10,4,36,2,34,39,32,22,42,4,44,2,34,46,40,6,50,4,48,22,54,10,56,8,58,4,53,61,62,22,64,32,66,8,68,2,71
4f50042883500428 0 0 1835270,12,8,14,6,4,16,10,6,20,4,10,8,24,6,22,27,4,2,10,2,30,33,28,18,36,4,38,2,30,40,34,6,44,4,42,18,48,10,50,8,52,4,54,2,47,56,58,28,60,34,62,10,64,8,66,4,68
4ebcf7bcf7a04ea0 0 0 1048838,8,2,9,14,8,6,18,2,18,21,9,10,22,16,26,2,4,29,24,12,32,10,30,16,34,36,38,16,40,22,42,2,44
c9cc4540a60c2a80 0 0 1179910,8,6,10,15,10,6,18,2,15,21,2,4,22,16,26,12,28,10,30,6,7,32,34,16,36,12,38,2,24,41,42,22,44,34,46,12,48
e93e994e52f28828 0 0 1245446,8,6,10,15,10,6,18,2,15,21,2,4,22,16,26,12,28,10,30,6,7,32,34,16,36,12,38,2,24,41,42,22,44,24,46,34,48,12,50
c7404040a8202020 0 0 1245446,12,10,14,8,7,16,14,6,7,21,2,4,8,6,22,18,28,10,27,30,24,6,32,18,36,12,38,6,35,41,42,18,44,22,46,8,48,6,51
566252c292c09660 0 0 1573126,8,4,12,10,16,6,18,2,15,20,4,2,12,8,26,6,28,2,24,31,2,6,32,22,36,12,38,8,40,6,42,4,9,45,46,22,34,48,50,22,52,46,54,12,56,8,58,6,61
8aaaa8d2ba9af288 0 0 1310982,12,10,14,8,7,16,14,6,7,21,2,4,8,6,22,18,28,10,27,30,24,6,32,18,36,12,38,6,35,41,42,18,44,22,46,24,48,8,50,6,53
eeeaec686e6a6ce8 0 0 1442054,6,4,12,10,14,16,16,8,20,6,14,22,2,6,24,18,28,8,30,6,32,2,10,34,26,6,38,4,36,18,42,12,44,10,46,8,40,48,50,18,52,24,54,6,56
aba0bafa578ea8e8 0 0 1573126,12,10,14,4,16,2,2,19,14,6,2,22,10,8,26,4,6,28,10,4,32,2,24,20,36,6,34,38,30,12,42,10,44,4,46,2,40,20,50,12,52,10,49,54,56,20,58,30,60
8d620fd0f832f208 0 0 1573126,12,10,14,4,16,2,12,2,19,20,10,4,14,6,25,26,10,8,30,4,6,32,24,2,28,22,38,6,36,40,34,12,44,10,46,4,48,2,42,22,52,12,54,10,51,56,58,22,60
ed2699e62758c620 0 0 1638662,12,10,14,4,16,2,12,2,19,20,10,4,14,6,25,26,10,8,30,4,6,32,24,2,28,22,38,6,36,40,34,12,44,10,46,4,48,2,42,22,52,12,54,10,51,56,58,22,60,34,62
7d4a6d5aa2b042a0 0 0 1507590,12,10,14,2,4,16,6,2,12,21,8,4,24,2,7,26,4,2,22,18,32,6,34,2,30,37,28,12,40,8,42,2,38,18,46,6,48,4,50,2,44,53,54,22,56,38,58
0a7dcfbefa04cc08 0 0 1638662,12,10,14,4,4,16,6,2,12,2,21,23,8,4,26,2,7,28,4,2,24,18,34,6,36,2,32,39,30,12,42,8,40,18,46,6,48,4,50,2,45,53,54,18,56,24,58,40,60,4,62
b9068422bbae8620 0 0 1769734,12,10,14,2,4,16,6,2,12,21,8,4,24,2,7,26,4,2,22,18,32,6,34,2,30,37,28,12,40,8,42,2,38,18,46,6,48,4,50,2,44,53,54,22,56,28,58,38,60,8,62,4,64,2,66
2432348831327488 0 0 1769734,12,10,14,4,4,16,6,2,12,2,21,23,8,4,26,2,7,28,4,2,24,18,34,6,36,2,32,39,30,12,42,8,40,18,46,6,48,4,50,2,45,53,54,18,56,24,58,30,60,40,62,8,64,2,66
98b8aa20d878eae0 0 0 1310982,6,10,12,6,4,2,16,18,8,6,22,4,24,2,3,26,20,14,30,12,32,6,5,34,28,8,36,14,40,12,38,42,44,14,46,20,48,36,50,12,52
88a84b8acb020820 0 0 1835270,6,10,12,6,16,2,4,2,18,20,8,6,24,4,26,2,3,28,22,14,32,12,34,6,36,2,5,38,30,8,40,14,44,12,46,2,42,48,50,14,52,22,54,30,56,40,58,12,60,8,62,6,64,4,66,2,68
26eaa4e0a4e0a4e0 0 0 1442054,12,10,14,2,14,8,16,19,6,4,6,2,22,24,10,2,9,28,26,20,32,4,34,2,2,36,30,12,40,10,42,8,38,20,46,8,45,49,50,20,52,12,54,8,57
f6520c0876528c08 0 0 1704198,12,10,14,6,16,4,14,18,12,6,22,4,24,2,24,27,8,2,6,4,32,2,30,35,8,6,28,20,40,6,42,2,38,44,36,6,46,20,50,2,49,53,54,20,56,28,58,36,60,46,62,2,65
1b311a200a201a20 0 0 1376518,8,2,12,10,16,8,18,6,15,20,12,6,2,24,4,6,26,22,30,8,32,4,34,2,9,37,38,22,28,40,42,22,44,26,46,38,48,8,50,4,52,2,55
917b19e28048e648 0 0 1704198,10,8,9,14,12,6,18,4,3,20,6,4,3,24,22,16,28,12,30,10,32,6,34,2,7,37,26,6,40,4,42,2,38,16,46,10,48,4,45,50,52,16,54,22,56,12,58,10,60,4,62,2,65
e7f4455ea2820028 0 0 1704198,12,10,14,8,16,4,4,18,12,2,8,6,24,2,23,26,6,4,30,2,4,2,33,34,28,20,38,12,40,2,24,43,36,8,44,20,48,12,50,4,52,2,47,55,56,44,58,12,60,8,62,2,65
ebad60ae14702440 0 0 1835270,12,10,14,8,16,6,4,18,12,2,8,6,24,2,23,26,6,4,30,2,4,2,33,34,28,20,38,12,40,2,24,43,36,8,44,20,48,12,50,4,52,2,47,55,56,36,58,44,60,12,62,8,64,4,66,2,69
9cb6494c8cc0e848 0 0 1900806,10,8,14,6,16,2,4,18,12,8,22,6,24,4,22,2,26,28,8,6,32,4,34,2,6,4,36,39,30,20,42,12,44,8,46,6,48,4,3,50,40,12,54,6,52,20,58,12,60,8,62,6,56,64,66,20,68,30,70
7f7d9c3c717cc868 0 0 1966342,10,8,14,6,16,2,4,18,12,8,22,6,24,4,26,2,23,29,6,4,8,33,30,20,36,12,38,8,40,6,42,4,44,2,3,47,34,12,50,4,48,20,54,12,56,8,58,6,60,2,53,63,64,20,66,30,68,34,70,8,72
bfd2bee0e4424080 0 0 2031878,10,8,14,6,16,4,18,2,4,2,21,23,12,8,26,6,28,4,26,2,31,33,6,4,8,37,34,24,40,12,42,8,44,6,46,4,3,49,38,12,52,4,50,24,56,12,58,8,60,6,62,2,54,64,66,34,68,50,70,10,72,8,74
8291468a16364488 0 0 2425094,10,8,14,6,16,4,18,2,4,2,21,23,12,8,26,6,28,4,30,2,26,32,8,6,36,4,38,2,6,4,40,43,34,24,46,12,48,8,50,6,52,4,54,2,3,56,44,12,60,6,58,24,64,12,66,8,68,6,63,71,72,34,74,44,76,58,78,10,80,6,82,4,84,2,86
fbe724c833364680 0 0 1966342,10,8,4,2,14,17,12,8,20,4,20,6,24,2,22,26,8,6,30,2,6,4,32,35,28,18,38,12,40,8,42,4,3,44,36,12,48,4,50,2,46,18,54,12,56,8,58,2,53,61,62,18,64,28,66,36,68,46,70,8,73
e0ee636217669440 0 0 1507590,12,10,4,14,12,6,12,2,19,20,8,4,24,2,7,26,4,2,22,16,32,12,34,6,30,37,28,12,40,8,38,16,44,12,46,6,48,4,42,51,52,16,54,4,56,2,58
da6371f0da6618a0 0 0 1638662,12,10,4,14,12,6,12,2,19,20,8,4,24,2,7,26,4,2,22,16,32,12,34,6,30,37,28,12,40,8,38,16,44,12,46,6,48,4,42,51,52,16,54,22,56,28,58,8,60,2,62
56925140222aa280 0 0 1835270,12,8,14,2,12,10,18,8,20,2,16,22,18,2,2,27,6,4,6,30,10,2,28,24,36,12,38,8,34,40,32,8,44,6,42,24,48,12,50,10,52,8,47,54,56,24,58,28,60,12,62,10,64,8,66,2,68
a6d9510422a2a208 0 0 1966342,12,8,14,2,12,10,18,8,20,2,16,22,18,2,2,27,6,4,6,30,10,2,28,24,36,12,38,8,34,40,32,8,44,6,42,24,48,12,50,10,52,8,47,54,56,24,58,28,60,32,62,12,64,10,66,8,68,6,70,2,72
fc388968b9826688 0 0 1442054,4,2,12,6,16,4,14,19,8,4,7,22,4,10,24,20,28,8,30,2,2,32,26,12,34,20,38,12,40,8,42,6,36,45,46,20,48,24,50,8,52,4,54,2,56
31e7f6d418ce8cc8 0 0 1507590,4,2,12,6,16,4,14,19,8,4,7,22,4,10,24,20,28,8,30,2,2,32,26,12,34,20,38,12,40,8,42,6,36,45,46,20,48,24,50,26,52,8,54,4,56,2,58
e36a7a7aa106a240 0 0 1442054,4,2,12,6,16,4,18,2,14,21,8,4,24,2,6,2,27,28,4,10,30,22,34,8,2,37,32,12,38,22,42,12,44,8,46,6,41,48,50,30,52,38,54,8,56
45e46f3a1bbaa8a8 0 0 1900806,4,2,12,8,16,2,14,19,6,4,8,23,10,8,26,6,28,4,30,2,4,32,24,20,36,8,38,4,40,2,2,42,34,12,46,8,48,6,50,2,44,20,54,12,56,2,52,59,60,24,62,34,64,44,66,6,68,4,70
7e457cd642d69268 0 0 1835270,12,6,12,2,15,17,4,2,10,4,21,22,10,8,26,6,28,4,6,30,24,18,34,12,36,6,38,4,40,2,2,42,32,12,46,10,48,6,50,4,52,2,44,18,56,12,58,4,55,60,62,18,64,24,66,4,68
22ae525e27baa240 0 0 1769734,12,2,12,6,14,16,4,2,10,2,21,22,10,8,26,6,6,28,24,18,32,12,34,4,2,37,30,12,40,10,42,2,38,18,46,12,48,6,50,4,52,2,44,55,56,18,58,24,60,30,62,6,64,2,66
c31317fcf9163ce8 0 0 1769734,12,6,14,2,12,16,4,2,10,4,21,22,10,8,26,4,6,28,24,18,32,12,34,4,36,2,2,39,30,12,42,10,44,4,46,2,40,18,50,12,52,6,54,4,48,57,58,24,60,40,62,12,64,2,66
ed911fda9be86660 0 0 1835270,12,6,14,2,12,16,4,2,10,4,21,22,10,8,26,4,6,28,24,18,32,12,34,4,36,2,2,39,30,12,42,10,44,4,46,2,40,18,50,12,52,6,54,4,48,57,58,24,60,30,62,40,64,12,66,2,68
b1ee616eff007080 0 0 1704198,8,4,14,2,6,4,16,18,8,6,22,4,24,2,12,6,27,29,10,2,8,32,18,2,30,20,38,6,37,41,34,12,44,8,46,4,42,20,50,8,52,2,49,55,56,20,58,30,60,6,62,4,64
cc8de4b43e0c9888 0 0 2162950,10,4,14,2,12,10,18,6,17,21,6,2,18,8,26,2,25,28,8,6,32,4,34,2,2,36,10,6,40,4,42,2,30,22,46,10,48,6,50,4,44,52,38,8,56,6,54,22,60,12,62,10,64,2,59,66,68,30,70,12,72,10,74,6,76,2,79
17ba75a48a14e8a0 0 0 1966342,10,2,12,10,16,6,18,4,14,20,6,2,16,8,26,6,28,4,30,2,25,32,8,4,2,36,10,6,40,2,34,22,44,10,46,6,43,49,38,8,50,22,54,12,56,10,58,4,60,2,52,63,64,22,66,34,68,12,70,4,72
5ee78004411afaa0 0 0 2031878,10,4,12,10,16,6,18,2,14,20,6,2,16,8,25,27,8,6,30,4,32,2,2,34,10,6,38,4,28,22,42,10,44,6,46,4,48,2,41,51,36,8,54,6,52,22,58,12,60,10,57,63,64,28,66,36,68,12,70,10,72,2,74
5d7e3940335ca8c8 0 0 2228486,10,2,12,10,16,6,18,4,14,20,6,2,16,8,26,4,28,2,25,31,8,6,34,4,36,2,2,38,10,6,42,2,32,22,46,10,48,6,45,51,40,8,54,6,52,22,58,12,60,10,62,4,64,2,57,67,68,22,70,32,72,40,74,12,76,4,78,2,80
b2d9bb649bec5468 0 0 1835270,10,2,12,8,16,4,14,19,8,2,16,6,24,4,23,26,6,4,30,2,2,32,10,8,36,2,28,20,40,10,42,8,39,45,34,6,48,2,46,20,52,12,54,4,56,2,51,58,60,28,62,46,64,10,66,6,68
d99997d2d824eee8 0 0 1966342,10,2,12,8,16,4,14,19,8,2,16,6,24,4,23,26,6,4,30,2,2,32,10,8,36,2,28,20,40,10,42,8,39,45,34,6,48,2,46,20,52,12,54,4,56,2,51,58,60,28,62,34,64,46,66,10,68,6,70,2,72
f5e3b0f41c0a4ea0 0 0 1704198,12,10,14,2,10,4,18,2,16,21,6,2,14,6,26,4,25,28,6,8,30,22,34,12,36,10,38,6,18,41,32,12,44,2,42,22,48,10,50,6,52,4,47,54,56,22,58,30,60,10,62,6,64
c33be61e67902ce8 0 0 1769734,12,10,14,2,10,4,18,2,16,21,6,2,14,6,26,4,25,28,6,8,30,22,34,12,36,10,38,6,18,41,32,12,44,2,42,22,48,10,50,6,52,4,47,54,56,22,58,30,60,32,62,10,64,6,66
2529b104f7087208 0 0 2097414,12,10,10,4,16,2,14,19,6,2,13,23,10,8,26,6,28,4,6,30,24,20,34,12,36,10,38,6,40,2,16,43,32,12,46,10,48,6,50,4,52,2,44,20,56,10,58,6,60,4,54,62,64,24,66,44,68,10,70,6,72,4,74,2,77
622a005656545448 0 0 2097414,12,10,10,4,16,2,14,19,6,2,13,23,10,8,26,6,28,4,6,30,24,20,34,12,36,10,38,6,40,2,16,43,32,12,46,10,48,6,50,4,52,2,44,20,56,10,58,6,60,4,54,62,64,24,66,32,68,44,70,10,72,4,74,2,77
08c0d63e343cc8e0 0 0 1835270,12,6,14,2,14,4,18,2,16,20,12,8,24,4,6,27,10,8,30,6,32,4,2,34,6,4,38,2,28,22,42,12,44,2,40,46,36,8,50,6,48,22,54,12,56,4,58,2,53,60,62,28,64,6,66,4,68
80693498ad96b6c8 0 0 1769734,12,6,14,2,14,4,18,2,16,20,12,8,24,6,26,4,6,28,10,8,2,32,6,4,36,2,30,22,40,12,42,2,38,44,34,8,46,22,50,12,52,4,54,2,48,56,58,22,60,30,62,12,64,2,66
303472123a0ef0a0 0 0 1900806,12,6,14,2,14,4,16,19,12,8,22,4,24,2,6,26,10,8,30,6,32,4,2,34,6,4,28,20,40,12,42,2,39,44,36,8,48,6,46,20,52,12,54,4,51,57,58,28,60,36,62,8,64,6,66,4,68,2,71
7f4de6acfce46000 0 0 2097414,12,8,14,6,16,2,16,4,19,20,6,2,12,6,26,4,28,2,24,30,10,8,2,34,6,4,38,2,32,22,42,12,44,8,41,47,36,8,48,22,52,12,54,8,56,4,58,2,50,60,62,22,64,32,66,36,68,8,70,6,72,4,74,2,76
ae0c47e2297ef0a0 0 0 1900806,12,6,14,4,16,2,14,2,19,21,12,8,24,2,6,27,10,8,30,6,32,4,34,2,2,36,6,4,40,2,28,22,44,12,46,4,48,2,42,51,38,8,54,6,56,2,52,22,60,12,62,2,58,65,66,28,68,52,70
20b8ffbe1550fc60 0 0 2097414,12,8,14,6,16,4,16,2,19,20,6,2,12,24,10,8,28,6,30,4,2,32,6,4,36,2,26,22,40,12,42,8,44,4,46,2,39,49,34,8,52,6,50,22,56,12,58,8,54,60,62,26,64,34,66,50,68,12,70,6,72,4,74,2,77
48ec4f623b3acc88 0 0 2097414,6,2,12,8,16,6,15,18,12,4,22,2,3,24,10,8,28,6,30,2,4,32,6,4,26,20,38,12,40,6,42,4,36,45,34,12,48,8,50,6,52,4,54,2,46,20,58,8,60,6,62,4,64,2,57,66,68,20,70,26,72,8,74,4,76
bec8ec306dbe4c60 0 0 1769734,6,4,14,2,12,4,18,2,17,21,12,8,24,6,3,27,4,10,28,22,32,12,34,8,36,4,38,2,6,40,30,12,42,22,46,8,48,6,50,4,52,2,44,54,56,22,58,28,60,30,62,8,64,4,66
f4dd0e0e5dfc68e0 0 0 1704198,12,10,14,6,16,4,13,18,16,2,3,23,10,8,26,4,6,28,10,4,32,2,24,20,36,10,38,6,40,2,34,42,30,12,46,10,48,4,50,2,44,20,54,4,56,2,53,59,60,24,62,4,64
3f581e0e75f2e0e0 0 0 1966342,12,6,14,2,12,10,18,4,16,20,18,2,3,25,10,8,28,6,30,4,6,32,10,4,26,22,38,10,40,6,37,43,34,12,46,10,48,6,50,4,52,2,44,22,56,4,58,2,55,61,62,22,64,26,66,12,68,6,70,4,72
8e84f9ca96243cc0 0 0 1966342,12,6,14,2,12,10,18,4,16,20,18,2,3,25,10,8,28,6,30,4,6,32,10,4,26,22,38,10,40,6,37,43,34,12,46,10,48,6,50,4,52,2,44,22,56,4,58,2,55,61,62,22,64,26,66,34,68,12,70,4,72
7a4545a8e80a50e8 0 0 2162950,8,6,14,4,6,4,18,2,16,21,12,8,24,2,12,6,27,29,10,4,8,32,6,2,30,22,38,12,40,6,42,4,44,2,36,47,34,12,50,8,52,4,54,2,48,22,58,12,60,8,62,6,64,4,56,66,68,22,70,30,72,6,74,4,76,2,79
20e400840878d8e8 0 0 2162950,8,6,14,4,6,2,16,18,12,8,22,4,24,2,12,6,26,29,10,4,8,32,6,4,36,2,30,20,40,12,42,6,44,2,39,46,34,12,50,8,52,2,48,20,56,12,58,8,60,6,62,4,55,64,66,20,68,30,70,34,72,8,74,6,76,2,78
918e9796ba8894c0 0 0 2031878,4,2,12,8,16,6,18,4,15,20,16,4,24,2,12,4,27,29,10,8,32,6,34,4,36,2,2,38,8,4,42,2,30,22,46,12,48,8,45,50,40,8,54,6,56,2,52,22,60,6,62,2,59,65,66,22,68,30,70,6,72,2,75
0b906cf887cae008 0 0 1900806,4,2,12,6,16,4,15,19,12,4,12,8,24,4,26,2,22,28,10,8,32,6,34,4,2,36,8,4,40,2,30,20,44,12,46,2,43,49,38,8,52,6,50,20,56,6,55,59,60,20,62,30,64,38,66,6,68,4,71
343c2bd22ed6f2c8 0 0 1835270,4,2,12,8,16,6,18,2,15,20,16,2,12,24,10,8,28,6,30,4,2,32,8,4,36,2,26,22,40,12,42,8,44,4,39,47,34,8,50,6,48,22,54,6,52,56,58,26,60,48,62,6,64,4,66,2,69
d6a0cde4f9f01e48 0 0 1966342,4,2,12,6,16,2,15,19,12,8,22,2,13,25,10,8,28,6,30,4,32,2,2,34,8,4,38,2,26,20,42,12,44,4,46,2,41,48,36,8,52,6,54,2,50,20,58,6,60,2,56,62,64,26,66,36,68,50,70,6,73
b9dd63525f6ec608 0 0 2097414,12,6,14,2,10,6,18,4,17,20,12,10,24,6,26,2,25,28,8,6,32,4,34,2,6,36,20,2,30,22,42,10,44,6,46,2,41,48,38,12,52,6,54,4,56,2,50,22,60,12,62,6,64,4,58,67,68,22,70,30,72,38,74,10,76
8c5c4c64190c3220 0 0 2097414,12,6,6,4,16,2,14,18,12,8,22,2,22,4,25,26,10,8,30,6,32,2,4,34,28,20,38,8,40,6,42,2,17,45,36,12,48,8,50,6,52,4,54,2,46,20,58,12,60,8,62,6,64,4,56,67,68,28,70,46,72,12,74,8,77
c6151f969194e2e8 0 0 1638662,12,8,14,2,6,2,17,18,12,6,22,4,24,2,22,27,4,10,28,20,32,8,34,6,36,2,7,39,30,12,40,20,44,12,46,2,43,48,50,28,52,30,54,40,56,12,58,6,60,2,62
14c34a7c66cc7c40 0 0 2228486,12,8,14,6,16,4,18,2,12,10,22,8,24,6,26,4,28,2,21,30,22,4,22,6,36,4,35,38,8,4,2,42,10,6,46,2,40,32,50,10,52,8,54,6,56,2,48,58,44,8,60,32,64,8,66,6,68,2,62,71,72,32,74,40,76,10,78,6,80
e6d70bc624a696e8 0 0 2294022,12,8,14,6,16,4,18,2,12,10,22,8,24,6,26,4,28,2,21,30,22,4,22,6,36,4,35,38,8,4,2,42,10,6,46,2,40,32,50,10,52,8,54,6,56,2,48,58,44,8,60,32,64,8,66,6,68,2,62,71,72,32,74,40,76,44,78,10,80,6,82
6eb287a4c64096e0 0 0 1966342,12,10,14,8,16,6,18,4,12,8,22,6,24,4,21,26,12,4,22,4,30,33,6,4,36,2,2,38,10,8,42,2,34,28,46,10,48,8,50,6,44,53,40,6,56,2,54,28,60,8,62,6,59,64,66,34,68,54,70,8,72
ef55ce9e80d4fe40 0 0 2097414,12,10,14,8,16,6,18,4,12,8,22,6,24,4,21,26,12,4,22,4,30,33,6,4,36,2,2,38,10,8,42,2,34,28,46,10,48,8,50,6,44,53,40,6,56,2,54,28,60,8,62,6,59,64,66,34,68,40,70,54,72,8,74,2,76
52069642bcac78e8 0 0 2031878,12,8,14,6,14,16,10,8,20,6,22,4,20,4,26,2,24,28,10,6,10,32,6,4,36,2,30,18,40,10,42,4,44,2,38,46,34,10,50,6,52,4,48,18,56,6,58,2,54,60,62,18,64,30,66,12,68,10,70,6,72,4,74
558ada8afd88d888 0 0 1310982,12,10,14,4,2,16,12,2,4,20,8,6,8,24,4,2,22,18,30,12,32,2,28,34,26,12,38,8,36,18,42,4,44,2,40,46,48,18,50,22,52
fa528a888a888a88 0 0 1442054,12,10,14,4,2,16,12,2,4,20,8,6,8,24,4,2,22,18,30,12,32,2,28,34,26,12,38,8,36,18,42,4,44,2,40,46,48,18,50,22,52,26,54,8,56
e7ba0aa82b768220 0 0 1573126,10,8,14,2,2,16,14,4,20,2,2,22,8,6,26,2,4,28,12,10,32,8,34,6,24,18,36,38,30,8,42,4,40,18,46,8,48,6,50,2,44,52,54,18,56,8,58,2,60
f2d013208d506ca0 0 0 1048838,8,12,12,8,8,4,16,18,10,6,4,23,16,2,20,14,27,28,24,10,32,4,30,14,36,10,38,6,34,41,42,14,44
c488354e81324cc8 0 0 1900806,8,4,14,2,4,2,17,19,8,6,19,22,10,8,26,4,28,2,8,30,24,20,34,8,36,4,38,2,4,41,32,12,44,8,46,4,42,20,50,10,52,8,54,4,56,2,49,58,60,20,62,12,64,10,66,8,68,2,70
1e0755ec86dc32c8 0 0 1966342,8,4,14,2,4,2,17,19,8,6,19,22,10,8,26,4,28,2,8,30,24,20,34,8,36,4,38,2,4,41,32,12,44,8,46,4,42,20,50,10,52,8,54,4,56,2,49,58,60,24,62,12,64,10,66,8,68,6,70,4,73
b0b3202693300600 0 0 1769734,8,4,14,2,15,17,2,8,10,8,22,4,24,2,8,26,6,4,20,18,32,8,34,4,36,2,30,39,28,12,42,8,44,4,40,18,48,10,50,8,52,4,54,2,47,56,58,20,60,12,62,10,64,4,67
3f67374c43e444c0 0 0 1900806,8,4,14,2,15,17,2,8,10,8,22,4,24,2,8,26,6,4,20,18,32,8,34,4,36,2,30,39,28,12,42,8,44,4,40,18,48,10,50,8,52,4,54,2,47,56,58,18,60,20,62,12,64,10,66,8,68,2,70
b66d392e9e54eee8 0 0 1245446,12,8,8,14,8,4,14,18,10,6,4,23,14,4,26,2,20,16,30,8,28,32,24,10,36,4,34,16,40,10,42,6,38,45,46,16,48,8,50
abe5e3da1d60aaa0 0 0 1507590,8,6,14,4,6,16,6,14,10,6,4,23,6,2,20,18,28,8,26,30,24,12,34,10,36,8,38,4,32,18,42,10,44,6,41,47,48,18,50,12,52,10,54,8,56,6,59
ad6dc0da662e9200 0 0 1769734,3,8,8,6,16,2,3,18,10,8,22,4,24,2,8,26,4,2,20,14,32,6,31,35,28,12,38,8,40,4,36,14,44,10,46,8,48,4,50,2,43,52,54,14,56,20,58,12,60,10,62,6,64,4,67
1c0e31542ff202a8 0 0 1769734,12,8,14,4,16,2,2,18,10,6,22,2,10,8,26,6,28,4,24,30,4,2,10,4,36,2,34,39,32,20,42,4,44,2,34,46,40,6,48,20,52,10,54,8,51,57,58,32,60,48,62,8,64,2,67
c830c84c4a5c4a20 0 0 1704198,10,8,8,14,4,2,12,8,20,2,18,22,8,6,26,2,3,28,24,16,32,2,5,35,30,6,38,4,40,2,36,16,44,12,46,6,48,4,50,2,43,52,54,24,56,12,58,8,60,6,62,4,65
e4e6fda2ffc4e680 0 0 1704198,10,8,8,14,4,2,12,8,20,2,18,22,8,6,26,2,3,28,24,16,32,2,5,35,30,6,38,4,40,2,36,16,44,12,46,6,48,4,50,2,43,52,54,16,56,24,58,12,60,6,62,4,65
4dba4ce6996ea208 0 0 1442054,10,4,8,14,4,2,12,8,20,2,18,22,8,6,26,4,3,28,24,16,32,2,5,35,30,6,36,16,40,12,42,6,39,44,46,16,48,24,50,30,52,12,54,2,57
a28d72825dd8be28 0 0 1769734,10,6,14,2,8,4,16,19,4,2,12,2,22,24,8,6,28,2,3,30,26,20,34,2,5,37,32,6,40,2,38,20,44,12,46,8,48,6,50,4,52,2,42,54,56,26,58,38,60,10,62,6,64,4,67
04c5cd1212acacc0 0 0 1507590,10,8,8,4,14,17,4,2,12,8,20,23,8,6,26,4,3,28,24,18,32,2,5,35,30,6,38,4,36,18,42,12,44,6,46,2,40,49,50,18,52,24,54,36,56,2,59
ff8c672a706ad400 0 0 1769734,10,6,14,4,4,16,12,6,20,2,7,23,6,2,8,6,26,29,24,18,32,6,34,2,3,36,30,12,40,8,42,6,44,4,38,18,48,12,50,8,52,6,54,2,46,57,58,24,60,12,62,8,64,2,67
a9144aa8c9148aa8 0 0 1900806,10,6,14,4,4,16,7,13,6,2,8,2,22,24,20,18,28,6,30,2,3,32,26,12,36,8,38,6,40,4,34,18,44,12,46,8,48,6,50,2,43,52,54,18,56,20,58,26,60,34,62,12,64,8,66,4,68,2,71
4b8969948746f6c8 0 0 1835270,6,2,12,8,16,6,18,4,15,21,12,4,24,2,10,4,27,28,8,6,32,4,3,35,10,6,38,4,30,22,42,2,40,45,36,4,46,22,50,12,52,10,54,8,56,6,58,4,60,2,48,62,64,22,66,12,68
0e186674b68ede48 0 0 1835270,6,2,12,8,16,6,18,4,15,21,12,4,24,2,10,2,27,28,8,6,32,4,3,35,10,6,38,2,30,22,42,2,40,45,36,4,46,22,50,12,52,10,54,8,56,6,48,58,60,22,62,30,64,12,66,10,68
82d007f06e7014a0 0 0 2097414,6,2,12,8,16,6,18,4,15,21,12,4,24,2,10,4,27,28,8,6,32,4,34,2,3,36,10,6,40,4,30,22,44,2,42,47,38,4,50,2,48,22,54,12,56,10,58,8,60,6,62,4,53,65,66,22,68,38,70,12,72,4,74,2,77
cb471324e1decc48 0 0 2228486,6,2,12,8,16,6,18,4,15,21,12,4,24,2,10,2,27,28,8,6,32,4,34,2,3,36,10,6,40,2,30,22,44,2,42,47,38,4,50,2,48,22,54,12,56,10,58,8,60,6,62,2,53,65,66,22,68,30,70,38,72,12,74,10,76,4,78,2,81
8ae4f4f4751854a8 0 0 1442054,12,10,9,14,14,6,10,4,20,2,18,23,6,4,3,27,10,8,30,4,24,16,34,2,33,37,28,4,40,2,38,16,44,12,46,2,42,48,50,38,52,10,54,2,56
ddb80328269e1668 0 0 1835270,8,2,12,10,16,6,18,4,20,2,15,22,16,4,26,2,10,2,28,30,6,4,3,35,10,8,38,2,32,24,42,2,40,45,36,4,48,2,46,24,52,12,54,6,50,57,58,32,60,46,62,6,64,4,66,2,69
65da6ec2c9986220 0 0 1442054,12,10,9,14,14,6,10,4,20,2,18,23,6,4,26,2,3,28,10,8,32,4,24,16,36,2,35,39,30,4,40,16,44,12,43,47,48,30,50,40,52,10,54,4,57
79559a201b88f8a8 0 0 1835270,8,2,12,10,16,6,18,4,20,2,15,22,16,4,26,2,10,2,28,30,6,4,34,2,3,36,10,8,40,2,32,24,44,2,42,47,38,4,48,24,52,12,54,6,56,2,51,58,60,32,62,38,64,48,66,6,68
23bb2b5aa5686ee0 0 0 1573126,12,10,4,2,14,17,12,8,20,4,22,2,8,2,24,27,8,6,9,31,28,18,34,8,5,37,32,12,40,8,42,6,38,18,46,12,48,8,50,6,52,4,45,54,56,28,58,4,60
59c4b3a24c2e0c48 0 0 1835270,12,10,4,14,12,8,18,4,20,2,8,2,22,25,8,6,9,29,4,2,26,16,34,8,32,37,30,12,40,8,42,6,44,2,38,16,48,12,50,8,52,6,54,4,46,56,58,16,60,26,62,12,64,8,66,6,68
ba34f378bc7c5ac0 0 0 1769734,12,10,4,2,14,17,12,8,20,4,22,2,8,2,24,27,8,6,9,31,28,18,34,8,5,37,32,12,40,8,42,6,38,18,46,12,48,8,50,6,52,4,45,54,56,28,58,32,60,8,62,6,64,4,67
9b3464a891b68c40 0 0 1769734,12,10,4,14,12,8,18,4,20,2,8,2,22,25,8,6,9,29,4,2,26,16,34,8,32,37,30,12,40,8,42,6,44,2,38,16,48,12,50,8,52,6,54,4,46,56,58,16,60,26,62,30,64,12,67
1a3165ee7aa85a88 0 0 1966342,12,10,14,6,16,4,4,18,12,6,22,2,9,24,8,2,6,4,30,2,29,33,4,2,26,20,38,8,40,2,36,43,34,12,46,8,48,2,44,20,52,12,54,8,56,4,50,58,60,26,62,44,64,12,66,8,68,6,70,2,72
add7e3c6944e7aa0 0 0 1769734,8,6,14,4,16,2,4,18,12,10,22,4,24,2,22,8,26,28,8,11,4,2,30,20,36,8,34,38,32,12,42,8,44,2,40,20,48,10,50,8,52,4,54,2,47,57,58,20,60,30,62,8,64,2,67
c71bcfdeedce26c8 0 0 1966342,8,6,14,4,4,2,16,19,12,2,12,8,24,4,26,2,23,29,10,2,9,32,30,20,36,8,5,39,34,12,42,10,44,8,46,4,48,2,40,20,52,10,54,8,56,4,58,2,51,60,62,30,64,34,66,12,68,8,70,4,73
e32a57dabef08200 0 0 1835270,8,6,14,4,16,2,2,18,12,10,22,8,24,4,26,2,23,29,8,11,4,2,30,20,36,8,34,38,32,12,42,8,44,2,40,20,48,10,50,8,52,4,54,2,46,57,58,30,60,40,62,10,64,8,66,4,69
91984144260e6c88 0 0 1769734,12,10,14,4,2,16,12,8,20,6,22,2,20,24,6,4,8,6,30,4,29,33,26,18,36,6,38,4,5,41,34,12,44,6,42,18,48,8,50,4,52,2,46,55,56,26,58,12,60,8,62,6,64,2,66
0345baa6c8a81888 0 0 1704198,12,10,14,4,2,16,12,8,20,6,20,2,23,25,6,4,8,6,30,4,32,2,29,34,26,18,38,6,40,4,5,43,36,12,46,6,44,18,50,8,52,4,48,54,56,18,58,26,60,8,62,6,65
e8010810fdbedea0 0 0 1769734,12,10,14,4,2,16,12,8,20,6,22,2,20,24,6,4,8,6,30,4,29,33,26,18,36,6,38,4,5,41,34,12,44,6,42,18,48,8,50,4,52,2,46,55,56,26,58,34,60,12,62,4,64,2,67
4b96e94488acc460 0 0 1704198,12,10,14,2,2,16,12,8,20,6,20,2,23,25,6,4,8,6,30,4,32,2,29,34,26,18,38,6,40,4,5,43,36,12,46,6,44,18,50,8,52,4,48,54,56,18,58,26,60,36,62,6,65
8b4c19861a2222e8 0 0 1835270,12,10,2,14,12,8,18,6,12,6,22,2,20,24,8,4,28,2,6,30,4,2,26,16,36,8,38,4,40,2,34,42,32,12,46,4,44,16,50,8,52,6,54,2,48,56,58,26,60,44,62,12,64,6,66,2,68
e9b7d79c48167668 0 0 1900806,12,10,2,14,12,8,18,6,12,6,22,2,20,24,8,4,28,2,6,30,4,2,26,16,36,8,38,4,40,2,34,42,32,12,46,4,44,16,50,8,52,6,54,2,48,56,58,16,60,26,62,44,64,12,66,6,68,2,70
787f002a04ea8c40 0 0 1769734,12,10,14,4,16,2,2,18,12,8,22,2,12,4,26,2,24,29,6,9,4,2,30,20,36,8,34,39,32,12,42,6,40,20,46,8,48,6,50,4,45,53,54,30,56,32,58,40,60,12,62,4,64,2,67
f8e61718d796b8e8 0 0 1704198,12,8,14,2,12,6,18,2,16,20,12,4,13,24,10,6,28,2,3,31,8,6,34,4,36,2,26,22,40,2,38,43,32,10,46,2,44,22,50,10,52,6,54,4,56,2,49,58,60,26,62,4,64
af07869265761ae0 0 0 1835270,12,6,14,2,13,16,12,8,20,2,20,4,22,24,10,8,28,4,3,31,6,4,34,2,26,18,38,2,36,41,32,10,44,4,42,18,48,10,50,8,52,2,47,55,56,18,58,26,60,12,62,8,64,6,66,2,68
33ba8ac0bf9c8ac0 0 0 2031878,12,6,14,2,12,8,18,2,16,20,18,6,24,2,24,4,28,2,27,30,10,6,34,4,36,2,3,39,8,6,42,4,44,2,32,22,48,2,46,51,40,10,54,4,52,22,58,10,60,6,62,2,57,64,66,32,68,40,70,10,72,6,75
5c623b0a08c6dc48 0 0 2031878,12,6,14,2,13,16,12,8,20,6,22,2,22,4,25,27,10,8,30,4,3,32,6,4,36,2,28,18,40,2,38,43,34,10,46,4,48,2,44,18,52,10,54,8,56,2,50,58,60,18,62,28,64,34,66,12,68,10,70,8,72,2,75
20959d78505a9ac0 0 0 2294022,12,10,14,8,16,6,18,4,16,4,20,23,14,6,26,4,28,2,12,6,32,2,30,34,8,6,38,4,40,2,3,42,10,6,46,4,48,2,36,24,52,2,50,55,44,4,58,2,56,24,62,10,64,8,66,6,68,2,60,70,72,56,74,10,76,8,78,4,80,2,82
26db2a50c742daa0 0 0 2031878,12,4,12,6,16,4,18,2,14,21,12,8,24,6,26,4,26,2,29,31,10,8,34,4,3,37,6,4,40,2,32,22,44,2,42,47,38,10,50,4,48,22,54,10,56,8,58,2,52,61,62,32,64,48,66,12,68,10,70,6,72,4,74
7e9289306262a6c0 0 0 1966342,12,6,14,4,16,2,12,4,19,20,12,8,24,4,24,2,26,28,10,8,32,4,3,34,6,4,38,2,30,22,42,2,40,45,36,10,48,4,50,2,46,22,54,10,56,8,58,2,53,60,62,30,64,36,66,46,68,12,70,4,72
443c7f08b9fea8e0 0 0 1573126,10,4,12,10,16,4,18,2,15,20,4,2,10,6,26,2,25,28,10,8,11,33,30,22,36,10,38,8,4,41,34,12,44,10,46,8,42,22,50,6,52,4,49,54,56,22,58,2,60
04a1f78cdd807408 0 0 1638662,10,4,12,8,16,4,18,2,14,20,4,2,10,6,26,4,25,29,10,8,10,33,30,22,36,10,38,8,4,41,34,12,42,22,46,6,48,2,44,50,52,22,54,30,56,10,58,6,60,2,63
a0230c800efe2a80 0 0 1704198,10,4,12,10,16,8,18,4,20,2,14,23,4,2,10,6,27,28,10,8,10,32,30,24,36,10,38,8,4,40,34,12,44,10,42,24,48,6,50,4,52,2,46,55,56,24,58,34,60,12,62,10,64
9ca6198c98a26208 0 0 1835270,10,4,12,4,16,2,15,18,4,2,10,6,24,4,26,2,23,29,10,8,11,32,30,20,36,10,38,8,4,40,34,12,44,8,42,20,48,6,46,51,52,20,54,30,56,34,58,12,60,10,62,8,64,6,66,4,69
ad8084f6e890d800 0 0 1376518,10,4,12,8,16,2,14,18,10,6,2,22,10,8,10,27,24,20,30,10,32,8,4,35,28,12,36,20,40,6,42,2,39,44,46,24,48,36,50,6,52,2,54
53c58a20f2a864a8 0 0 1507590,10,4,12,2,15,16,10,6,20,2,2,22,10,8,11,26,24,18,30,10,32,8,4,34,28,12,38,8,36,18,42,6,41,45,46,24,48,28,50,36,52,12,54,8,56,6,59
bf5cd624633c3688 0 0 2162950,12,10,14,8,16,6,18,4,20,2,16,4,22,24,10,4,28,2,4,2,30,32,10,8,36,4,6,39,34,26,42,10,44,8,46,4,2,49,40,12,52,10,54,6,56,4,58,2,50,26,62,10,64,6,61,66,68,26,70,12,72,10,74,6,76,4,78
72df91002f282648 0 0 2228486,12,10,14,8,16,6,18,4,20,2,16,4,22,24,10,4,28,2,4,2,30,32,10,8,36,4,6,39,34,26,42,10,44,8,46,4,2,49,40,12,52,10,54,6,56,4,58,2,50,26,62,10,64,6,61,66,68,26,70,34,72,12,74,10,76,6,78,2,80
0e421002e77af660 0 0 2031878,12,10,14,8,16,4,16,6,20,4,22,2,18,24,10,4,4,2,29,30,10,8,34,4,6,36,32,26,40,10,42,8,44,4,2,46,38,12,50,10,52,4,54,2,48,26,58,10,60,6,62,2,57,65,66,26,68,32,70,38,72,6,75
0eddac80214e4020 0 0 1900806,12,10,14,8,16,6,18,4,16,4,22,2,20,24,10,4,5,29,10,8,32,4,6,35,30,26,38,10,40,8,42,4,2,45,36,12,48,10,50,6,52,4,54,2,46,26,58,10,60,6,56,62,64,46,66,12,68,4,70
e27aef789dfac200 0 0 1966342,12,10,14,8,16,6,18,4,16,4,22,2,20,24,10,4,5,29,10,8,32,4,6,35,30,26,38,10,40,8,42,4,2,45,36,12,48,10,50,6,52,4,54,2,46,26,58,10,60,6,56,62,64,30,66,46,68,12,70,10,73
a67c1c1c7dec54e0 0 0 2031878,12,10,14,8,16,4,18,2,16,6,22,4,20,24,10,4,28,2,5,30,10,8,34,4,6,36,32,26,40,10,42,8,44,4,2,46,38,12,50,10,52,4,54,2,48,26,58,10,60,6,62,2,56,65,66,32,68,38,70,48,72,2,74
e86a40e20048a8c0 0 0 1507590,10,8,14,6,8,16,4,2,12,20,8,6,24,4,3,26,22,18,30,8,32,6,34,4,5,36,28,6,38,18,42,12,44,4,41,47,48,18,50,22,52,12,54,6,56,4,59
00df441e1bc49ac0 0 0 1573126,10,6,8,14,4,2,12,8,18,20,8,6,3,25,22,16,28,8,30,6,5,33,26,6,36,4,34,16,40,12,42,8,44,4,38,47,48,16,50,22,52,26,54,12,56,8,58,2,61
2a562a2a70747008 0 0 1573126,10,8,14,6,8,4,16,19,4,2,12,22,8,6,26,4,3,28,24,20,32,8,34,6,36,4,5,38,30,6,42,4,40,20,46,12,48,4,44,51,52,24,54,40,56,10,58,8,60
22fbe080fb22a0c0 0 0 1310982,8,4,10,15,4,2,12,18,8,6,3,23,20,16,26,8,28,6,5,31,24,6,32,16,36,12,38,4,35,41,42,16,44,20,46,32,48,6,50,4,53
1f3d6a9ac6e83cc0 0 0 2162950,8,6,12,8,16,6,14,19,12,10,22,6,2,25,10,8,28,6,30,4,6,32,10,4,36,2,26,20,40,6,38,42,34,12,46,10,48,6,50,4,52,2,44,20,56,12,58,8,60,4,62,2,55,65,66,20,68,12,70,10,72,8,74,4,76,2,79
066825b423fe0088 0 0 1835270,8,2,12,8,16,6,15,19,12,10,2,23,10,8,26,4,6,28,10,4,24,20,34,6,33,36,30,12,40,10,42,4,44,2,38,20,48,12,50,8,52,4,54,2,47,57,58,20,60,24,62,10,64,4,66,2,68
061962822a464e88 0 0 1900806,12,8,9,14,12,10,18,6,2,21,10,8,24,4,6,27,10,4,30,2,22,16,34,6,32,36,28,12,40,10,42,6,44,4,46,2,38,16,50,12,52,8,54,6,56,4,58,2,49,60,62,16,64,28,66,12,68,8,70
36d5430adf5a1a60 0 0 1900806,8,6,14,2,12,8,16,18,12,10,2,23,10,8,26,6,28,4,6,31,10,4,24,20,36,6,35,38,32,12,42,10,44,4,46,2,40,20,50,12,52,8,54,6,56,4,58,2,49,60,62,20,64,24,66,32,68,2,70
75d4eeb0c0840ee0 0 0 2031878,8,6,12,8,16,6,14,18,12,10,22,6,24,2,2,27,10,8,30,4,30,6,34,4,32,36,10,4,40,2,28,20,44,10,46,8,48,4,42,50,38,12,54,8,56,2,52,20,60,12,62,8,64,4,58,67,68,52,70,10,72,2,74
cfa80ba040d8b028 0 0 2162950,8,6,14,2,12,8,16,19,12,10,22,2,2,25,10,8,28,4,28,6,32,4,31,35,10,4,26,20,40,10,42,8,44,4,39,47,36,12,50,8,52,6,54,2,48,20,58,12,60,8,62,6,64,4,57,66,68,26,70,48,72,10,74,8,76,6,79
82988a5c51444aa0 0 0 1966342,8,6,12,8,16,6,14,18,12,10,22,6,24,4,26,2,2,28,10,8,32,6,33,35,10,2,30,20,40,10,42,8,39,45,36,12,48,8,50,2,46,20,54,12,56,8,58,4,52,61,62,36,64,46,66,8,68,4,70,2,72
e07a8b5a81d86a88 0 0 1966342,8,6,14,2,12,8,16,19,12,10,22,4,24,2,2,26,10,8,30,6,30,32,28,20,36,10,38,8,10,40,34,12,44,8,46,6,48,2,42,20,52,12,54,8,56,6,58,4,51,60,62,28,64,34,66,42,68,4,70,2,72
fbbd4caa36cc7228 0 0 2359558,12,6,14,2,12,10,18,8,20,4,16,22,10,4,26,2,12,4,30,2,28,33,10,8,36,4,36,6,40,4,39,43,34,24,46,10,48,8,50,4,27,53,44,12,56,8,58,6,60,2,54,24,64,12,66,8,68,6,70,4,62,72,74,24,76,10,78,6,80,4,82,2,85
e8857aa485e88ea0 0 0 2359558,12,6,14,2,12,10,18,8,20,4,16,22,10,4,26,2,12,4,30,2,28,33,10,8,36,4,36,6,40,4,39,43,34,24,46,10,48,8,50,4,27,53,44,12,56,8,58,6,60,2,54,24,64,12,66,8,68,6,70,4,62,72,74,24,76,34,78,6,80,4,82,2,85
0172dc5a6f6cf600 0 0 2228486,12,10,14,8,16,6,18,4,20,2,13,22,10,4,12,6,28,4,27,30,10,8,34,4,34,6,38,4,36,40,26,2,32,24,46,10,48,8,50,4,44,52,42,12,56,8,58,2,54,24,62,12,64,8,66,4,61,69,70,24,72,42,74,12,76,10,78,4,81
ecef5978b0e07288 0 0 2425094,12,6,14,2,12,10,18,8,20,4,16,22,10,4,26,2,12,4,30,2,28,33,10,8,36,4,36,6,40,4,39,43,34,24,46,10,48,8,50,4,27,53,44,12,56,8,58,6,60,2,54,24,64,12,66,8,68,6,70,4,62,72,74,24,76,34,78,44,80,10,82,8,84,2,86
8767044e19766aa0 0 0 1769734,12,6,14,2,12,10,18,8,17,20,10,2,12,4,25,27,10,8,30,6,6,32,28,22,36,6,10,38,34,12,42,10,44,2,40,22,48,12,50,8,52,6,54,4,56,2,47,58,60,40,62,10,64,4,66
7485640cfb6ca400 0 0 2097414,12,6,14,2,12,10,18,8,20,4,17,23,10,4,26,2,12,4,28,31,10,8,34,6,36,4,6,39,32,24,42,6,27,44,40,12,48,10,50,4,52,2,46,24,56,12,58,8,60,6,62,4,64,2,54,66,68,32,70,46,72,8,74,2,77
ecf558eef6369000 0 0 1769734,12,6,14,2,12,10,18,8,20,6,17,23,10,2,12,4,27,29,10,8,6,33,30,24,36,6,10,38,34,12,42,10,44,2,40,24,48,12,50,8,52,4,54,2,47,57,58,34,60,40,62,6,64,4,66
9403a1ec9b489e68 0 0 2294022,12,6,14,2,12,10,18,8,20,6,22,4,17,24,10,4,28,2,12,4,30,33,10,8,36,4,6,38,34,26,42,6,29,44,40,12,48,10,50,4,52,2,46,26,56,12,58,8,60,4,62,2,54,65,66,34,68,40,70,46,72,10,74,8,76,6,78,4,80,2,82
2d7fd6e2f8007c48 0 0 1769734,10,8,14,4,4,16,12,2,6,4,22,2,20,25,8,4,22,28,26,18,32,8,34,4,3,36,30,12,40,8,42,6,44,4,46,2,38,18,50,12,48,53,54,26,56,38,58,12,60,8,62,6,64,2,66
fd390b641bf4ee00 0 0 1704198,10,8,14,4,4,2,16,19,6,4,22,2,13,25,8,6,22,28,26,20,32,8,34,6,3,36,30,12,40,8,42,2,38,20,46,12,48,2,44,50,52,20,54,26,56,38,58,12,60,8,62,2,64
e774e0e0cf7468e0 0 0 1835270,10,8,14,4,4,2,16,19,6,4,22,2,13,25,8,6,22,28,26,20,32,8,34,6,3,36,30,12,40,8,42,2,38,20,46,12,48,2,44,50,52,20,54,26,56,30,58,38,60,12,62,8,64,6,66,2,68
cc04e552a0e04080 0 0 1638662,12,4,9,15,12,6,18,4,20,2,11,22,6,4,3,26,10,8,30,2,24,16,34,6,36,4,33,38,28,4,40,16,44,12,46,10,48,6,50,4,42,52,54,16,56,24,58,8,60,2,63
da304c90bee86000 0 0 1835270,12,4,9,15,12,6,18,4,20,2,11,22,6,4,3,26,10,8,30,2,24,16,34,6,36,4,33,38,28,4,40,16,44,12,46,10,48,6,50,4,42,52,54,16,56,24,58,28,60,8,62,6,64,4,66,2,69
686522748be09468 0 0 2097414,12,10,14,8,16,4,9,18,16,6,22,4,24,2,5,26,10,6,30,2,3,33,8,4,36,2,28,20,40,10,42,6,44,2,39,47,34,10,50,2,48,20,54,12,56,10,58,8,60,6,52,62,64,28,66,48,68,12,70,10,72,4,74,2,76
2797e61cbe4ad668 0 0 1835270,12,10,9,14,14,6,5,18,10,6,22,4,3,24,8,4,28,2,20,16,32,10,34,6,36,4,31,38,26,10,42,4,44,2,40,16,48,12,50,10,52,6,54,4,56,2,47,58,60,20,62,26,64,40,66,12,68
43a4332e2332fc48 0 0 2097414,12,10,14,6,4,16,12,8,20,6,22,4,24,2,8,6,28,4,30,2,27,33,8,4,31,37,4,2,34,18,42,8,44,4,40,47,38,12,50,8,52,2,48,18,56,12,58,8,60,6,62,4,55,65,66,18,68,34,70,38,72,12,74,2,76
7dde4fa8aade10a8 0 0 1835270,12,10,14,4,4,16,12,8,20,4,8,6,24,4,22,27,26,2,6,31,4,2,28,18,36,6,34,38,32,12,42,4,44,2,40,18,48,12,50,8,52,4,54,2,47,56,58,28,60,40,62,12,64,8,66,4,68
3eb8260016302600 0 0 1835270,12,10,14,4,4,16,12,8,20,4,8,6,24,4,22,27,26,2,6,31,4,2,28,18,36,6,34,38,32,12,42,4,44,2,40,18,48,12,50,8,52,4,54,2,47,56,58,18,60,28,62,40,64,12,66,8,68
cba63c0c6d0c7448 0 0 2031878,12,10,14,4,4,16,12,8,20,6,22,4,8,4,25,26,26,2,6,30,4,2,28,18,36,6,34,38,32,12,42,4,44,2,40,18,48,12,50,8,52,6,54,4,56,2,47,59,60,28,62,32,64,40,66,12,68,8,70,6,72,2,75
999ee688ad9eee88 0 0 2162950,12,10,14,4,4,16,12,8,20,6,22,4,8,4,25,26,26,2,6,30,4,2,28,18,36,6,34,38,32,12,42,4,44,2,40,18,48,12,50,8,52,6,54,4,56,2,47,59,60,18,62,28,64,32,66,40,68,12,70,8,72,6,74,4,76,2,79
31ee9f1a77f2f020 0 0 2031878,12,10,14,4,14,2,16,19,14,6,8,2,22,25,10,6,28,2,3,31,8,4,34,2,26,20,38,10,40,6,42,2,37,45,32,10,48,2,46,20,52,12,54,10,56,8,58,6,51,60,62,20,64,26,66,12,68,10,70,6,72,4,74
2d0731621336cc60 0 0 2359558,12,10,14,8,16,4,18,2,16,21,16,6,24,4,26,2,8,2,28,31,10,6,34,4,3,36,8,4,40,2,32,22,44,10,46,6,48,4,43,50,38,10,54,4,56,2,52,22,60,12,62,10,64,6,66,4,68,2,58,70,72,22,74,32,76,38,78,12,80,6,82,2,84
4fdf4eeed77ca800 0 0 2031878,12,8,14,4,12,10,18,8,20,4,22,2,17,24,20,6,28,4,8,2,30,33,6,4,3,36,10,8,40,2,34,26,44,6,46,4,43,48,38,4,50,26,54,12,56,10,58,6,60,4,53,62,64,34,66,50,68,10,70,6,72,2,74
5b984d90d7b48200 0 0 2097414,12,8,14,4,12,10,18,8,20,4,22,2,17,24,20,6,28,4,8,2,30,33,6,4,3,36,10,8,40,2,34,26,44,6,46,4,43,48,38,4,50,26,54,12,56,10,58,6,60,4,53,62,64,34,66,38,68,50,70,10,72,4,74,2,76
6b86beca94bc6e20 0 0 1442054,8,6,14,4,4,16,12,8,12,4,22,2,20,25,8,4,10,28,26,18,32,10,3,34,30,12,38,10,36,18,42,2,40,45,46,18,48,26,50,12,52,8,54,4,56
b2638866e3f2e608 0 0 1835270,10,8,14,6,4,16,12,10,20,8,22,2,12,2,24,26,10,4,14,4,32,2,31,34,4,2,28,18,40,10,42,4,38,45,36,12,48,10,50,4,46,18,54,4,56,2,53,58,60,28,62,36,64,12,66,8,68
b7f1b546a4840c00 0 0 1835270,10,2,13,15,12,6,18,2,12,8,22,6,24,2,20,27,6,4,30,2,3,33,10,8,28,16,38,6,40,4,42,2,37,45,34,4,48,2,46,16,52,8,54,2,51,56,58,16,60,28,62,12,64,10,66,2,69
fe9967a0a914a688 0 0 1966342,10,2,13,15,12,6,18,2,12,8,22,6,24,2,20,27,6,4,30,2,3,33,10,8,28,16,38,6,40,4,42,2,37,45,34,4,48,2,46,16,52,8,54,2,51,56,58,16,60,28,62,34,64,12,66,10,68,6,70,4,72
f05e01c615446200 0 0 1900806,10,2,12,10,16,8,15,18,18,6,22,2,16,6,26,2,24,29,6,4,32,2,3,35,10,8,30,20,40,6,42,4,44,2,39,47,36,4,50,2,48,20,54,8,56,2,52,58,60,30,62,48,64,12,66,8,68,2,70
35640ece1d8cc8c8 0 0 1835270,10,2,12,10,16,8,15,18,18,6,22,2,16,6,26,2,24,29,6,4,32,2,3,35,10,8,30,20,40,6,42,4,44,2,39,47,36,4,50,2,48,20,54,8,56,2,52,58,60,20,62,30,64,48,66,2,68
00a2a2a20080a280 0 0 1179910,12,10,4,14,10,8,18,4,2,20,6,4,10,24,22,16,28,4,30,2,6,32,26,10,36,2,34,16,40,6,42,2,38,44,46,2,48
151104568554d0a8 0 0 2031878,10,2,12,10,16,8,15,18,18,6,22,2,16,6,26,2,24,29,6,4,32,2,3,35,10,8,30,20,40,6,42,4,44,2,39,47,36,4,50,2,48,20,54,8,56,2,52,58,60,30,62,36,64,48,66,12,68,8,70,6,72,4,75
e0e7d9b0458edce0 0 0 1966342,10,2,12,10,16,8,15,18,18,6,22,2,16,6,26,2,24,29,6,4,32,2,3,35,10,8,30,20,40,6,42,4,44,2,39,47,36,4,50,2,48,20,54,8,56,2,52,58,60,20,62,30,64,36,66,48,68,6,70,4,73
31261bac3aaa90a0 0 0 1900806,12,10,14,6,2,16,12,8,20,4,12,4,24,2,23,26,6,2,8,4,32,2,31,35,4,2,28,18,40,6,42,2,38,45,36,12,48,6,50,2,46,18,54,4,53,56,58,18,60,28,62,36,64,8,66,6,68,4,71
5e93a50a3d0a8228 0 0 1900806,12,10,14,6,16,4,18,2,2,20,12,8,24,6,26,2,12,6,30,4,32,2,29,35,8,6,8,38,4,2,36,22,44,8,46,6,42,48,40,12,52,8,50,22,56,4,55,58,60,36,62,50,64,12,66,8,68,6,71
023daf0c5c14d400 0 0 1835270,12,6,14,2,12,8,18,6,20,2,16,23,18,2,12,10,28,8,26,30,6,4,34,2,3,36,10,8,32,24,42,6,44,4,46,2,40,48,38,4,50,24,54,10,52,57,58,24,60,32,62,12,64,8,66,6,68
f62923c4fb2ede00 0 0 1900806,12,6,14,2,12,8,18,6,20,2,16,23,18,2,12,10,28,8,26,30,6,4,34,2,3,36,10,8,32,24,42,6,44,4,46,2,40,48,38,4,50,24,54,10,52,57,58,24,60,32,62,38,64,12,66,8,68,4,70
2c903c9c4dc208a8 0 0 1704198,12,10,14,8,16,6,18,2,14,6,22,2,20,25,14,2,13,29,6,4,32,2,3,34,10,8,30,26,40,6,42,4,44,2,38,46,36,4,48,26,52,10,51,55,56,48,58,10,60,8,62,6,65
303b8a943dc61e00 0 0 1835270,12,10,14,8,16,6,18,2,14,6,22,2,20,25,14,2,13,29,6,4,32,2,3,34,10,8,30,26,40,6,42,4,44,2,38,46,36,4,48,26,52,10,51,55,56,30,58,48,60,12,62,8,64,6,66,2,68
5d1e7fc6de303c28 0 0 1900806,12,10,14,8,14,2,16,19,14,6,22,2,12,6,26,2,25,28,6,4,32,2,3,34,10,8,30,20,40,6,42,4,44,2,39,46,36,4,48,20,52,10,54,2,51,56,58,20,60,30,62,48,64,10,66,6,68,2,70
314005f42a800080 0 0 1769734,12,10,14,8,16,6,18,2,14,6,22,2,20,25,14,2,13,29,6,4,32,2,3,34,10,8,30,26,40,6,42,4,44,2,38,46,36,4,48,26,52,10,51,55,56,36,58,48,60,10,62,8,64,4,67
91cc2bc0aa3410c8 0 0 1900806,12,10,14,8,16,6,18,2,14,6,22,2,20,25,14,2,13,29,6,4,32,2,3,34,10,8,30,26,40,6,42,4,44,2,38,46,36,4,48,26,52,10,51,55,56,30,58,36,60,48,62,12,64,8,66,4,68,2,70
2b1cd3c2834474c0 0 0 1966342,12,10,14,8,14,2,16,19,14,6,22,2,12,6,26,2,25,28,6,4,32,2,3,34,10,8,30,20,40,6,42,4,44,2,39,46,36,4,48,20,52,10,54,2,51,56,58,20,60,30,62,36,64,48,66,10,68,4,70,2,72
5c62151825148a88 0 0 1704198,10,8,12,10,16,6,14,18,14,6,22,4,24,2,4,27,10,4,8,2,30,33,4,2,28,20,38,10,40,4,37,42,34,12,46,8,48,6,50,2,44,20,54,10,56,6,53,58,60,20,62,10,64
04d370e662540808 0 0 1704198,10,8,14,4,16,2,12,2,19,21,14,6,24,2,2,27,9,11,4,2,28,22,34,8,33,37,30,12,40,10,42,8,38,22,46,8,48,6,45,50,52,22,54,28,56,10,58,8,60,4,62,2,65
36073ee6cccec420 0 0 1573126,10,8,14,4,16,2,12,10,20,8,22,4,19,24,14,6,28,2,4,31,8,10,4,2,32,26,38,10,37,40,34,12,42,26,46,10,48,6,50,4,52,2,44,55,56,26,58,34,60
32ed63aa56ba52a8 0 0 2031878,10,8,12,6,16,4,15,19,14,6,22,2,4,25,10,4,8,2,28,30,4,2,26,20,36,10,38,4,35,40,32,12,44,10,46,8,48,6,50,4,52,2,42,20,56,10,58,6,60,4,55,63,64,20,66,26,68,32,70,4,72,2,74
e240a6260c26c040 0 0 1245446,12,10,4,14,10,8,18,4,2,20,6,4,10,24,22,16,28,4,30,2,6,32,26,10,36,2,34,16,40,6,42,2,38,44,46,16,48,2,50
2ca428e4e0e06ca0 0 0 1966342,12,8,14,2,6,16,10,8,20,6,6,2,22,24,8,6,8,28,6,4,32,2,26,18,36,12,38,10,40,8,42,4,44,2,34,46,30,8,50,6,52,2,48,18,56,12,58,4,54,60,62,18,64,26,66,30,68,8,70,2,72
ce0aff242d80d0c8 0 0 1835270,4,2,12,10,16,4,18,2,14,21,8,6,12,8,24,26,6,4,30,2,9,33,28,22,36,10,38,2,5,41,34,12,44,8,46,6,48,4,50,2,42,22,54,12,56,10,58,6,60,2,53,63,64,22,66,12,68
d55554e4a2e258e8 0 0 2228486,4,2,12,10,16,4,14,18,8,4,22,2,12,8,26,4,24,28,8,6,32,4,6,4,35,37,30,20,40,10,42,8,44,6,5,46,38,12,50,6,48,20,54,12,56,10,58,8,60,6,62,2,53,64,66,20,68,30,70,48,72,12,74,10,76,6,78,4,80
f6c2327608cc3c88 0 0 1507590,12,8,14,6,16,4,3,18,10,8,22,6,24,2,4,26,8,4,3,30,6,4,28,20,35,36,32,8,40,2,38,20,44,12,46,4,48,2,43,50,52,38,54,8,56,6,58
faef884eee400a88 0 0 1245446,12,10,14,8,16,4,18,2,8,20,8,6,4,24,10,2,8,28,4,2,26,22,33,34,30,12,38,8,36,22,42,12,44,2,40,47,48,22,50
622210a06aaa90a0 0 0 1376518,12,10,14,4,16,2,8,18,8,6,4,22,10,8,26,4,8,29,4,2,24,20,33,34,30,12,38,8,40,4,42,2,36,20,46,12,48,4,45,50,52,36,54
d6ef2e2eaff04e28 0 0 1769734,12,10,14,8,16,4,8,18,8,6,22,2,4,2,25,27,10,4,30,2,8,33,28,20,4,36,34,12,40,8,42,4,38,20,46,12,48,4,50,2,44,53,54,28,56,38,58,8,60,6,62,4,64,2,67
e3f87a80eb78fa00 0 0 1507590,12,10,14,8,16,4,8,18,8,6,4,2,22,25,10,4,28,2,8,31,26,20,4,34,32,12,38,8,40,4,36,20,44,12,46,4,48,2,42,51,52,32,54,36,56,8,58
7337bde853842ee8 0 0 2031878,12,10,14,8,16,6,18,4,20,2,10,2,22,24,16,4,11,28,6,4,32,2,3,34,10,8,38,6,40,2,30,26,42,44,36,4,46,26,50,12,52,10,54,6,48,56,58,26,60,30,62,12,64,10,66,8,68,6,70,4,72,2,74
8a48cc60606e62a8 0 0 1900806,12,10,14,8,16,6,10,4,18,20,20,2,16,2,25,26,6,4,30,2,3,32,10,8,36,4,38,2,28,22,41,42,34,4,44,22,48,12,50,10,52,4,46,55,56,22,58,28,60,34,62,12,64,10,66,8,68,4,70
e8ada47829a07ca0 0 0 1900806,12,8,14,4,16,2,10,4,18,20,20,2,14,6,26,4,28,2,25,31,6,4,34,2,3,37,10,8,40,4,32,22,43,44,38,4,48,2,46,22,52,12,54,6,50,56,58,32,60,46,62,10,64,8,66,6,68,2,71
53900fe896308a08 0 0 1900806,12,8,14,4,16,2,10,4,18,20,20,2,14,6,26,4,28,2,25,31,6,4,3,34,10,8,38,4,32,22,41,42,36,4,44,22,48,12,50,6,52,2,47,55,56,32,58,36,60,44,62,10,64,8,66,6,68,4,70
4642189612164c68 0 0 1769734,12,4,12,8,16,6,18,4,20,2,14,22,8,6,12,6,28,4,27,30,10,6,34,4,36,2,3,38,26,4,32,24,42,44,40,10,48,4,50,2,46,24,54,10,56,6,52,58,60,24,62,32,64,6,66
4cac66caae22c000 0 0 1769734,12,8,14,6,12,2,16,18,8,6,15,23,10,6,26,4,28,2,3,30,22,4,34,2,24,20,37,38,32,10,42,4,44,2,40,20,48,10,50,6,52,2,47,55,56,24,58,40,60,10,62,8,64,2,66
631305ce9ca8d820 0 0 1769734,6,2,10,8,16,4,15,18,12,4,22,2,7,24,8,6,7,28,6,4,32,2,26,20,35,36,30,8,40,6,42,2,38,20,46,10,48,6,44,50,52,20,54,26,56,30,58,12,60,10,62,6,64,2,66
dda29f000cae82c0 0 0 1966342,4,2,12,8,16,6,15,19,12,10,22,8,24,6,26,4,28,2,4,30,6,4,3,34,8,6,38,4,32,20,40,42,36,6,46,4,48,2,44,20,52,12,54,6,56,4,58,2,51,60,62,20,64,32,66,12,68,6,70,4,72
208ddd008f727200 0 0 1900806,4,2,12,8,16,6,18,4,15,21,12,10,24,8,26,6,28,4,4,30,6,4,3,34,8,6,38,4,32,22,40,42,36,6,46,4,48,2,44,22,52,12,54,6,56,2,51,58,60,22,62,32,64,36,66,12,68,4,70
3919c302464c1c08 0 0 1376518,12,8,14,4,7,16,12,10,20,8,2,22,8,4,6,2,27,29,24,18,4,32,30,12,36,2,34,18,40,12,42,6,44,4,39,46,48,18,50,12,52,6,54
270180fefb220688 0 0 1638662,12,8,14,6,16,4,18,2,7,20,12,10,24,8,26,6,28,4,2,30,8,4,6,2,34,37,4,2,32,22,41,42,38,12,46,6,44,22,50,12,52,4,48,54,56,22,58,38,60,2,62
a27fe22e99840c00 0 0 2162950,12,6,14,4,16,2,8,6,20,2,19,22,12,8,26,6,28,4,12,4,31,32,6,4,36,2,3,38,10,8,42,6,44,4,34,24,47,48,40,4,50,24,54,12,56,10,58,4,60,2,53,62,64,34,66,50,68,12,70,10,72,8,74,4,76,2,78
859200a4a95c0e48 0 0 2097414,12,6,14,4,16,2,8,6,20,2,19,22,12,8,26,6,28,4,12,4,31,32,6,4,36,2,3,38,10,8,42,6,44,4,46,2,34,24,48,50,40,4,52,24,56,12,58,10,60,4,55,63,64,34,66,40,68,52,70,12,72,10,74,8,77
3f80ba8af4222428 0 0 2294022,12,10,14,6,16,4,12,6,18,20,12,8,24,6,14,8,28,6,30,4,32,2,27,34,8,4,3,39,10,6,42,4,44,2,36,22,47,48,40,4,52,2,50,22,56,8,58,6,60,4,62,2,55,64,66,22,68,36,70,12,72,10,74,8,76,6,78,4,80,2,82
5541492aff505808 0 0 1507590,12,8,14,2,2,16,10,2,8,4,20,23,8,6,26,4,28,2,28,30,24,18,4,34,32,6,36,18,40,12,42,6,44,2,39,46,48,24,50,12,52,10,54,6,56,2,58
5190d4407b10d440 0 0 1507590,12,10,14,4,16,2,2,18,12,2,4,22,8,6,8,26,4,2,24,20,32,12,34,4,36,2,30,38,28,12,42,8,40,20,46,4,48,2,44,50,52,20,54,24,56,2,58
c01a0220255a7800 0 0 1507590,12,4,2,14,8,4,10,19,8,6,22,4,24,2,24,26,20,16,4,30,28,6,32,16,36,12,38,8,40,6,42,4,35,44,46,20,48,28,50,12,52,10,54,8,56,4,58
7ecb8832591caae0 0 0 1638662,12,6,6,14,10,8,18,4,4,2,20,22,10,6,26,2,5,28,24,16,32,10,34,8,36,2,5,38,30,6,42,2,40,16,46,10,48,8,50,6,52,4,45,54,56,16,58,24,60,2,62
93b37adc1b705240 0 0 1638662,4,2,10,15,6,2,12,6,19,21,8,4,24,2,6,26,22,16,30,12,32,2,3,34,28,12,38,4,40,2,36,16,44,6,46,4,42,48,50,16,52,22,54,28,56,10,58,6,60,2,63
4098e1be010e2828 0 0 2490630,12,6,14,4,16,2,7,18,12,8,22,4,24,2,10,27,8,6,30,4,2,32,10,6,36,2,28,20,40,12,42,10,44,8,46,4,48,2,39,51,34,8,54,6,56,2,52,20,60,12,62,10,64,6,66,4,68,2,59,70,72,20,74,28,76,34,78,12,80,10,82,8,84,6,86,4,89
7d0fbcbe74f0a4a0 0 0 1769734,12,10,14,8,16,4,18,2,9,21,16,6,24,4,10,26,6,4,2,30,10,8,34,2,28,22,38,12,40,8,42,6,44,4,37,46,32,6,48,22,52,12,54,8,56,4,58,2,51,61,62,28,64,48,66
71e590b01dfee8c8 0 0 1835270,12,10,14,8,16,4,18,2,9,21,16,6,24,4,10,26,6,4,2,30,10,8,34,2,28,22,38,12,40,8,42,6,44,4,37,46,32,6,48,22,52,12,54,8,56,4,58,2,51,61,62,28,64,32,66,48,68
0114159c195ce660 0 0 1769734,12,10,14,6,16,2,4,18,7,13,6,2,8,6,26,2,25,29,4,2,22,20,34,12,36,6,32,38,30,12,42,6,44,4,46,2,40,20,50,6,52,4,48,55,56,20,58,22,60,8,62,4,64,2,66
2b80aea0083a02c0 0 0 1835270,12,8,14,6,16,4,6,18,12,6,22,4,24,2,5,27,4,2,10,6,32,4,31,34,6,2,28,20,40,12,42,6,44,2,38,46,36,12,48,20,52,6,54,4,50,57,58,28,60,36,62,6,64,4,66,2,69
3d397eb6d41ce820 0 0 1835270,12,10,14,4,4,16,6,2,12,20,8,4,6,24,4,2,22,18,30,12,32,6,34,2,28,36,26,12,40,6,42,4,38,18,46,6,48,4,50,2,44,52,54,18,56,22,58,26,60,38,62,6,64,4,66,2,68
75b4b972dd3a5a48 0 0 2031878,12,10,14,4,16,2,12,4,19,20,8,2,12,6,26,4,28,2,24,30,6,4,2,34,10,8,38,2,32,22,42,12,44,8,46,6,48,4,41,50,36,6,52,22,56,12,58,8,60,4,62,2,54,64,66,22,68,32,70,6,72,2,74
90eac11c29ac48c0 0 0 2097414,12,10,14,4,16,2,12,4,19,20,8,2,12,6,26,4,28,2,24,30,6,4,2,34,10,8,38,2,32,22,42,12,44,8,46,6,48,4,41,50,36,6,52,22,56,12,58,8,60,4,62,2,54,64,66,22,68,32,70,36,72,6,74,2,76
3d8b0fd0f9845220 0 0 2425094,12,4,14,2,12,10,18,4,16,21,6,2,18,8,26,4,24,28,8,4,32,2,2,34,10,6,38,2,30,22,42,12,44,10,46,8,48,6,50,4,52,2,41,54,36,8,58,2,56,22,62,12,64,10,66,6,68,4,70,2,61,73,74,30,76,56,78,12,80,10,82,6,84,4,87
c888f5e077b81020 0 0 2556166,12,4,14,2,12,10,18,4,16,21,6,2,18,8,26,4,24,28,8,4,32,2,2,34,10,6,38,2,30,22,42,12,44,10,46,8,48,6,50,4,52,2,41,54,36,8,58,2,56,22,62,12,64,10,66,6,68,4,70,2,61,73,74,30,76,36,78,56,80,12,82,10,84,6,86,4,88,2,91
57fcd5d63ec03e68 0 0 1704198,10,8,8,14,12,8,18,6,20,4,4,2,22,25,8,6,28,2,2,30,26,16,34,12,36,8,38,6,40,2,5,43,32,8,46,4,44,16,50,12,52,6,54,4,49,56,58,26,60,4,62,2,65
3e1ed67e00a0e8c0 0 0 1835270,10,8,8,14,12,8,18,6,20,4,4,2,22,25,8,6,28,2,2,30,26,16,34,12,36,8,38,6,40,2,5,43,32,8,46,4,44,16,50,12,52,6,54,4,49,56,58,16,60,26,62,8,64,4,66,2,69
abb88ce823b88ce8 0 0 1835270,8,4,10,15,12,6,4,18,8,6,22,2,2,24,4,2,20,16,30,12,32,6,34,4,28,36,26,8,40,2,38,16,44,12,46,8,48,6,50,4,43,53,54,16,56,20,58,38,60,12,62,8,64,6,66,4,69
0c75501091024040 0 0 2031878,10,8,14,6,4,16,12,8,20,6,20,4,22,24,6,4,28,2,8,6,32,4,34,2,31,37,26,18,40,6,42,4,3,44,38,12,48,8,50,6,52,4,54,2,46,18,58,12,60,8,62,6,64,4,57,66,68,26,70,12,72,8,74
596143a838967ec0 0 0 2097414,10,8,14,6,4,16,12,8,20,6,20,4,22,24,6,4,28,2,8,6,32,4,34,2,31,37,26,18,40,6,42,4,3,44,38,12,48,8,50,6,52,4,54,2,46,18,58,12,60,8,62,6,64,4,57,66,68,18,70,26,72,12,74,8,76
71a1da1a5e8e5060 0 0 2621702,10,8,14,6,16,2,4,2,19,21,12,8,24,6,26,2,24,4,30,2,28,32,6,4,36,2,8,6,40,4,42,2,39,45,34,22,48,6,50,4,3,52,46,12,56,8,58,6,60,4,62,2,54,22,66,12,68,8,70,6,72,4,64,75,76,34,78,46,80,54,82,12,84,10,86,6,88,4,90,2,93
9d4b01788dd49660 0 0 1900806,12,8,14,6,8,17,12,10,20,2,12,2,23,24,8,6,28,4,30,2,2,32,10,8,36,2,26,18,40,10,39,43,34,8,46,6,44,18,50,10,52,8,54,6,56,2,49,58,60,18,62,26,64,8,66,6,68,2,71
f441a206e3de04a0 0 0 1900806,12,8,14,6,8,17,12,10,20,2,12,2,23,24,8,6,28,4,30,2,2,32,10,8,36,2,26,18,40,10,39,43,34,8,46,6,44,18,50,10,52,8,54,6,56,2,49,58,60,18,62,26,64,34,66,8,68,6,71
7768dccc7f2c1888 0 0 1900806,12,10,14,6,16,2,8,18,12,8,14,8,23,24,8,6,28,4,30,2,2,32,10,8,36,2,26,20,40,10,39,43,34,8,46,6,44,20,50,10,52,8,54,6,56,2,48,59,60,26,62,44,64,8,66,6,68,2,71
9f9eec9e3c2c2c40 0 0 1900806,12,10,14,6,16,2,8,18,12,8,14,8,23,24,8,6,28,4,30,2,2,32,10,8,36,2,26,20,40,10,39,43,34,8,46,6,44,20,50,10,52,8,54,6,56,2,48,59,60,26,62,34,64,44,66,8,68,6,71
4b941a60cb946a60 0 0 1704198,12,10,4,14,12,6,18,2,13,21,8,6,24,4,26,2,6,28,4,2,22,16,34,6,36,2,32,38,30,12,42,6,44,4,40,16,48,12,50,6,52,4,54,2,47,57,58,22,60,4,62,2,64
a66ee6488ceee648 0 0 1704198,12,10,14,6,4,16,12,6,20,2,12,22,8,6,26,4,6,28,4,2,24,18,34,6,36,2,32,38,30,12,42,4,44,2,40,18,48,12,50,4,46,52,54,24,56,30,58,6,60,4,62,2,64
a25a13b41ab240e8 0 0 1835270,12,10,4,2,14,17,12,6,20,2,13,23,8,4,6,26,24,18,30,6,32,2,5,34,28,12,38,6,40,4,42,2,36,18,46,12,48,6,50,4,44,52,54,18,56,24,58,28,60,12,62,10,64,6,66,4,69
8ef7f284d6f40088 0 0 1442054,12,10,14,4,4,16,12,4,12,6,22,4,24,2,20,26,6,8,4,2,28,18,34,6,36,2,32,38,30,12,42,2,40,18,46,12,44,48,50,28,52,40,54,4,56
fe42aec075beaec0 0 0 1507590,12,10,14,4,4,16,12,4,12,6,22,4,24,2,20,26,6,8,4,2,28,18,34,6,36,2,32,38,30,12,42,2,40,18,46,12,44,48,50,28,52,30,54,40,56,4,58
bb7c2cd8abeccc48 0 0 1835270,12,10,14,6,16,2,12,6,19,21,12,8,12,2,24,27,10,6,30,4,32,2,2,34,10,8,38,2,28,22,42,8,44,2,41,47,36,6,48,22,52,8,54,6,50,57,58,22,60,28,62,12,64,10,66,8,69
36c2cab6007cd4a8 0 0 1966342,12,10,14,6,16,2,12,6,19,21,12,8,12,2,24,27,10,6,30,4,32,2,2,34,10,8,38,2,28,22,42,8,44,2,41,47,36,6,48,22,52,8,54,6,50,57,58,22,60,28,62,36,64,12,66,10,68,8,70,2,73
a790761895826628 0 0 1835270,12,8,14,6,12,10,18,8,20,6,22,2,16,24,18,2,21,28,10,6,32,4,34,2,2,36,10,8,40,2,30,26,44,8,46,2,43,49,38,6,50,26,54,8,56,6,53,58,60,30,62,50,64,12,66,2,68
7b86e592c790a648 0 0 1835270,12,8,14,6,12,10,18,8,20,6,22,2,16,24,18,2,21,28,10,6,32,4,34,2,2,36,10,8,40,2,30,26,44,8,46,2,43,49,38,6,50,26,54,8,56,6,53,58,60,30,62,38,64,50,66,12,68
60a48e0e8ec2e868 0 0 1835270,12,10,14,2,4,16,10,6,2,20,6,2,10,8,26,6,28,4,24,30,6,4,34,2,22,18,38,4,40,2,36,42,32,10,46,8,48,6,50,4,52,2,44,18,56,6,58,4,54,60,62,18,64,22,66,2,68
db93e310259ce480 0 0 1835270,12,6,2,14,8,6,4,2,18,20,10,8,7,24,6,2,22,16,30,8,32,6,34,4,36,2,29,38,26,10,42,8,44,4,40,16,48,8,50,6,52,2,46,54,56,16,58,22,60,26,62,10,64,8,66,4,68
282ab1a23180a808 0 0 1442054,12,10,4,14,10,8,18,4,2,20,6,4,24,2,10,27,6,2,22,16,32,4,34,2,31,36,28,10,40,2,38,16,44,6,42,47,48,16,50,28,52,10,54,2,56
317439fcce88c600 0 0 2228486,12,10,14,4,4,16,6,2,8,6,21,22,10,8,26,4,28,2,26,6,32,4,34,2,30,37,6,4,24,18,42,10,44,8,46,4,48,2,41,50,38,4,54,2,52,18,58,10,60,6,62,4,56,64,66,18,68,24,70,38,72,52,74,10,76,8,78,4,80
0cce2cd22c1ed628 0 0 2031878,12,10,14,8,16,4,18,2,16,6,22,4,21,25,10,4,28,2,4,2,30,32,10,8,36,6,38,4,36,4,40,42,34,26,46,10,48,8,50,6,52,4,2,54,44,12,58,8,60,2,56,26,64,8,66,4,63,68,70,26,72,8,74
842a64e0d0e8f048 0 0 1835270,12,10,14,8,16,2,16,6,18,20,10,2,4,2,25,26,10,8,30,6,31,33,28,22,36,10,38,8,40,6,2,43,34,12,46,8,48,2,44,22,52,8,54,4,51,56,58,22,60,28,62,8,64,4,66,2,68
a4e8a556a4e2eee8 0 0 2162950,12,10,14,8,16,4,18,2,16,6,22,4,21,25,10,4,28,2,4,2,30,32,10,8,36,6,38,4,36,4,40,42,34,26,46,10,48,8,50,6,52,4,2,54,44,12,58,8,60,2,56,26,64,8,66,4,63,68,70,26,72,44,74,10,76,4,78
1077fe78750c8ac0 0 0 2228486,12,10,14,8,16,4,18,2,16,6,22,4,21,25,10,4,28,2,4,2,30,32,10,8,36,6,38,4,36,4,40,42,34,26,46,10,48,8,50,6,52,4,2,54,44,12,58,8,60,2,56,26,64,8,66,4,63,68,70,26,72,34,74,44,76,10,78,2,80
8f721896ba661488 0 0 2097414,12,10,14,8,16,6,18,4,16,4,22,2,20,24,10,4,5,29,10,8,32,4,32,6,36,4,35,39,30,26,42,10,44,8,46,4,2,49,40,12,52,8,54,6,56,2,50,26,60,8,62,6,64,4,59,67,68,30,70,50,72,10,74,2,77
b10ce184faf0d288 0 0 2294022,12,10,14,8,16,6,18,4,16,4,22,2,20,24,10,4,5,29,10,8,32,4,32,6,36,4,35,39,30,26,42,10,44,8,46,4,2,49,40,12,52,8,54,6,56,2,50,26,60,8,62,6,64,4,59,67,68,30,70,40,72,50,74,8,76,6,78,4,80,2,82
12e0bac8f2005a28 0 0 1573126,12,10,14,6,4,16,10,8,20,6,2,22,6,4,10,6,28,2,26,30,24,18,34,4,36,2,6,38,32,10,42,6,40,18,46,6,48,2,44,50,52,18,54,24,56,32,58,6,60
00c4d09494504400 0 0 1507590,12,4,4,14,10,8,6,2,18,21,8,6,24,2,7,26,6,4,22,16,32,6,34,4,36,2,31,39,28,8,40,16,44,4,46,2,43,48,50,28,52,40,54,8,56,2,58
36082008b688a088 0 0 1442054,12,10,14,8,16,6,8,18,12,6,2,22,6,4,26,2,4,28,8,2,24,20,34,8,36,4,32,38,40,20,30,42,44,20,46,24,48,30,50,40,52,8,54,4,56
cf893098c4cec420 0 0 1179910,12,8,14,2,12,2,16,19,12,10,22,2,6,24,2,4,8,6,26,20,32,12,34,8,31,36,38,20,28,40,42,26,44,38,46,12,48
2a47bfc8a2b8c8c8 0 0 1245446,12,8,14,2,12,2,16,19,12,10,22,2,6,24,2,4,8,6,26,20,32,12,34,8,31,36,38,20,28,40,42,26,44,28,46,38,48,12,50
818a552284205088 0 0 1376518,12,8,6,2,14,17,10,8,20,2,8,22,8,6,26,4,3,28,24,18,32,12,6,34,30,6,38,4,36,18,42,12,44,2,40,47,48,18,50,12,52,8,54
04a9996c71768a80 0 0 1966342,12,10,14,6,16,2,2,18,6,4,12,4,24,2,23,26,8,6,30,4,7,32,4,2,28,20,38,12,40,4,36,42,34,12,46,8,48,6,50,2,44,20,54,12,56,6,58,4,52,61,62,20,64,28,66,34,68,12,70,8,72
9548484257a8a808 0 0 2228486,12,10,14,6,5,16,6,2,12,4,22,2,20,24,8,6,28,4,7,30,4,2,26,18,36,10,38,6,40,4,42,2,34,44,32,12,48,8,50,6,52,2,46,18,56,10,58,4,60,2,54,63,64,18,66,26,68,32,70,12,72,10,74,8,76,6,78,2,80
1e31da206b44fa00 0 0 1704198,8,2,12,8,16,4,18,2,14,20,12,10,24,8,26,4,4,28,4,2,8,6,34,4,32,36,30,22,40,8,42,4,44,2,8,46,38,8,50,6,48,22,54,8,52,56,58,30,60,48,62,4,64
e8c27cc2c2e856e8 0 0 1179910,12,4,12,2,14,16,8,10,6,4,22,2,4,24,20,18,28,12,30,6,32,2,2,34,36,18,26,38,40,18,42,36,44,12,46,2,48
54a3624889f66248 0 0 1769734,8,2,12,4,16,2,14,18,12,10,22,6,24,2,4,26,4,2,8,6,32,4,30,34,28,20,38,8,40,4,42,2,8,44,36,8,48,6,46,20,52,8,50,54,56,28,58,36,60,46,62,8,64,4,66
c1420a42f5e03ee0 0 0 1769734,10,6,14,2,8,16,4,2,12,20,8,6,24,2,25,26,22,18,30,8,32,6,34,2,5,36,28,8,40,4,38,18,44,12,46,8,48,6,50,4,52,2,43,55,56,18,58,12,60,8,62,4,64,2,67
382868f868f03820 0 0 1900806,10,8,8,6,16,4,14,18,6,4,12,8,24,4,22,26,8,4,30,2,31,32,22,2,28,20,38,8,40,4,42,2,37,44,34,8,48,2,46,20,52,12,54,6,56,4,51,59,60,20,62,46,64,12,66,6,68,4,71
17fe40fe01e856e8 0 0 1900806,12,10,14,8,16,4,18,2,16,20,10,4,8,4,24,26,6,4,30,2,4,32,28,22,36,12,38,10,40,8,42,6,44,4,46,2,2,48,50,22,34,52,54,22,56,28,58,50,60,12,62,10,64,8,66,4,68,2,70
ddd85df8bf10b040 0 0 1442054,12,8,14,6,16,4,18,2,17,20,8,6,24,4,12,10,28,4,26,30,2,6,32,22,36,12,38,8,40,4,42,2,25,44,46,22,34,48,50,32,52,46,54,12,56
31bb13cce24e2e28 0 0 1507590,12,8,14,6,16,4,18,2,17,20,8,6,24,4,12,10,28,4,26,30,2,6,32,22,36,12,38,8,40,4,42,2,25,44,46,22,34,48,50,32,52,34,54,46,56,12,58
ed6d29fcc8c86ac0 0 0 1310982,2,8,8,4,2,16,10,2,8,20,18,14,6,24,22,12,28,8,30,2,26,14,34,12,36,8,38,2,33,41,42,14,44,18,46,12,48,8,50,2,53
4737a808d9fc0a00 0 0 1310982,8,2,2,14,8,4,18,2,2,20,10,2,8,24,22,16,6,28,26,12,32,8,30,16,36,12,38,8,34,40,42,22,44,26,46,12,48,8,50,2,52
542fe460077048c0 0 0 1179910,11,12,12,10,10,4,17,19,8,6,22,4,24,2,4,26,16,2,20,14,30,32,28,8,34,14,38,8,36,40,42,14,44,12,46,8,48
46e31db8643e30c0 0 0 1310982,10,12,12,10,10,4,16,18,8,6,22,4,4,24,16,2,20,14,29,30,26,8,34,4,32,14,38,8,40,4,36,42,44,14,46,26,48,8,50,4,52
e732b3323b223a88 0 0 1376518,8,2,2,14,8,6,2,18,10,4,22,2,8,24,20,16,28,8,30,2,4,32,26,12,36,4,34,16,40,12,42,4,39,45,46,16,48,26,50,12,52,4,55
2322246cccfec440 0 0 1442054,8,2,6,4,14,16,8,16,10,4,22,2,8,24,6,2,20,18,30,8,32,2,28,34,26,12,38,4,36,18,42,12,44,4,41,47,48,20,50,12,52,4,54,2,57
57b157a8f788a208 0 0 1507590,8,2,6,2,14,16,8,16,10,4,22,2,8,24,6,4,20,18,30,8,32,2,28,34,26,12,38,4,36,18,42,12,44,4,41,47,48,20,50,26,52,12,54,4,56,2,59
bb80c04054102020 0 0 1769734,8,4,14,2,4,2,16,19,8,6,22,4,19,24,10,8,28,4,10,4,30,33,26,20,36,8,38,4,40,2,2,42,34,12,46,4,48,2,44,20,52,12,54,4,56,2,50,58,60,20,62,12,64,4,66
96ae4186c3623668 0 0 1900806,12,10,14,8,16,6,8,6,20,4,18,22,18,20,10,6,28,4,4,30,18,2,26,24,36,12,38,10,34,40,32,12,44,10,46,8,48,4,42,24,52,12,54,10,56,8,58,4,51,61,62,24,64,12,66,10,68,4,71
790b8d0073ae2200 0 0 1900806,12,10,14,8,16,6,18,2,8,6,22,4,20,25,20,23,10,6,30,4,32,2,4,34,28,26,38,12,40,10,42,2,18,45,36,12,48,10,50,8,46,26,54,12,56,10,58,8,52,60,62,28,64,12,66,10,68,2,70
8fd8ed100fe45ee0 0 0 1900806,10,2,4,14,10,6,18,4,4,20,8,4,14,24,22,16,28,8,30,4,2,32,26,12,36,10,38,8,40,4,42,2,34,16,46,12,48,10,50,8,52,4,54,2,45,57,58,16,60,12,62,10,64,8,66,4,68,2,71
bfe14714881a80e0 0 0 1900806,10,4,2,14,10,6,18,2,2,20,8,2,14,24,22,16,28,8,30,2,4,32,26,12,36,10,38,8,40,4,42,2,34,16,46,12,48,10,50,8,52,4,54,2,45,57,58,16,60,22,62,12,64,10,66,8,68,4,71
4912129c42161668 0 0 1966342,8,4,2,14,8,6,18,4,2,20,10,2,14,24,22,16,28,10,30,2,4,32,26,12,36,10,38,8,40,4,42,2,34,16,46,12,48,10,50,8,52,4,54,2,45,57,58,16,60,26,62,12,64,10,66,8,68,4,70,2,73
1fe1e1f61ee0e008 0 0 2031878,10,4,2,14,10,6,18,4,2,20,8,2,14,24,22,16,28,8,30,2,4,32,26,12,36,10,38,8,40,4,42,2,34,16,46,12,48,10,50,8,52,4,54,2,45,57,58,16,60,22,62,26,64,12,66,10,68,8,70,4,72,2,75
6956610441ca4668 0 0 1835270,12,10,14,4,12,16,10,4,14,2,20,23,6,2,4,2,26,29,20,2,24,18,34,6,36,2,33,38,30,8,42,4,44,2,40,18,48,8,50,4,52,2,47,55,56,18,58,12,60,8,62,6,64,4,66,2,69
de84c70450a07a20 0 0 1835270,12,10,14,4,12,16,10,4,14,2,20,23,6,2,4,2,26,29,20,2,24,18,34,6,36,2,33,38,30,8,42,4,44,2,40,18,48,8,50,4,52,2,47,55,56,18,58,30,60,12,62,8,64,4,66,2,69
a00f046858707c68 0 0 1769734,8,2,4,14,8,6,18,2,4,20,10,8,24,4,26,2,14,28,22,16,32,10,34,4,2,36,30,12,40,10,42,4,38,16,46,12,48,10,50,4,45,53,54,22,56,12,58,10,60,8,62,4,64,2,67
2c44c3c0c2568888 0 0 1638662,8,2,4,14,8,6,18,4,4,20,10,8,24,4,26,2,14,28,22,16,32,10,34,4,2,36,30,12,40,10,42,4,38,16,46,12,48,10,50,4,45,53,54,22,56,30,58,12,60,10,63
f0e68d64f37c90e0 0 0 1376518,12,10,14,4,10,4,16,19,14,2,19,23,6,4,4,2,27,29,18,2,24,20,34,12,36,10,38,6,33,41,30,8,42,20,46,8,44,48,50,20,52,12,54
4099799c984eae88 0 0 1769734,12,4,14,2,10,4,16,18,12,18,6,4,4,2,24,26,18,2,22,20,32,12,34,6,36,2,30,38,28,8,42,6,44,2,40,20,48,8,50,6,52,2,47,55,56,22,58,8,60,6,62,4,64,2,67
af629c4227c814e8 0 0 1835270,12,10,5,14,10,6,2,18,10,8,22,6,24,4,26,2,6,28,6,4,20,16,34,12,36,10,38,2,33,40,30,6,44,2,42,16,48,12,50,8,52,6,54,4,46,56,58,16,60,20,62,12,64,10,66,2,68
075a806e02bed020 0 0 1835270,12,10,14,8,16,4,3,18,12,2,8,2,22,24,5,6,26,20,30,12,32,10,34,4,36,2,9,38,28,8,42,6,44,2,40,20,48,8,50,4,46,52,54,20,56,26,58,12,60,10,62,8,64,4,66,2,68
edaee0dce1a258a8 0 0 1966342,12,10,14,8,16,4,3,18,12,2,8,2,22,24,5,6,26,20,30,12,32,10,34,4,36,2,9,38,28,8,42,6,44,2,40,20,48,8,50,4,46,52,54,20,56,26,58,28,60,12,62,10,64,8,66,6,68,4,70,2,72
a43668d874661828 0 0 2359558,10,8,14,6,16,4,18,2,16,2,20,22,12,8,26,6,28,4,30,2,30,33,6,4,36,2,8,4,40,2,38,43,34,24,46,12,48,10,50,4,3,53,44,12,56,6,54,24,60,12,62,10,64,6,66,4,68,2,58,71,72,24,74,34,76,10,78,8,80,6,82,2,84
ada5174a174a2280 0 0 1966342,10,8,14,2,14,4,18,2,16,20,12,8,24,4,26,2,27,28,6,4,32,2,8,34,30,22,38,12,40,10,42,2,3,45,36,12,48,4,46,22,52,12,54,10,56,6,51,59,60,22,62,30,64,36,66,10,68,8,70,6,72
102b4084ab9004c0 0 0 2097414,8,6,14,4,16,2,8,18,12,10,22,6,24,4,26,2,10,6,30,4,32,2,28,35,12,6,3,38,36,20,42,12,44,8,3,47,40,6,48,20,52,12,54,10,56,8,58,2,51,61,62,20,64,36,66,48,68,12,70,10,72,8,74,2,77
6822c60ccc2cc8a8 0 0 1638662,6,2,12,10,16,6,18,4,15,21,10,6,24,4,26,2,24,28,8,6,32,4,34,2,3,36,30,22,40,6,42,4,6,45,38,8,48,6,46,22,52,12,50,54,56,30,58,46,60,10,62
d4d0804854100088 0 0 1573126,6,4,14,2,12,10,18,4,16,20,10,4,11,24,8,4,3,28,26,22,32,6,34,2,15,37,30,8,38,22,42,12,44,2,41,47,48,22,50,26,52,38,54,12,56,4,58,2,61
b8c1b5ecdcccb888 0 0 1638662,6,2,12,10,15,16,10,2,10,4,20,22,8,6,26,4,28,2,3,30,24,18,34,6,36,4,6,39,32,8,42,6,40,18,46,12,44,49,50,24,52,32,54,40,56,10,58,8,60,6,62
2488c4c8748834c8 0 0 2031878,12,10,14,8,16,6,18,2,6,20,10,8,24,6,26,4,10,6,30,4,28,32,8,4,3,36,6,2,34,22,42,12,44,10,46,6,48,2,41,50,38,4,52,22,56,10,58,8,60,4,62,2,54,65,66,22,68,34,70,10,72,4,74
21893a32848cc0c8 0 0 1704198,12,10,6,14,10,8,18,4,10,4,20,22,8,4,3,26,6,2,24,16,32,12,34,10,36,8,31,38,28,4,40,16,44,10,46,8,48,6,50,4,52,2,42,55,56,16,58,24,60,28,62,10,64
7da27fec6c4c6ea8 0 0 1769734,10,8,8,4,14,17,4,2,12,8,22,4,24,2,20,26,8,6,30,2,31,32,28,18,36,8,38,6,40,2,5,42,34,8,44,18,48,12,50,6,46,53,54,28,56,44,58,10,60,8,62,6,64,4,66
4891916e6a808080 0 0 1573126,8,4,10,15,4,2,12,18,8,6,22,4,24,2,24,27,20,16,30,8,32,6,34,4,5,36,28,8,38,16,42,12,44,8,46,6,40,49,50,20,52,28,54,38,56,10,58,6,60
50b56e7475f6a8e8 0 0 2162950,8,6,12,8,16,6,14,19,12,10,22,6,2,25,10,8,28,4,6,30,10,4,34,2,26,20,38,6,36,40,32,12,44,10,46,4,48,2,42,20,52,12,54,8,56,6,58,4,60,2,51,63,64,20,66,12,68,10,70,8,72,6,74,4,76,2,79
7e843cb44af44c08 0 0 2097414,8,2,12,8,16,6,15,19,12,10,2,23,10,8,26,6,28,4,6,30,10,4,24,20,36,6,35,38,32,12,42,10,44,6,46,4,48,2,40,20,52,12,54,8,56,6,58,4,60,2,51,63,64,20,66,24,68,10,70,6,72,4,74,2,76
8b1c766294566628 0 0 1835270,12,8,9,14,12,10,18,6,2,21,10,8,24,6,26,4,6,29,10,4,32,2,22,16,36,6,34,38,30,12,42,10,44,4,46,2,40,16,50,12,52,8,54,4,56,2,49,58,60,16,62,30,64,12,66,8,68
c7c32deec9982ce0 0 0 1835270,8,6,14,2,12,8,16,18,12,10,2,23,10,8,26,4,6,29,10,4,24,20,34,6,33,36,30,12,40,10,42,6,44,4,46,2,38,20,50,12,52,8,54,4,56,2,49,58,60,20,62,24,64,30,66,2,68
bdca02c6dcdc6c20 0 0 1769734,8,2,12,14,4,2,12,10,20,8,22,6,24,4,26,2,19,28,6,4,6,33,30,16,36,6,8,38,34,8,40,16,44,12,46,10,48,8,50,4,42,52,54,16,56,30,58,40,60,12,62,10,64,6,66
1a87483a871adaa8 0 0 1835270,8,2,12,14,4,2,12,10,20,8,22,6,24,4,26,2,19,28,6,4,6,33,30,16,36,6,8,38,34,8,40,16,44,12,46,10,48,8,50,4,42,52,54,16,56,30,58,34,60,40,62,12,64,10,66,6,68
4bda3e0a0ecaf4c0 0 0 1835270,12,6,14,2,12,10,18,8,16,21,10,2,12,4,26,2,25,29,10,8,6,32,30,22,36,10,38,8,10,40,34,12,44,10,46,6,48,2,42,22,52,12,54,10,56,6,58,4,50,60,62,22,64,12,66,6,68
8590d13c45f012a0 0 0 2294022,12,6,14,2,12,10,18,8,20,4,16,22,10,4,26,2,12,4,30,2,28,33,10,8,36,4,6,39,34,24,42,10,44,8,46,4,27,49,40,12,52,10,54,6,56,4,58,2,50,24,62,12,64,10,66,6,61,69,70,24,72,34,74,12,76,10,78,8,80,6,82
ccc83b1c2b947ce0 0 0 2162950,12,6,14,2,12,10,18,8,20,6,16,22,10,2,12,4,28,2,27,31,10,8,34,6,6,37,32,24,40,10,42,8,44,6,10,47,38,12,50,10,52,6,54,2,48,24,58,12,60,10,62,6,64,4,56,66,68,24,70,38,72,12,74,10,76,6,78
2051a9e815ae5ce8 0 0 2556166,12,6,14,2,12,10,18,8,20,6,22,4,16,25,10,4,28,2,12,4,32,2,30,35,10,8,38,6,40,4,6,42,36,26,46,10,48,8,50,6,52,4,29,54,44,12,58,10,60,6,62,4,64,2,56,26,68,12,70,10,72,6,67,75,76,26,78,36,80,44,82,12,84,8,86,6,88,4,91
13d736aaba4ea6a0 0 0 2031878,12,6,14,2,12,10,18,8,20,4,17,23,10,4,26,2,12,4,28,31,10,8,34,4,6,37,32,24,40,6,27,42,38,12,46,10,48,6,50,4,52,2,44,24,56,12,58,8,60,4,62,2,54,64,66,32,68,44,70,8,72,2,75
c04bfb52c590e0e0 0 0 2425094,12,6,14,2,12,10,18,8,20,6,22,4,17,24,10,4,28,2,12,4,30,33,10,8,36,6,38,4,6,40,34,26,44,6,29,46,42,12,50,10,52,6,54,4,56,2,48,26,60,12,62,8,64,6,66,4,68,2,58,71,72,34,74,42,76,48,78,10,80,8,82,4,84,2,86
259021aaaa866280 0 0 1442054,10,8,4,2,14,17,12,6,6,4,20,22,8,6,26,2,8,4,28,31,24,18,34,8,36,6,38,2,3,40,32,12,42,18,46,12,48,8,44,51,52,24,54,2,56
4f7d6f14beea0840 0 0 2294022,10,8,14,6,16,4,4,2,18,21,12,4,24,2,6,4,26,28,8,6,32,4,34,2,9,36,30,22,40,8,42,6,44,4,46,2,3,48,38,12,52,6,54,4,56,2,50,22,60,12,62,8,64,6,66,2,58,69,70,22,72,30,74,38,76,10,78,8,80,2,82
a00800e8e4f81448 0 0 2031878,10,8,14,6,16,4,18,2,4,20,12,6,24,4,6,4,28,2,26,31,8,2,8,6,36,4,38,2,35,41,32,22,44,8,46,2,3,49,42,12,52,4,50,22,56,12,58,8,60,6,62,4,54,64,66,32,68,50,70,12,72,6,74
ddfef480d560c088 0 0 2031878,10,8,14,4,4,16,12,2,6,4,22,2,20,25,8,4,28,2,8,6,32,2,31,35,26,18,38,8,40,4,42,2,3,45,36,12,48,6,50,2,46,18,54,12,56,8,58,4,60,2,52,62,64,18,66,26,68,46,70,12,72,2,74
cbdb4afa5eeeb000 0 0 2294022,10,8,14,4,4,16,12,6,20,4,22,2,6,4,26,2,25,29,8,6,32,2,8,4,36,2,34,38,30,18,42,8,44,6,46,2,3,48,40,12,52,4,54,2,50,18,58,12,60,8,62,4,64,2,57,66,68,30,70,40,72,50,74,12,76,8,78,6,80,2,83
b7e5fbc0f780d200 0 0 2425094,10,8,14,4,4,16,12,6,20,4,22,2,6,4,26,2,25,29,8,6,32,2,8,4,36,2,34,38,30,18,42,8,44,6,46,2,3,48,40,12,52,4,54,2,50,18,58,12,60,8,62,4,64,2,57,66,68,18,70,30,72,40,74,50,76,12,78,8,80,6,82,4,84,2,87
7babdfd00e840000 0 0 1900806,12,8,14,4,9,16,14,6,20,4,10,4,23,24,6,4,28,2,29,30,10,8,34,4,36,2,26,18,40,6,42,4,44,2,38,46,32,6,50,2,48,18,54,12,56,10,58,8,60,4,52,62,64,18,66,12,68,4,70
96ef4418555484a0 0 0 1638662,12,4,9,15,12,6,18,4,20,2,11,22,6,4,26,2,26,29,10,8,32,2,24,16,36,6,38,4,35,40,30,6,42,16,46,12,48,10,44,50,52,16,54,24,56,8,58,6,60,2,63
90387880ff087880 0 0 2031878,12,8,14,4,9,16,14,6,20,4,10,4,23,24,6,4,28,2,29,30,10,8,34,4,36,2,26,18,40,6,42,4,44,2,38,46,32,6,50,2,48,18,54,12,56,10,58,8,60,4,52,62,64,18,66,32,68,12,70,4,72,2,74
70b439f2120cfee0 0 0 1704198,12,4,9,15,12,6,18,4,20,2,11,22,6,4,26,2,26,29,10,8,32,2,24,16,36,6,38,4,35,40,30,6,42,16,46,12,48,10,44,50,52,16,54,24,56,30,58,8,60,6,62,2,65
4b2f7ad0cba050a0 0 0 1638662,12,4,9,14,12,6,18,4,10,4,20,22,10,6,26,2,27,28,10,8,32,4,34,2,24,16,38,10,40,6,36,43,30,6,46,2,44,16,50,12,52,2,49,54,56,44,58,4,60,2,62
30382a388a283a28 0 0 1769734,8,6,12,10,14,16,16,6,10,4,20,22,6,4,26,2,27,28,10,8,32,6,34,4,36,2,24,18,40,6,42,4,39,45,30,6,48,2,46,18,52,12,54,2,51,56,58,18,60,46,62,12,64,2,66
6d0c17104de018e0 0 0 1638662,12,10,9,14,14,6,5,18,10,6,22,4,24,2,24,27,8,4,30,2,20,16,34,10,36,6,38,4,33,40,28,6,44,2,42,16,48,12,50,2,47,52,54,20,56,42,58,12,60,6,62
533e1ce8104e1ce8 0 0 1966342,8,6,14,2,12,10,18,6,20,2,16,23,18,2,5,27,10,6,30,4,32,2,32,35,14,4,28,24,40,10,42,6,44,4,38,46,36,6,50,2,48,24,54,12,56,6,53,59,60,24,62,28,64,48,66,10,68,6,70,4,72
00f265c8b120ee80 0 0 1638662,12,4,9,14,12,6,18,4,10,4,20,22,10,6,26,2,27,28,10,8,32,4,34,2,24,16,38,10,40,6,36,43,30,6,46,2,44,16,50,12,52,2,49,54,56,30,58,44,60,4,62
635e083a851292a0 0 0 1704198,12,10,9,14,14,6,5,18,10,6,22,4,24,2,24,27,8,4,30,2,20,16,34,10,36,6,38,4,33,40,28,6,44,2,42,16,48,12,50,2,47,52,54,20,56,28,58,42,60,12,62,6,64
e01b10e811e8fa00 0 0 1966342,8,6,14,2,12,10,18,6,20,4,22,2,16,24,18,4,28,2,5,30,10,6,34,2,35,36,14,4,32,26,42,10,44,6,40,47,38,6,50,2,48,26,54,12,56,6,53,59,60,26,62,32,64,38,66,48,68,10,70,6,73
d1bc51f06d66f400 0 0 2228486,12,10,14,8,16,2,4,2,19,21,12,6,24,4,26,2,6,4,28,31,8,6,34,4,36,2,8,39,32,22,42,8,44,6,46,4,48,2,5,51,40,12,54,4,56,2,52,22,60,12,62,8,64,2,58,67,68,22,70,32,72,40,74,10,76,8,78,2,81
bcfca51e51009ac0 0 0 2162950,12,10,14,4,4,16,12,6,20,4,8,4,22,24,8,6,6,4,30,2,29,33,4,2,26,18,38,8,40,6,36,43,34,12,46,8,48,6,50,4,52,2,44,18,56,12,58,8,60,4,62,2,54,65,66,26,68,44,70,12,72,8,74,4,76,2,79
ea17cabe17a852a8 0 0 2162950,12,10,14,4,4,16,12,6,20,4,8,4,22,24,8,6,6,4,30,2,29,33,4,2,26,18,38,8,40,6,36,43,34,12,46,8,48,6,50,4,52,2,44,18,56,12,58,8,60,4,62,2,54,65,66,18,68,26,70,44,72,12,74,8,76,2,79
fc02e602a4aae400 0 0 2097414,12,10,14,4,4,16,12,8,20,4,6,4,22,24,8,6,8,4,30,2,29,33,4,2,26,18,38,8,40,6,36,43,34,12,46,8,48,6,50,4,52,2,44,18,56,12,58,6,60,4,62,2,54,65,66,26,68,34,70,44,72,12,74,8,76
13a46a485ba4e248 0 0 2228486,12,10,14,4,4,16,12,8,20,4,6,4,22,24,8,6,8,4,30,2,29,33,4,2,26,18,38,8,40,6,36,43,34,12,46,8,48,6,50,4,52,2,44,18,56,12,58,6,60,4,62,2,54,65,66,18,68,26,70,34,72,44,74,12,76,8,78,4,80
b99998e8f87898e8 0 0 1769734,12,10,14,4,14,2,16,19,14,6,8,6,24,2,22,26,10,6,30,2,30,33,24,4,36,2,28,20,40,10,42,6,44,2,38,47,34,6,48,20,52,12,54,8,56,6,58,2,50,60,62,20,64,4,66
54a0aad24afa1428 0 0 2031878,12,10,14,6,16,2,12,6,20,4,18,22,12,4,26,2,9,29,6,4,32,2,32,35,10,8,38,4,30,24,42,6,44,4,46,2,40,49,36,6,50,24,54,12,56,8,58,6,60,2,52,62,64,30,66,12,68,8,70,4,72,2,75
febc4e90a3cc6c60 0 0 1900806,12,10,14,4,14,2,16,19,14,6,8,2,22,25,10,6,28,2,28,31,8,4,34,2,26,20,38,10,40,6,42,2,37,45,32,6,46,20,50,12,52,8,54,2,48,57,58,20,60,26,62,12,64,10,66,6,68,4,70
8ef0e00462948ce0 0 0 2097414,12,10,14,4,16,2,15,18,14,6,22,4,8,6,26,2,25,28,10,6,32,4,34,2,35,36,26,4,40,2,30,20,44,10,46,6,48,4,50,2,42,52,38,6,54,20,58,12,60,8,62,6,64,2,56,66,68,20,70,38,72,4,74,2,76
081dff441d087cc8 0 0 2097414,12,10,14,6,16,2,12,6,20,4,18,22,12,4,26,2,9,29,6,4,32,2,32,35,10,8,38,4,30,24,42,6,44,4,46,2,40,49,36,6,50,24,54,12,56,8,58,6,60,2,52,62,64,30,66,36,68,12,70,8,72,4,74,2,77
50156baebe6402a8 0 0 1966342,12,10,14,4,14,2,16,19,14,6,8,2,22,25,10,6,28,2,28,31,8,4,34,2,26,20,38,10,40,6,42,2,37,45,32,6,46,20,50,12,52,8,54,2,48,57,58,20,60,26,62,32,64,12,66,10,68,6,70,4,72
3af8cbcacd3c16e8 0 0 2031878,12,8,14,4,12,10,18,8,20,4,22,2,17,24,20,6,28,4,8,2,30,33,6,4,36,2,36,39,10,8,42,2,34,26,46,6,48,4,45,50,40,6,52,26,56,12,58,10,55,60,62,34,64,52,66,10,68,6,70,4,72,2,74
bbe954f651eae4a0 0 0 2097414,12,8,14,6,16,4,12,10,20,8,22,6,24,2,18,26,9,22,6,4,32,2,32,35,10,8,38,4,30,28,42,6,44,4,40,46,36,6,48,28,52,12,54,10,56,6,58,4,60,2,51,62,64,28,66,30,68,48,70,6,72,4,74,2,76
d6d12d3cd2e61ac8 0 0 2097414,12,8,14,4,12,10,18,8,20,4,22,2,17,24,20,6,28,4,8,2,30,33,6,4,36,2,36,39,10,8,42,2,34,26,46,6,48,4,45,50,40,6,52,26,56,12,58,10,55,60,62,34,64,40,66,52,68,10,70,6,72,4,74,2,76
1feb8d5af10cbe60 0 0 2162950,12,8,14,6,16,4,12,10,20,8,22,6,24,2,18,26,9,22,6,4,32,2,32,35,10,8,38,4,30,28,42,6,44,4,40,46,36,6,48,28,52,12,54,10,56,6,58,4,60,2,51,62,64,28,66,30,68,36,70,48,72,6,74,4,76,2,78
2b5044006bd0c480 0 0 1573126,10,6,14,4,4,2,16,19,12,10,22,4,24,2,12,2,26,28,10,8,8,33,30,20,36,10,38,8,5,41,34,12,42,20,46,10,48,8,50,4,44,52,54,30,56,12,58,2,60
33232aca164066c0 0 0 1835270,10,6,14,4,4,2,16,19,12,10,22,4,24,2,12,2,26,28,10,8,32,4,8,4,34,37,30,20,40,10,42,8,44,4,5,46,38,12,48,20,52,10,54,8,50,57,58,20,60,30,62,12,64,6,66,2,68
dfcf98fe010020a8 0 0 1573126,8,6,14,4,4,2,16,19,12,8,12,4,22,24,10,8,28,2,10,4,30,33,26,20,36,10,38,8,40,2,3,42,34,12,44,20,48,10,50,8,46,53,54,26,56,34,58,12,60
d58df8d8a788a888 0 0 1966342,8,6,14,4,16,2,4,2,19,21,12,8,12,4,24,26,10,8,30,2,10,4,32,35,28,22,38,10,40,8,42,2,3,44,36,12,46,22,50,10,52,8,48,55,56,22,58,28,60,36,62,12,64,8,66,6,68,4,70,2,73
8ae06c8ca6664a00 0 0 1769734,10,6,14,4,2,16,12,10,20,2,12,4,24,2,22,26,10,8,30,4,8,4,32,35,28,18,38,10,40,8,42,4,5,44,36,12,46,18,50,10,52,8,49,55,56,28,58,46,60,12,62,8,64,2,67
1ba819461ba808a8 0 0 1376518,10,2,8,14,10,8,4,19,6,2,4,22,20,16,26,12,28,10,30,2,3,33,24,8,34,16,38,8,40,6,42,4,44,2,36,46,48,16,50,20,52,4,54
f272eca02f50eca0 0 0 1900806,12,8,14,6,16,4,18,2,8,6,22,2,20,24,14,4,18,28,8,4,32,2,2,35,30,26,38,10,8,40,36,8,44,6,46,2,42,26,50,12,52,8,48,55,56,26,58,30,60,12,62,8,64,6,66,4,68,2,70
4a01413694945c60 0 0 1900806,12,6,14,4,16,2,8,6,20,2,18,22,12,4,16,26,8,4,30,2,2,33,28,24,36,10,38,6,8,40,34,8,44,6,46,2,42,24,50,12,48,53,54,24,56,28,58,34,60,12,62,8,64,6,66,4,68,2,70
d2ca7830a5820088 0 0 1900806,12,4,8,6,16,2,14,18,12,6,22,4,24,2,14,2,26,28,8,4,2,32,30,20,36,10,38,6,40,2,8,42,34,8,46,6,48,2,44,20,52,12,54,6,50,56,58,30,60,44,62,12,64,6,66,4,68,2,70
883a27cafb7afe20 0 0 2097414,12,8,14,4,8,6,18,2,16,20,14,6,24,4,26,2,16,2,28,30,8,4,2,34,32,22,38,10,40,2,8,42,36,8,46,6,48,2,44,22,52,12,54,8,56,6,50,58,60,32,62,36,64,44,66,12,68,8,70,6,72,4,74,2,76
e40fa84ccac0ba40 0 0 1638662,12,10,14,6,16,2,8,18,8,2,15,22,8,6,26,4,2,29,26,2,24,20,34,10,36,6,33,38,30,8,40,20,44,8,46,6,48,4,50,2,42,53,54,20,56,24,58,8,60,2,62
3ba0d0447fd82088 0 0 1638662,12,10,14,8,16,2,8,18,16,6,8,2,23,24,8,6,28,4,30,2,2,32,28,2,26,20,38,10,37,40,34,8,42,20,46,8,48,6,50,4,44,52,54,20,56,26,58,34,60,8,62
7942975cfd0a58a0 0 0 1769734,12,8,14,4,16,2,8,6,20,2,18,23,14,6,26,4,21,29,8,4,2,32,30,24,36,10,8,38,34,8,42,6,44,2,40,24,48,8,50,4,52,2,47,54,56,30,58,40,60,8,62,6,64,4,67
ed329964a998cca8 0 0 2031878,10,8,8,6,16,4,18,2,14,20,10,6,24,4,25,27,6,4,30,2,4,2,33,35,28,22,38,12,40,6,42,4,44,2,3,47,36,8,50,6,52,4,54,2,48,22,58,10,60,8,62,6,56,64,66,28,68,12,70,10,72,4,75
a27ddf9eb6369e80 0 0 1769734,12,4,14,2,4,16,10,2,10,8,22,4,20,25,8,6,28,2,3,30,4,2,26,18,36,12,38,8,35,41,32,6,44,4,42,18,48,10,50,4,47,53,54,26,56,42,58,10,60,8,62,4,64,2,67
9bf45378daa45628 0 0 1900806,8,6,14,2,4,16,12,8,20,2,12,4,24,2,22,26,10,8,30,2,10,4,32,35,28,18,38,10,40,8,42,2,3,44,36,12,46,18,50,10,52,8,49,55,56,28,58,36,60,46,62,12,64,10,66,8,68,2,71
742cfdf8b5b8f0a0 0 0 2294022,8,6,14,4,4,16,12,8,20,4,22,2,12,4,26,2,25,28,10,8,32,4,10,4,36,2,34,38,30,18,42,10,44,8,46,4,3,48,40,12,50,18,54,10,56,8,58,4,60,2,53,63,64,18,66,30,68,40,70,50,72,12,74,10,76,8,78,4,80,2,83
9edcd9e89b6464e8 0 0 1507590,12,6,14,2,10,16,12,8,20,2,13,22,6,4,26,2,26,29,10,8,24,18,34,6,36,4,38,2,32,41,30,6,42,18,46,8,48,6,50,4,52,2,44,55,56,18,58
f88101feb78c12a0 0 0 1835270,10,2,13,15,12,6,18,2,12,8,22,6,24,2,20,27,6,4,30,2,30,33,10,8,28,16,38,6,40,4,42,2,37,45,34,6,46,16,50,8,52,6,54,4,48,57,58,16,60,28,62,12,64,10,66,2,69
be2ea69616446400 0 0 1573126,12,6,14,2,10,16,12,8,20,2,13,22,6,4,26,2,26,29,10,8,24,18,34,6,36,4,38,2,32,41,30,6,42,18,46,8,48,6,50,4,52,2,44,55,56,18,58,30,60
eb3bd39a1c34e8c0 0 0 1900806,10,2,13,15,12,6,18,2,12,8,22,6,24,2,20,27,6,4,30,2,30,33,10,8,28,16,38,6,40,4,42,2,37,45,34,6,46,16,50,8,52,6,54,4,48,57,58,16,60,28,62,34,64,12,66,10,68,2,71
2d4c08daa3e0e0e0 0 0 1966342,10,2,12,10,16,8,15,18,18,6,22,2,16,6,26,2,24,29,6,4,32,2,32,35,10,8,30,20,40,6,42,4,44,2,39,47,36,6,48,20,52,8,54,6,56,4,51,59,60,30,62,48,64,12,66,8,68,6,70,4,73
a326e69c3e981288 0 0 1900806,10,2,12,10,16,8,15,18,18,6,22,2,16,6,26,2,24,29,6,4,32,2,32,35,10,8,30,20,40,6,42,4,44,2,39,47,36,6,48,20,52,8,54,6,56,4,51,59,60,20,62,30,64,48,66,6,68,4,71
65b226867392d640 0 0 2031878,10,2,12,10,16,8,15,18,18,6,22,2,16,6,26,2,24,29,6,4,32,2,32,35,10,8,30,20,40,6,42,4,44,2,39,47,36,6,48,20,52,8,54,6,56,4,51,59,60,30,62,36,64,48,66,12,68,8,70,6,72,4,75
d7dd325662626608 0 0 1966342,10,2,12,10,16,8,15,18,18,6,22,2,16,6,26,2,24,29,6,4,32,2,32,35,10,8,30,20,40,6,42,4,44,2,39,47,36,6,48,20,52,8,54,6,56,4,51,59,60,20,62,30,64,36,66,48,68,6,70,4,73
027d2ad28f787088 0 0 1573126,12,10,14,2,2,16,12,8,12,4,20,23,8,6,26,2,6,28,24,18,32,6,5,34,30,12,36,18,40,6,42,4,44,2,38,47,48,18,50,24,52,12,54,8,56,6,58,2,60
9a37fdb6c54a5ec8 0 0 2097414,12,10,14,2,2,16,12,8,20,6,22,4,24,2,12,6,28,4,30,2,26,33,8,6,36,4,6,2,39,41,34,18,44,8,46,6,48,4,5,51,42,12,54,6,56,2,52,18,60,8,62,6,64,2,58,66,68,34,70,52,72,12,74,6,76
1279db9252e6fe68 0 0 2228486,12,10,14,4,2,16,12,8,20,6,22,4,24,2,12,6,28,4,30,2,26,33,8,6,36,4,6,2,39,41,34,18,44,8,46,6,48,4,5,51,42,12,54,6,56,2,52,18,60,8,62,6,64,2,58,66,68,18,70,34,72,52,74,12,76,6,78,2,80
ca028eaa24a86000 0 0 1835270,12,8,14,4,14,6,18,4,16,20,8,6,4,2,24,26,10,8,30,4,32,2,6,34,6,2,28,22,40,8,42,6,44,4,39,47,36,4,50,2,48,22,52,54,56,28,58,36,60,48,62,12,64,6,66,2,69
916c334e6e82cca0 0 0 1638662,12,6,14,4,16,2,12,18,10,6,10,23,8,6,26,4,28,2,8,30,6,2,24,20,36,8,38,6,40,2,35,43,32,8,46,2,44,20,50,6,48,53,54,24,56,32,58,8,60,2,62
20a022e4a86caa28 0 0 2162950,12,10,14,8,16,6,16,18,10,4,10,6,24,2,22,27,8,6,30,4,32,2,8,4,36,2,34,38,6,4,28,20,44,8,46,2,43,49,40,8,52,6,54,4,50,20,58,6,60,4,62,2,56,65,66,20,68,28,70,40,72,12,74,10,76,2,78
d88aa80af8808800 0 0 1769734,8,6,14,2,4,16,8,4,20,2,12,8,23,24,10,2,9,28,4,2,26,18,34,12,36,4,38,2,32,41,30,12,44,10,46,8,48,4,50,2,42,18,54,8,56,2,52,59,60,26,62,42,64,4,66
e8e018e888f80088 0 0 1835270,8,6,14,2,4,16,8,4,20,2,12,23,10,4,26,2,9,28,4,2,24,18,34,12,36,8,38,4,40,2,32,43,30,12,46,10,48,2,44,18,52,8,54,2,50,57,58,24,60,30,62,44,64,10,66,2,68
b63c68fcb0b27ce8 0 0 1704198,12,10,14,6,16,4,2,18,6,4,22,2,12,4,26,2,24,28,6,2,8,32,4,2,30,20,38,12,40,6,36,42,34,12,46,8,48,4,44,20,52,6,54,4,50,56,58,20,60,30,62,44,64
77a897085698e668 0 0 2097414,12,10,14,6,16,4,2,18,6,4,22,2,12,6,24,26,8,4,30,2,6,2,33,34,4,2,28,20,40,12,42,4,44,2,38,46,36,12,50,8,52,6,54,4,48,20,58,6,60,4,57,62,64,20,66,28,68,36,70,48,72,6,74,4,76
d1b5d6ba2a4e4428 0 0 1769734,2,12,12,10,16,8,18,6,8,4,21,22,6,4,5,26,8,2,24,14,32,12,34,10,36,6,38,4,31,41,28,8,44,6,46,2,42,14,50,12,52,10,54,8,56,6,58,2,48,61,62,24,64,4,66
80d283a2efac7040 0 0 1835270,12,10,14,4,2,16,12,8,20,4,13,22,8,6,6,2,27,29,24,18,32,8,34,6,5,37,30,12,40,4,38,18,44,8,46,6,48,4,50,2,42,52,54,24,56,30,58,38,60,12,62,8,64,6,66,4,69
08e498f48e468400 0 0 2031878,12,10,14,4,2,16,12,8,20,4,22,2,13,25,8,6,28,2,6,2,30,33,26,18,36,8,38,6,40,2,5,42,34,12,46,4,44,18,50,8,52,6,54,4,48,57,58,18,60,26,62,34,64,44,66,12,68,8,70,6,72,2,74
e8a11f9aaed4bac0 0 0 2031878,12,6,14,2,12,8,18,6,20,2,16,23,18,2,12,10,28,8,26,30,6,4,34,2,35,36,10,8,32,24,42,6,44,4,46,2,40,48,38,6,52,2,50,24,56,10,58,6,60,4,62,2,54,65,66,24,68,32,70,12,72,8,74
a6465faab8d022a0 0 0 2162950,12,6,14,2,12,8,18,6,20,2,16,23,18,2,12,10,28,8,26,30,6,4,34,2,35,36,10,8,32,24,42,6,44,4,46,2,40,48,38,6,52,2,50,24,56,10,58,6,60,4,62,2,54,65,66,24,68,32,70,38,72,12,74,8,76,2,78
c193285cdfbe3c48 0 0 2097414,12,10,14,8,16,6,18,2,14,6,22,2,20,25,14,2,13,29,6,4,32,2,33,34,10,8,30,26,40,6,42,4,44,2,38,46,36,6,50,2,48,26,54,10,56,6,58,4,60,2,53,63,64,48,66,10,68,8,70,6,72,4,74,2,77
d7db5da215c44a68 0 0 2097414,12,10,14,8,16,6,18,2,14,6,22,2,20,25,14,2,13,29,6,4,32,2,33,34,10,8,30,26,40,6,42,4,44,2,38,46,36,6,50,2,48,26,54,10,56,6,58,4,60,2,53,63,64,30,66,48,68,12,70,8,72,6,74,4,76
dddac89a8ad8bae8 0 0 2031878,12,10,14,8,14,2,16,19,14,6,22,2,12,6,26,2,25,28,6,4,32,2,33,34,10,8,30,20,40,6,42,4,44,2,39,46,36,6,50,2,48,20,54,10,56,6,58,4,53,60,62,20,64,30,66,48,68,10,70,6,72,4,74
9fae6bda1584aa88 0 0 2097414,12,10,14,8,16,6,18,2,14,6,22,2,20,25,14,2,13,29,6,4,32,2,33,34,10,8,30,26,40,6,42,4,44,2,38,46,36,6,50,2,48,26,54,10,56,6,58,4,60,2,53,63,64,36,66,48,68,10,70,8,72,6,74,4,77
a67f2fac0beef2e8 0 0 2228486,12,10,14,8,16,6,18,2,14,6,22,2,20,25,14,2,13,29,6,4,32,2,33,34,10,8,30,26,40,6,42,4,44,2,38,46,36,6,50,2,48,26,54,10,56,6,58,4,60,2,53,63,64,30,66,36,68,48,70,12,72,8,74,6,76,4,78,2,80
74a77aa6a1985000 0 0 2162950,12,10,14,8,14,2,16,19,14,6,22,2,12,6,26,2,25,28,6,4,32,2,33,34,10,8,30,20,40,6,42,4,44,2,39,46,36,6,50,2,48,20,54,10,56,6,58,4,53,60,62,20,64,30,66,36,68,48,70,10,72,6,74,4,76,2,78
ec486c62ac222c08 0 0 1835270,12,10,14,8,2,16,8,2,10,8,22,6,20,24,5,7,26,18,30,12,32,10,34,8,36,6,2,39,28,8,42,6,44,4,40,18,48,10,50,6,52,4,54,2,46,57,58,18,60,26,62,10,64,6,66,4,69
82b6c2060480b4c0 0 0 1769734,12,10,14,8,2,16,8,2,10,8,22,6,20,24,5,7,26,18,30,12,32,10,34,8,36,6,2,39,28,8,42,6,44,4,40,18,48,10,50,6,52,4,54,2,46,57,58,18,60,26,62,28,64,10,66
ead77b5a3d7806a0 0 0 1638662,12,6,14,4,2,16,10,8,20,6,8,22,6,4,5,26,24,18,30,12,2,32,28,8,36,6,38,2,34,18,42,10,44,6,46,4,41,49,50,24,52,34,54,10,56,6,58,4,60,2,63
640ae4208eca0ee0 0 0 1638662,12,6,14,4,2,16,10,8,20,6,8,22,6,4,5,26,24,18,30,12,2,32,28,8,36,6,38,2,34,18,42,10,44,6,46,4,41,49,50,24,52,28,54,34,56,10,58,4,60,2,63
266290e8ba622cc8 0 0 1835270,12,10,14,8,16,6,18,2,18,4,22,2,20,24,2,6,10,4,8,31,28,26,34,12,36,10,38,6,40,2,4,42,32,12,46,2,44,26,50,10,52,6,54,4,56,2,49,59,60,26,62,10,64,6,66,4,69
2da368ec15a8e0a8 0 0 2097414,12,10,14,6,16,4,18,2,16,2,20,22,6,4,2,27,10,8,30,4,8,32,28,24,36,12,38,10,40,8,42,6,44,4,46,2,4,48,34,12,52,2,50,24,56,10,58,8,60,6,62,2,55,65,66,24,68,34,70,10,72,6,74,4,77
996e6068a26e3268 0 0 2228486,12,10,14,8,16,4,18,2,3,21,12,2,9,25,6,4,7,28,8,2,26,22,34,12,36,10,38,8,40,6,42,2,32,45,30,8,48,4,50,2,46,22,54,12,56,8,58,6,60,2,53,63,64,26,66,46,68,12,70,10,72,8,74,6,76,4,78,2,81
002008a880a08828 0 0 1179910,6,4,12,8,14,16,12,14,2,6,10,4,20,18,26,8,28,2,24,30,22,6,34,4,32,18,38,12,40,2,36,42,44,18,46,20,48
b0f008e832d208e8 0 0 1114374,12,10,14,4,4,16,4,12,6,8,4,2,20,18,26,12,28,4,24,30,22,12,32,18,36,12,38,6,34,40,42,20,44,12,46
7bc1bc3437826c28 0 0 1179910,12,10,14,4,4,16,4,12,6,8,4,2,20,18,26,12,28,4,24,30,22,12,32,18,36,12,38,6,34,40,42,20,44,22,46,12,48
c4a6a8e8ae8ca8a8 0 0 1507590,4,2,12,10,15,16,13,15,6,8,20,18,24,12,26,4,28,2,5,30,22,12,32,18,36,12,38,6,35,41,42,18,44,20,46,22,48,32,50,12,52,6,54,4,56,2,58
bebd64685868a868 0 0 1638662,10,4,10,6,16,4,14,19,12,8,22,6,4,24,8,6,28,4,30,2,4,32,26,20,36,12,38,8,40,4,42,2,3,44,34,4,46,20,48,50,52,26,54,34,56,46,58,12,60,8,62
d0e44098e4808800 0 0 1835270,12,10,14,4,16,2,16,19,12,8,22,6,24,4,26,2,3,29,8,6,8,4,33,34,30,20,38,12,40,4,5,43,36,12,46,8,48,6,50,4,52,2,44,20,56,12,58,6,60,2,55,63,64,30,66,36,68
c0406e4000206220 0 0 1900806,12,10,2,14,12,6,18,4,20,2,2,22,8,6,26,4,28,2,6,30,4,2,24,16,36,6,34,38,32,12,42,6,44,4,46,2,40,16,50,12,52,4,54,2,48,56,58,24,60,32,62,12,64,6,66,4,68,2,70
f1787204f0d2f880 0 0 1835270,12,10,14,6,16,4,18,2,16,20,4,2,12,4,26,2,24,28,8,4,32,2,6,34,30,22,38,6,5,40,36,12,44,4,46,2,42,22,50,12,52,6,54,4,56,2,48,58,60,30,62,36,64,12,66,2,68
cac2dfc2e3283a28 0 0 2294022,12,4,14,2,6,4,18,2,16,20,12,8,24,6,26,4,28,2,20,31,10,8,34,6,36,2,4,38,32,22,42,12,44,2,19,46,40,12,50,8,52,6,54,4,56,2,48,22,60,12,62,8,64,6,66,2,59,69,70,32,72,12,74,8,76,6,78,4,80,2,83
839dd8d82c463cc0 0 0 1310982,12,8,14,6,6,2,17,18,12,18,4,10,22,20,26,12,28,8,30,6,32,4,7,35,24,12,36,20,40,12,42,4,38,44,46,22,48,24,50,12,52
3010ff14a020a028 0 0 1245446,12,8,14,6,16,2,17,19,2,12,4,10,22,20,26,12,28,8,30,6,32,4,7,35,24,12,36,20,40,12,42,4,38,44,46,22,48,12,50
cfe6e7207f406e40 0 0 1966342,12,10,14,6,4,16,12,4,20,2,4,23,8,6,26,4,6,28,4,2,24,18,34,12,36,6,38,2,32,41,30,12,44,4,46,2,42,18,50,12,52,6,54,4,56,2,49,59,60,18,62,24,64,30,66,42,68,12,70,2,73
ddf785f202d80088 0 0 1966342,12,10,14,6,16,2,16,19,12,4,22,2,3,25,8,4,28,2,6,30,26,20,34,12,36,6,38,4,5,40,32,12,44,4,46,2,42,20,50,12,52,6,54,4,56,2,49,59,60,20,62,26,64,32,66,42,68,12,70,6,72
40ca748e4ccc7888 0 0 1704198,12,10,14,6,2,16,14,8,20,6,22,4,2,24,6,4,28,2,4,30,10,6,34,2,26,18,38,4,36,40,32,8,44,4,42,18,48,12,50,10,52,8,54,2,46,56,58,18,60,26,62,8,64
3ee222b20ef012a0 0 0 1835270,12,10,14,6,2,16,14,8,20,6,22,4,2,24,6,4,28,2,4,30,10,6,34,2,26,18,38,4,36,40,32,8,44,4,42,18,48,12,50,10,52,8,54,2,46,56,58,18,60,26,62,32,64,8,66,4,68
c634649ef80a5aa0 0 0 1966342,12,8,14,6,14,16,10,4,20,2,20,23,8,4,26,2,8,6,30,4,32,2,28,34,6,4,38,2,24,18,42,8,44,6,40,46,36,8,50,6,52,2,48,18,56,2,55,59,60,24,62,48,64,12,66,8,68,4,70,2,73
6a58188a3052e280 0 0 2097414,12,8,14,2,2,16,12,10,20,8,22,6,24,4,26,2,8,4,28,30,6,4,5,34,8,2,32,18,40,12,42,10,44,6,46,2,39,48,36,8,52,6,54,2,50,18,58,12,60,10,62,8,64,6,66,4,56,68,70,18,72,32,74,4,76
18d0b87ac0a86aa8 0 0 1769734,2,12,12,10,16,8,8,4,18,20,6,4,5,24,8,2,22,14,30,12,32,10,34,4,29,36,26,8,40,6,42,2,38,14,46,12,48,10,50,8,52,2,44,54,56,14,58,22,60,26,62,6,64,2,66
c89e969a880c5688 0 0 1835270,8,6,14,4,2,16,12,4,20,2,12,8,24,2,23,27,10,8,30,4,32,2,9,34,28,18,38,8,40,4,5,42,36,12,46,10,48,4,50,2,44,18,54,12,56,4,53,59,60,28,62,44,64,8,66,2,68
a8394e4e5dc6aaa0 0 0 1507590,12,10,2,14,12,6,12,4,18,21,8,4,24,2,7,26,4,2,22,16,32,6,34,4,30,37,28,12,40,8,38,16,44,12,46,6,48,2,43,50,52,22,54,38,56,2,58
6fe2e2c04f6ae0c0 0 0 1573126,12,10,2,14,12,6,12,4,18,21,8,4,24,2,7,26,4,2,22,16,32,6,34,4,30,37,28,12,40,8,38,16,44,12,46,6,48,2,43,50,52,16,54,22,56,38,58,2,60
00a2880827f28808 0 0 1638662,12,10,2,14,12,6,12,4,18,21,8,4,24,2,7,26,4,2,22,16,32,6,34,4,30,37,28,12,40,8,38,16,44,12,46,6,48,2,43,50,52,22,54,28,56,38,58,8,60,4,62
8bb0c8b0c1a082a0 0 0 1769734,12,4,2,14,12,8,18,2,2,20,6,4,24,2,4,26,10,8,30,4,22,16,34,4,32,36,28,8,40,4,42,2,38,16,46,12,48,8,50,6,52,4,44,54,56,22,58,28,60,38,62,8,64,2,66
88802252522aa8a8 0 0 1704198,12,10,2,14,12,6,12,4,18,21,8,4,24,2,7,26,4,2,22,16,32,6,34,4,30,37,28,12,40,8,38,16,44,12,46,6,48,2,43,50,52,16,54,22,56,28,58,38,60,8,62,4,64
0e846e440a006ac0 0 0 1507590,12,10,14,8,16,2,3,18,14,2,3,22,4,2,6,27,10,6,24,20,32,8,34,4,30,36,28,8,38,20,42,12,44,10,46,6,48,2,40,50,52,20,54,24,56,6,58
7f663f6ac08c8080 0 0 1310982,2,12,12,8,2,16,4,6,10,8,22,4,18,14,26,4,24,28,20,8,30,14,34,12,36,8,38,4,32,40,42,18,44,20,46,30,48,8,50,4,52
3cf42c284c842c28 0 0 1704198,12,10,14,8,16,4,18,2,18,20,14,4,2,25,4,6,10,8,30,4,26,22,34,12,36,10,38,8,32,40,28,8,42,22,46,12,48,10,45,51,52,22,54,26,56,12,58,10,60,4,62,2,65
16bee0c0567ea000 0 0 1769734,12,10,3,14,14,8,3,18,6,2,4,2,23,25,10,8,28,6,30,4,20,16,34,8,36,4,32,38,26,8,40,16,44,12,46,10,48,8,50,4,52,2,42,55,56,16,58,20,60,6,62,4,64,2,67
909747ea3dfed640 0 0 1835270,10,6,14,4,6,4,18,2,16,21,12,6,24,2,24,27,10,8,30,4,5,32,4,2,28,22,38,8,40,6,36,42,34,10,46,8,48,4,44,22,52,8,54,2,50,56,58,28,60,34,62,44,64,10,66,8,68
d3ace8c2f906c268 0 0 2097414,12,10,14,6,16,4,18,2,14,8,22,6,24,4,20,27,6,4,6,2,30,32,10,6,36,4,38,2,9,40,34,28,44,4,46,2,2,48,42,12,52,10,54,8,56,6,58,4,50,28,62,8,61,65,66,28,68,34,70,12,72,8,74,6,77
178240083f82e008 0 0 1900806,12,8,14,6,16,2,6,18,12,10,22,6,3,24,8,2,6,4,28,30,4,2,26,20,36,12,38,10,40,6,42,2,35,45,32,12,48,8,50,6,52,2,46,20,56,6,58,4,54,60,62,20,64,12,66,8,68,6,70
9ddda3b6ff569468 0 0 1900806,4,12,10,8,16,4,18,2,11,20,8,6,24,2,3,26,4,2,22,14,32,12,34,8,36,4,38,2,31,41,28,6,44,4,42,14,48,10,50,4,52,2,47,54,56,22,58,28,60,42,62,10,64,8,66,6,68,4,70
1f816f0e531854e0 0 0 1835270,6,2,6,14,8,4,18,2,12,8,22,4,24,2,21,27,8,2,10,30,28,16,34,12,36,6,5,38,32,12,42,10,40,16,46,6,48,4,50,2,44,53,54,16,56,28,58,12,60,8,62,6,64,4,66,2,69
3915cc40c2a2c808 0 0 1835270,6,2,6,14,8,4,18,2,12,10,22,8,24,4,26,2,20,28,8,2,10,33,30,16,36,12,38,10,40,6,5,42,34,12,44,16,48,6,50,4,52,2,46,55,56,30,58,34,60,10,62,8,64,4,66,2,68
5ef3e7e25c0e1ae0 0 0 1966342,6,2,6,14,8,4,18,2,12,10,22,8,24,4,26,2,20,28,8,2,10,33,30,16,36,12,38,10,40,6,5,42,34,12,44,16,48,6,50,4,52,2,46,55,56,16,58,30,60,34,62,10,64,8,66,6,68,4,70,2,72
7d7c7f54fa08f820 0 0 1638662,6,4,6,14,8,2,12,8,20,2,18,23,9,10,24,16,28,12,30,6,3,33,26,12,36,10,34,16,40,6,42,4,44,2,39,47,48,16,50,24,52,34,54,12,56,6,58,4,60,2,63
3768c10e35863ce0 0 0 1704198,6,4,14,2,6,17,8,2,12,10,22,8,24,2,21,26,8,10,28,18,32,12,34,10,36,6,3,39,30,12,40,18,44,6,46,4,43,48,50,18,52,28,54,30,56,40,58,10,60,6,62,4,64
70b1bff446008c40 0 0 1966342,12,4,2,15,10,6,18,4,20,2,13,23,10,8,26,6,28,4,7,30,10,4,24,16,36,12,38,10,40,6,42,4,34,44,32,12,48,8,50,2,46,16,54,12,56,10,58,2,52,61,62,24,64,46,66,12,68,10,70,6,73
0525e00c0b0ed228 0 0 2097414,12,4,2,15,10,6,18,4,20,2,13,23,10,8,26,6,28,4,7,30,10,4,24,16,36,12,38,10,40,6,42,4,34,44,32,12,48,8,50,2,46,16,54,12,56,10,58,2,52,61,62,24,64,32,66,46,68,12,70,8,72,6,74,4,77
9711696077548680 0 0 1900806,12,4,10,4,16,2,14,19,6,2,12,10,24,4,22,26,10,8,30,6,32,4,7,34,28,20,38,10,40,6,42,2,16,44,36,12,48,8,50,2,46,20,54,10,56,4,52,58,60,28,62,46,64,12,66,10,68,4,70
b773c68acf1acae0 0 0 1900806,12,4,10,4,16,2,14,19,6,2,12,10,24,4,22,26,10,8,30,6,32,4,7,34,28,20,38,10,40,6,42,2,16,44,36,12,48,8,50,2,46,20,54,10,56,4,52,58,60,28,62,36,64,46,66,12,68,8,70
58fc6d700eb4f408 0 0 1638662,12,8,2,15,12,6,18,4,20,2,6,4,24,2,23,26,5,10,28,16,32,12,34,2,7,37,30,12,40,10,38,16,44,8,46,6,48,2,43,51,52,28,54,38,56,12,58,8,60,6,63
5a8558eac2b86a28 0 0 2228486,12,6,14,2,2,16,12,8,20,4,6,2,22,24,10,8,28,6,30,2,5,32,6,4,26,18,38,12,40,8,42,6,44,4,37,46,34,12,50,10,52,4,48,18,56,8,58,6,60,2,54,63,64,26,66,34,68,48,70,12,72,10,74,8,76,6,78,4,80
105e6770e72e4020 0 0 2031878,12,6,14,2,6,4,18,2,17,20,12,8,24,6,4,2,26,28,10,8,32,6,34,2,5,36,30,22,40,8,42,4,19,45,38,12,48,10,50,4,46,22,54,12,56,8,58,2,52,61,62,30,64,46,66,12,68,8,70,4,72,2,75
d0af228822088a20 0 0 2097414,12,10,14,6,16,2,16,18,12,6,22,2,6,4,24,27,8,6,30,4,7,32,4,2,28,20,38,10,40,6,42,4,44,2,36,47,34,12,50,8,52,6,54,2,48,20,58,10,60,6,57,63,64,28,66,34,68,48,70,8,72,6,74,2,77
6a2ac06ac0ea00c0 0 0 852230,12,10,8,14,2,12,4,6,8,2,18,16,22,24,20,8,26,16,28,30,32,18,34,20,36,26,38
0234d2e406b0d660 0 0 917766,2,8,12,8,4,16,10,6,6,20,6,4,18,14,24,26,22,2,28,14,30,32,34,18,36,22,38,6,40
6244e648089a32a0 0 0 1900806,12,8,6,14,12,10,18,6,20,4,22,2,3,24,8,4,28,2,6,4,30,32,4,2,26,16,38,12,40,10,42,6,44,4,37,47,34,12,50,8,48,16,54,6,56,4,52,58,60,16,62,26,64,10,66,8,68,6,70
16e8c86688366688 0 0 1769734,12,8,14,4,14,6,18,2,16,20,12,10,24,6,5,26,8,2,6,4,30,32,4,2,28,22,38,12,40,10,42,6,44,4,37,47,34,12,50,8,52,6,54,2,48,22,58,6,60,4,56,62,64,22,66
7256f6f0c8a08ac0 0 0 2228486,12,8,14,6,16,4,18,2,14,20,12,10,24,6,26,4,28,2,5,30,8,4,34,2,6,4,36,38,4,2,32,22,44,12,46,10,48,6,50,2,43,53,40,12,56,8,54,22,60,6,62,4,58,64,66,22,68,32,70,12,72,10,74,6,76,4,78,2,80
8b55d0ae18d28a40 0 0 2097414,12,8,14,4,14,6,18,2,16,20,12,10,24,6,5,26,8,2,6,4,30,32,4,2,28,22,38,12,40,10,42,6,44,4,37,47,34,12,50,8,52,6,54,2,48,22,58,6,60,4,56,62,64,22,66,28,68,34,70,12,72,10,74,6,76
fb644dd22cb69a00 0 0 1442054,10,6,8,14,6,2,4,18,4,2,12,6,23,24,20,16,28,8,30,6,32,4,34,2,23,36,26,8,40,2,38,16,44,8,46,6,48,2,43,50,52,16,54,20,56
89de87962176eca8 0 0 1900806,10,4,4,14,6,2,13,19,8,6,22,4,24,2,6,26,20,16,30,12,32,6,34,4,36,2,3,38,28,12,42,6,44,4,40,16,48,6,50,4,52,2,47,55,56,16,58,20,60,28,62,12,64,6,66,4,68,2,71
5bb74d5e9a0a1a20 0 0 1376518,12,6,5,15,8,6,18,2,12,2,20,23,10,6,2,26,18,4,24,16,32,8,31,34,28,6,36,16,40,12,42,8,44,2,38,47,48,16,50,12,52,4,55
6f914346ece29a60 0 0 1704198,4,2,12,6,14,17,8,2,12,2,21,23,10,6,2,26,8,4,30,2,24,18,34,8,36,6,33,39,28,6,40,18,44,12,46,8,48,6,50,2,42,52,54,18,56,24,58,12,60,8,62,4,65
a8d58728225a8228 0 0 1442054,12,6,5,15,8,6,18,2,12,2,20,23,10,6,2,26,18,4,24,16,32,8,31,34,28,6,36,16,40,12,42,8,44,2,38,47,48,16,50,28,52,12,54,4,57
c676eed65a62f0c8 0 0 1769734,4,2,12,6,14,17,8,2,12,2,21,23,10,6,2,26,8,4,30,2,24,18,34,8,36,6,33,39,28,6,40,18,44,12,46,8,48,6,50,2,42,52,54,18,56,24,58,28,60,12,62,8,64,4,67
266624282618f648 0 0 1769734,4,2,12,4,14,16,12,6,20,4,9,23,10,6,26,2,2,28,8,4,24,18,34,8,36,6,33,38,30,6,42,2,40,18,46,12,48,8,50,4,45,53,54,18,56,24,58,30,60,40,62,6,64,2,66
3e7cfa3082acc660 0 0 2097414,12,10,14,6,16,4,4,18,6,4,12,8,24,4,23,26,22,2,8,6,32,4,34,2,31,37,4,2,28,20,42,12,44,8,46,6,48,4,40,51,38,12,54,8,56,6,58,4,60,2,52,20,64,6,63,67,68,20,70,28,72,8,74,4,76
ab7a01f2122ab2a8 0 0 1376518,12,10,4,2,14,17,6,2,12,6,22,4,20,25,6,8,26,18,30,12,5,32,28,12,36,2,34,18,40,6,42,4,38,45,46,26,48,28,50,34,52,10,54
a5f2a4c02ff284c0 0 0 1769734,12,8,14,6,14,16,10,4,12,2,20,22,8,4,2,26,10,6,30,4,32,2,24,18,36,10,38,8,40,4,42,2,34,44,28,8,46,18,50,12,52,10,54,8,56,4,48,58,60,18,62,12,64,8,66
02d26e1ef09028e8 0 0 1573126,12,8,14,6,14,16,12,2,11,20,8,4,2,24,10,6,28,2,22,18,32,10,34,8,36,2,31,39,26,8,40,18,44,12,46,10,48,8,42,51,52,18,54,22,56,8,58,2,60
22020326e0ec4640 0 0 1835270,12,8,14,6,14,16,10,4,12,2,20,22,8,4,2,26,10,6,30,4,32,2,24,18,36,10,38,8,40,4,42,2,34,44,28,8,46,18,50,12,52,10,54,8,56,4,48,58,60,18,62,28,64,12,66,8,68
22f8c4eadfc69ce8 0 0 1638662,12,8,14,6,14,16,12,2,11,20,8,4,2,24,10,6,28,2,22,18,32,10,34,8,36,2,31,39,26,8,40,18,44,12,46,10,48,8,42,51,52,18,54,22,56,26,58,8,60,2,62
bd1c3716ec42cc48 0 0 1900806,12,10,14,8,16,6,16,18,10,2,14,22,8,6,26,4,2,28,10,6,24,20,34,10,36,8,38,6,40,2,32,42,30,8,46,6,48,2,44,20,52,12,54,8,56,6,58,2,50,60,62,44,64,10,66,6,68,2,70
fcc4b6d631cc7888 0 0 2097414,12,10,14,8,16,6,18,2,16,2,20,22,14,6,11,26,8,6,30,4,32,2,2,34,10,6,38,2,28,24,42,10,44,8,46,6,48,2,41,51,36,8,54,6,52,24,58,12,60,8,62,2,56,65,66,28,68,52,70,12,72,10,74,6,77
bd9eb4b25f5eac88 0 0 1769734,12,10,14,8,16,6,16,18,10,2,14,6,24,2,22,27,8,4,2,30,10,6,28,20,36,10,38,8,34,41,32,8,42,20,46,12,48,8,50,6,52,2,45,54,56,32,58,42,60,10,62,6,64,2,66
58ebf9906b787e48 0 0 2228486,12,10,14,8,16,6,18,2,16,2,20,22,14,6,11,26,8,6,30,4,32,2,2,34,10,6,38,2,28,24,42,10,44,8,46,6,48,2,41,51,36,8,54,6,52,24,58,12,60,8,62,2,56,65,66,28,68,36,70,52,72,12,74,10,76,6,78,2,81
56fedc74c4d01400 0 0 1704198,10,8,14,4,8,16,12,8,20,4,22,2,4,2,24,27,8,6,30,4,2,32,28,18,36,12,5,39,34,8,42,4,40,18,46,12,48,4,50,2,45,52,54,18,56,28,58,8,60,4,62,2,65
bd6b6b68974e4ee8 0 0 1638662,8,6,14,2,6,16,12,6,20,4,21,23,4,2,10,6,27,28,24,18,32,6,34,4,3,36,30,12,40,4,42,2,38,18,46,12,48,4,44,51,52,24,54,30,56,38,58,10,60,6,62
5a7a82dae120be80 0 0 1835270,12,6,14,4,16,2,10,19,12,8,22,6,24,4,12,4,26,29,6,4,2,32,10,8,36,6,38,2,30,20,42,12,44,8,46,4,48,2,41,50,34,6,52,20,56,8,58,2,54,61,62,20,64,10,66,6,68
404773d490724200 0 0 2097414,12,6,14,4,16,2,10,19,12,8,22,4,12,4,25,27,6,4,2,30,10,8,34,2,28,20,38,12,40,8,42,6,44,4,46,2,36,49,32,6,50,20,54,8,56,6,58,2,52,60,62,20,64,28,66,12,68,10,70,8,72,6,74,4,77
9a29c39e65f42820 0 0 1900806,12,6,14,4,16,2,10,19,12,8,22,6,24,4,12,4,26,29,6,4,2,32,10,8,36,6,38,2,30,20,42,12,44,8,46,4,48,2,41,50,34,6,52,20,56,8,58,2,54,61,62,20,64,34,66,10,68,6,70
30836934e7dcaa08 0 0 2162950,12,6,14,4,16,2,10,19,12,8,22,4,12,4,25,27,6,4,2,30,10,8,34,2,28,20,38,12,40,8,42,6,44,4,46,2,36,49,32,6,50,20,54,8,56,6,58,2,52,60,62,20,64,28,66,32,68,12,70,10,72,8,74,6,76,4,79
f8baeabaa6e874e8 0 0 1900806,12,10,14,6,16,4,10,19,14,8,22,4,14,4,24,26,6,4,30,2,2,32,10,8,36,2,28,20,40,12,42,10,44,8,46,6,48,4,38,51,34,6,54,2,52,20,58,8,60,6,57,63,64,52,66,8,68,6,71
cd4731ec1b6e48c0 0 0 2031878,12,10,14,8,16,6,18,4,10,20,14,6,24,4,14,4,26,28,8,6,32,4,2,34,10,6,38,2,30,22,42,12,44,10,46,8,48,4,40,50,36,8,54,6,56,2,52,22,60,8,58,62,64,30,66,52,68,12,70,8,72,4,74
bdfc05fa89402020 0 0 2031878,12,10,14,6,16,4,10,19,14,8,22,4,14,4,24,26,6,4,30,2,2,32,10,8,36,2,28,20,40,12,42,10,44,8,46,6,48,4,38,51,34,6,54,2,52,20,58,8,60,6,57,63,64,34,66,52,68,8,70,6,72,2,75
10f59f1cf3da5c20 0 0 2097414,12,10,14,8,16,6,18,4,10,20,14,6,24,4,14,4,26,28,8,6,32,4,2,34,10,6,38,2,30,22,42,12,44,10,46,8,48,4,40,50,36,8,54,6,56,2,52,22,60,8,58,62,64,30,66,36,68,52,70,12,72,8,74,4,76
9c25a7b423ea1848 0 0 1704198,12,10,14,6,16,2,4,18,12,6,22,2,12,24,8,6,28,4,6,30,4,2,26,20,36,6,38,4,40,2,34,42,32,12,46,4,48,2,44,20,52,12,54,4,50,56,58,20,60,26,62,2,64
8298302086dc7020 0 0 2359558,12,10,14,8,16,6,18,4,4,20,12,8,24,6,26,4,28,2,24,4,32,2,30,34,6,2,8,2,38,40,4,2,36,22,46,6,48,4,44,50,42,12,54,8,56,6,52,22,60,12,62,8,64,6,66,2,58,68,70,22,72,36,74,42,76,52,78,6,80,4,82,2,84
562ab8a83a2ab8a8 0 0 2162950,12,8,14,4,14,6,18,4,20,2,16,23,12,10,26,6,28,4,12,6,32,4,34,2,30,37,8,4,40,2,2,42,10,6,46,2,38,24,50,12,52,10,54,8,56,6,58,4,48,60,44,8,64,2,62,24,68,10,70,8,72,2,66,75,76,24,78
d419f7f80b0ae428 0 0 2425094,12,8,14,6,16,4,14,4,20,2,19,22,12,10,26,6,28,4,12,6,32,4,34,2,30,37,8,6,40,4,2,42,10,6,46,2,38,24,50,12,52,10,54,8,56,4,48,59,44,8,62,6,64,2,60,24,68,10,70,8,72,6,74,2,67,76,78,24,80,38,82,10,84,2,86
8a28d2dad2aa8aa8 0 0 2294022,12,8,14,4,14,6,18,4,20,2,16,23,12,10,26,6,28,4,12,6,32,4,34,2,30,37,8,4,40,2,2,42,10,6,46,2,38,24,50,12,52,10,54,8,56,6,58,4,48,60,44,8,64,2,62,24,68,10,70,8,72,2,66,75,76,24,78,44,80,2,82
da9a14547dfa2a08 0 0 1900806,12,10,14,8,14,17,12,8,20,6,22,4,16,6,26,2,24,28,6,4,2,32,10,8,36,4,30,18,40,12,42,8,44,4,46,2,39,49,34,6,50,18,54,10,56,6,58,4,53,61,62,50,64,10,66,6,68,4,71
febe939c631c3808 0 0 2031878,12,10,14,6,16,4,18,2,14,8,22,6,24,4,20,27,12,8,30,4,22,4,34,2,33,36,6,4,2,40,10,8,44,2,38,28,48,12,50,8,52,6,54,4,56,2,46,58,42,6,60,28,64,10,66,6,63,68,70,38,72,60,74
43ff45ec13cc62a8 0 0 1966342,12,10,14,8,14,17,12,8,20,6,22,4,16,6,26,2,24,28,6,4,2,32,10,8,36,4,30,18,40,12,42,8,44,4,46,2,39,49,34,6,50,18,54,10,56,6,58,4,53,61,62,34,64,50,66,10,68,6,70,4,73
7674f0d2ba300aa0 0 0 2097414,12,10,14,6,16,4,18,2,14,8,22,6,24,4,20,27,12,8,30,4,22,4,34,2,33,36,6,4,2,40,10,8,44,2,38,28,48,12,50,8,52,6,54,4,56,2,46,58,42,6,60,28,64,10,66,6,63,68,70,38,72,42,74,60,76
bebc2c489ebc0c48 0 0 1507590,8,6,2,14,8,4,13,18,8,2,10,22,4,2,20,16,28,12,30,8,32,4,34,2,26,37,24,12,40,10,42,2,38,16,46,8,48,4,50,2,45,52,54,20,56,4,58
d3481f6aace260c0 0 0 983302,2,8,12,8,4,16,10,6,6,20,6,4,18,14,24,26,22,2,28,14,30,32,34,14,36,18,38,22,40,6,42
ecc60c260aa0ea40 0 0 1114374,10,8,14,6,6,16,2,12,6,4,10,23,22,2,20,18,27,28,24,6,30,18,32,34,36,20,38,24,40,30,42,10,44,6,46
c26c82e042ec82e0 0 0 1638662,8,6,14,4,16,2,2,18,8,4,12,2,22,24,8,2,10,28,4,2,26,20,34,12,36,8,38,4,32,40,30,12,44,10,42,20,48,8,50,4,52,2,46,54,56,20,58,26,60,2,62
1b70054ea070d828 0 0 1638662,8,6,2,14,8,4,18,2,12,8,21,23,10,4,9,26,4,2,24,16,32,12,34,4,30,36,28,12,40,10,42,8,44,4,46,2,38,16,50,8,52,4,49,55,56,24,58,28,60,10,62
3487ddd2765c7888 0 0 1769734,8,6,14,4,16,2,2,18,8,4,22,2,12,2,25,26,9,10,4,2,28,20,34,12,36,8,38,4,40,2,32,43,30,12,46,10,44,20,50,8,52,4,48,55,56,20,58,28,60,30,62,10,64,2,66
42c28ec2a4686868 0 0 1769734,10,8,14,2,14,6,18,2,16,20,12,8,12,6,24,26,8,6,30,4,32,2,3,34,30,2,28,22,40,10,42,6,44,2,39,46,36,4,50,2,48,22,54,12,56,10,58,6,52,61,62,48,64,12,66
0806eee08886eee0 0 0 1245446,8,4,14,2,10,16,12,6,12,20,2,8,6,2,22,18,26,28,24,8,32,4,34,2,30,18,36,38,40,18,42,22,44,24,46,30,48,12,50
68e8c848e06040c0 0 0 1573126,4,6,10,8,6,4,18,2,16,21,10,4,24,2,10,27,4,2,22,14,32,12,34,8,36,6,38,4,31,40,28,4,42,14,46,10,48,6,50,2,44,53,54,14,56,28,58,4,60
4e02820264a8a8a8 0 0 1835270,10,8,14,6,14,16,12,8,20,4,12,6,24,4,22,26,8,6,30,4,32,2,3,34,30,2,28,18,40,10,39,42,36,4,46,2,44,18,50,12,52,10,54,4,56,2,48,59,60,36,62,44,64,12,66,8,68
46bd4efa37cc3c88 0 0 1573126,4,2,12,10,15,17,12,8,20,4,13,22,8,6,3,26,24,18,30,8,32,2,9,34,28,6,38,4,36,18,42,10,44,8,46,4,48,2,41,50,52,24,54,36,56,12,58,4,61
9004ef40c0044040 0 0 1769734,4,2,12,10,16,2,15,18,12,8,22,4,12,2,24,26,8,6,30,4,32,2,3,34,8,2,28,20,40,8,38,43,36,6,44,20,48,10,50,8,52,4,46,55,56,20,58,28,60,44,62,10,64,2,66
948880d0e0f0f4a8 0 0 1704198,12,4,14,2,8,17,12,10,20,4,22,2,20,24,8,6,28,4,5,30,8,2,26,18,36,12,35,39,32,8,42,6,44,2,40,18,48,12,50,10,52,8,54,2,46,57,58,26,60,12,62,10,64
fa256906af525ae8 0 0 1835270,12,4,8,14,12,10,18,4,20,2,18,22,8,6,26,4,5,28,8,2,24,16,34,12,36,2,33,38,30,8,42,6,44,2,40,16,48,12,50,10,52,8,54,4,46,57,58,16,60,24,62,12,64,10,66,2,68
3ee4699a6bb49660 0 0 2031878,8,12,12,10,16,2,16,4,18,20,8,6,24,4,5,26,8,2,22,14,32,12,34,4,36,2,31,38,28,8,42,6,44,2,40,14,48,12,50,10,52,8,54,4,56,2,46,59,60,14,62,22,64,28,66,12,68,10,70,8,72,6,74
2d8f76a496169868 0 0 1638662,12,10,8,4,16,2,15,19,12,4,22,2,23,24,8,6,5,28,26,20,32,12,34,10,36,2,9,38,30,8,42,6,44,2,40,20,48,12,50,8,52,4,54,2,47,57,58,40,60,10,62
0472d02c2a7efe20 0 0 1769734,12,10,14,8,16,4,18,2,8,4,21,22,12,8,26,2,27,28,8,6,5,32,8,2,30,24,38,12,40,10,42,8,44,4,36,46,34,8,50,6,52,2,48,24,56,12,55,58,60,30,62,48,64,12,66
1000d4087428b020 0 0 1704198,12,8,2,14,10,6,18,2,10,8,22,6,24,2,20,27,5,6,28,16,32,12,34,2,2,37,30,8,40,6,38,16,44,10,46,6,48,4,43,51,52,16,54,28,56,10,58,8,60,6,62,4,65
53cc7a801f807a80 0 0 1704198,12,8,2,14,10,6,18,2,10,8,22,6,24,2,20,27,5,6,28,16,32,12,34,2,2,37,30,8,40,6,38,16,44,10,46,6,48,4,43,51,52,16,54,28,56,30,58,10,60,8,62,4,65
35802dd2f652ee00 0 0 1900806,4,2,6,4,14,16,12,10,20,4,22,2,5,24,10,8,8,2,28,31,26,18,34,12,36,10,38,6,5,41,32,12,44,8,46,2,42,18,50,8,52,6,54,2,49,56,58,18,60,26,62,32,64,10,66,8,68,4,71
fe8d122812f8fe08 0 0 1507590,12,4,10,4,14,16,12,2,3,21,7,8,16,2,22,18,28,10,27,30,24,12,34,8,32,18,38,10,40,6,42,4,44,2,36,46,48,18,50,22,52,12,54,4,56,2,59
d6f2edbe0fe4b428 0 0 1638662,12,4,10,4,14,16,12,2,3,21,7,8,16,2,22,18,28,10,27,30,24,12,34,8,32,18,38,10,40,6,42,4,44,2,36,46,48,18,50,22,52,24,54,12,56,8,58,4,60,2,63
fd9a553ae48ae680 0 0 1900806,6,4,3,14,12,8,18,2,5,21,10,8,9,24,22,16,28,12,30,8,32,6,5,35,26,12,38,10,40,4,42,2,36,16,46,12,48,6,50,4,52,2,44,54,56,16,58,22,60,26,62,10,64,8,66,6,68,2,71
f007d082b0127a28 0 0 1900806,10,4,5,14,8,6,18,2,12,8,22,6,24,2,20,26,7,19,28,16,32,12,34,10,3,37,30,12,40,8,42,6,38,16,46,10,48,8,50,4,52,2,45,55,56,16,58,28,60,12,62,10,64,8,66,6,68,2,70
d08247b0af72c840 0 0 1835270,10,4,5,14,8,6,18,2,12,8,22,6,24,2,20,26,7,19,28,16,32,12,34,10,3,37,30,12,40,8,42,6,38,16,46,10,48,8,50,4,52,2,45,55,56,16,58,28,60,30,62,12,64,10,66,2,69
35802dd2fc58ee00 0 0 2097414,12,10,3,14,10,8,18,6,20,4,22,2,14,8,26,6,28,4,24,31,8,6,7,35,10,4,32,16,40,10,38,42,36,12,46,8,48,6,50,2,44,16,54,10,56,8,58,4,52,60,62,16,64,32,66,12,68,10,70,8,72,4,74,2,76
72fb768ac7d800c0 0 0 2162950,12,10,3,14,10,8,18,6,20,4,22,2,14,8,26,6,28,4,24,31,8,6,7,35,10,4,32,16,40,10,38,42,36,12,46,8,48,6,50,2,44,16,54,10,56,8,58,4,52,60,62,16,64,32,66,36,68,12,70,10,72,6,74,4,76,2,79
100f787efeeeeee8 0 0 2556166,10,8,14,6,16,4,18,2,5,20,12,8,24,6,26,4,28,2,8,6,32,2,30,34,8,4,38,2,33,41,36,22,44,12,46,10,48,8,50,6,52,4,54,2,3,57,42,12,60,8,62,6,64,4,58,22,68,12,70,10,72,8,74,4,76,2,67,79,80,36,82,58,84,12,86,4,88,2,91
e7473fe2dc928cc8 0 0 2359558,10,8,14,6,5,16,12,8,20,6,22,4,24,2,8,4,26,28,28,2,8,6,33,35,30,18,38,12,40,10,42,8,44,4,46,2,3,49,36,12,52,8,54,6,56,4,50,18,60,12,62,10,64,8,66,6,68,4,70,2,59,73,74,30,76,36,78,50,80,12,82,8,84
1e67e11e0a626688 0 0 1900806,12,10,3,14,12,8,18,6,20,4,8,6,24,4,22,26,7,25,4,2,28,16,34,10,36,2,32,39,30,12,42,8,44,6,40,16,48,10,50,8,52,4,47,55,56,16,58,28,60,12,62,10,64,8,66,6,68,4,70
68620afa88b2c000 0 0 1835270,12,10,14,6,16,4,3,18,12,6,6,4,23,25,8,6,28,4,6,31,4,2,26,20,36,10,38,6,40,2,34,43,32,12,46,6,48,4,44,20,52,10,54,8,56,6,50,58,60,26,62,44,64,6,66,2,69
fc465d5431b89000 0 0 2359558,12,10,14,8,16,6,3,18,12,8,22,6,6,4,26,2,24,29,6,2,8,6,34,4,36,2,32,39,4,2,30,20,44,10,46,6,48,4,42,50,40,12,54,8,56,6,58,4,52,20,62,10,64,8,66,6,68,4,70,2,61,73,74,30,76,40,78,52,80,6,82,2,85
208e66cc8f42fa00 0 0 2097414,12,10,14,4,3,17,14,8,20,6,22,4,10,8,26,2,24,28,8,6,32,4,34,2,7,36,10,6,40,4,42,2,30,18,46,10,48,6,45,50,38,12,54,8,52,18,58,12,60,10,62,8,64,4,66,2,56,68,70,18,72,30,74,8,77
64694e16ed4ab8e0 0 0 2228486,12,10,14,4,3,17,14,8,20,6,22,4,10,8,26,2,24,28,8,6,32,4,34,2,7,36,10,6,40,4,42,2,30,18,46,10,48,6,45,50,38,12,54,8,52,18,58,12,60,10,62,8,64,4,66,2,56,68,70,18,72,30,74,38,76,4,78,2,81
e1d10548b3c846c8 0 0 1900806,12,4,3,14,12,8,18,4,6,2,20,22,10,8,26,6,28,4,30,2,4,32,6,4,24,16,38,8,40,6,37,43,34,12,46,8,48,6,50,2,44,16,54,12,56,10,58,6,52,61,62,24,64,44,66,6,68,4,71
adffa9c85a72aee0 0 0 1900806,12,4,3,14,12,8,18,4,6,2,20,22,10,8,26,6,28,4,30,2,4,32,6,4,24,16,38,8,40,6,37,43,34,12,46,8,48,6,50,2,44,16,54,12,56,10,58,6,52,61,62,24,64,34,66,44,68,6,71
d8ba9cfe2e2a0c08 0 0 1376518,8,4,8,14,12,6,18,4,10,20,10,6,3,24,22,16,28,10,30,8,32,4,3,34,26,6,36,16,40,10,42,8,44,2,38,47,48,22,50,26,52,6,54
e08c40ae82ee6e80 0 0 1769734,4,2,12,8,16,6,18,2,15,20,8,4,10,25,8,6,28,2,3,30,26,22,34,12,36,6,38,4,40,2,4,43,32,6,46,4,48,2,44,22,52,8,51,55,56,22,58,26,60,10,62,4,64,2,67
c404045adadada88 0 0 1966342,4,2,12,6,16,2,15,18,10,8,8,4,22,25,8,6,28,2,3,30,26,20,34,12,36,8,38,6,40,4,42,2,4,45,32,6,48,4,50,2,46,20,54,8,53,57,58,20,60,26,62,32,64,10,66,6,68,4,70,2,73
d8202dd28f787080 0 0 1638662,8,6,14,4,16,2,4,18,8,4,12,4,24,2,22,26,8,2,10,30,4,2,28,20,36,12,38,8,40,4,42,2,34,44,32,12,48,10,50,2,46,20,54,8,52,56,58,28,60,46,62
9ecf11c092b46a00 0 0 1638662,8,6,4,14,8,4,18,2,12,4,22,2,21,24,9,10,4,2,26,16,32,12,34,8,36,4,30,39,28,12,42,10,44,2,40,16,48,8,50,2,46,53,54,26,56,28,58,40,60,10,62
b042d17ed176b0e0 0 0 1507590,12,10,2,14,6,4,18,2,12,6,20,23,8,6,7,26,24,16,30,12,32,4,5,35,28,12,38,8,40,2,36,16,44,6,46,4,43,48,50,24,52,12,54,6,56,4,59
ae4e0ceccaaa6808 0 0 1966342,12,8,14,6,16,2,16,18,4,2,10,23,6,4,26,2,10,8,30,4,32,2,29,34,24,20,38,12,40,8,42,6,44,4,27,47,36,10,50,8,48,20,54,12,56,8,53,58,60,20,62,12,64,10,66,8,68,6,70,4,73
b36c19e4cca06628 0 0 1900806,12,8,14,2,14,16,10,8,20,4,4,22,6,4,10,6,26,28,26,2,24,18,34,12,36,8,38,4,40,2,32,42,30,10,46,6,48,4,44,18,52,12,54,8,56,6,50,58,60,18,62,24,64,12,66,8,68,4,70
2854c4b8d0acbcc0 0 0 1442054,12,2,12,14,10,8,4,18,6,4,22,2,10,25,20,16,28,12,30,4,23,32,26,10,36,4,34,16,40,12,42,6,38,45,46,16,48,26,50,12,52,10,54,4,56
d98426c8730c8c40 0 0 1900806,12,10,14,2,14,16,10,8,20,2,4,22,6,2,10,26,24,18,30,12,32,10,34,4,36,2,6,38,28,10,42,4,40,18,46,12,48,10,50,6,52,4,54,2,44,56,58,18,60,24,62,28,64,12,66,10,68,4,70
bc4bc1bce93ca808 0 0 1835270,6,2,6,14,8,4,12,2,18,21,10,8,24,4,9,26,22,16,30,12,32,6,34,2,5,37,28,12,40,10,42,8,44,4,46,2,38,16,50,12,52,8,54,6,49,56,58,16,60,22,62,12,64,6,66,2,69
b5cda578c6b2a688 0 0 1966342,6,2,6,14,8,4,18,2,12,2,21,23,10,4,26,2,9,28,4,2,24,16,34,12,36,6,38,2,32,41,30,12,44,10,46,4,42,16,50,12,52,8,54,6,49,56,58,16,60,24,62,30,64,12,66,10,68,6,70,4,73
d994acccdd3028e8 0 0 1966342,6,4,13,15,4,2,12,8,20,6,22,2,18,25,10,8,28,6,30,4,32,2,5,34,14,2,26,16,40,8,42,6,44,2,38,46,36,12,50,10,52,4,48,16,56,12,58,8,60,2,55,63,64,16,66,26,68,12,70,6,73
7ebcce8a33768c40 0 0 2031878,12,6,14,4,16,2,2,18,12,8,22,6,24,2,7,27,10,8,30,6,32,4,34,2,5,36,6,4,40,2,28,20,44,12,46,8,48,6,42,51,38,12,54,10,56,4,52,20,60,8,59,62,64,20,66,28,68,12,70,8,72,6,75
ce3ed33ec628ac28 0 0 1704198,12,8,14,4,2,17,6,4,12,4,21,22,10,4,5,26,6,2,24,18,32,12,34,4,36,2,30,38,28,12,42,10,40,18,46,8,48,4,44,50,52,18,54,24,56,28,58,12,60,10,62,2,64
507a309af0f8c048 0 0 1769734,12,10,14,4,16,2,16,18,6,4,22,2,12,6,26,4,28,2,24,30,8,4,7,34,32,20,38,10,40,6,5,42,36,12,46,8,48,6,50,2,44,20,54,10,56,2,52,59,60,20,62,32,64,10,66
1cd54dc00a6a2400 0 0 1442054,4,2,13,14,12,10,18,2,2,20,8,6,8,24,22,16,4,28,26,12,32,8,30,16,36,12,38,6,40,4,42,2,35,45,46,22,48,30,50,12,52,6,54,2,57
3e3c0ca668c06ac0 0 0 1638662,12,2,13,14,12,8,18,6,6,20,10,4,24,2,10,2,26,28,6,2,22,16,33,34,30,12,38,10,40,4,36,16,44,4,46,2,42,49,50,22,52,30,54,36,56,12,58,10,60,6,62
d55050665fb6b620 0 0 1835270,12,8,14,6,16,4,18,2,8,6,22,2,21,24,4,2,12,10,30,2,29,33,6,4,23,37,34,26,4,40,38,12,44,4,46,2,42,26,50,12,52,8,48,55,56,26,58,34,60,10,62,8,64,6,66,4,68
acfe64b67aa07228 0 0 1704198,12,10,14,4,16,2,2,18,6,4,22,2,12,6,26,2,24,28,8,6,6,2,32,34,4,2,30,20,40,12,42,4,44,2,38,46,36,12,50,8,48,20,54,6,56,4,52,58,60,20,62,30,64
c107fff04e781e88 0 0 1704198,12,8,14,6,16,4,18,2,8,6,22,2,21,24,4,2,12,10,30,2,29,33,6,4,23,37,34,26,4,40,38,12,44,4,46,2,42,26,50,12,52,8,48,55,56,26,58,34,60,38,62,10,65
2be05ec0abe074c0 0 0 1638662,12,10,2,14,6,4,18,2,12,6,20,23,8,6,7,26,24,16,30,12,32,4,5,35,28,12,38,8,40,2,36,16,44,6,46,4,43,48,50,24,52,28,54,12,56,8,58,6,60,4,63
0594103efb6aeec0 0 0 1769734,10,6,14,4,16,2,10,8,20,6,22,4,24,2,18,26,6,4,12,30,6,2,3,34,30,2,32,28,40,10,42,8,44,2,39,46,36,4,50,2,48,28,54,10,52,57,58,36,60,48,62,8,64,6,66
ef77ac284c5c6c60 0 0 2228486,12,8,14,6,16,4,8,4,20,2,18,22,12,10,26,6,28,4,30,2,31,32,8,2,6,4,38,2,36,40,4,2,34,24,45,46,42,12,50,6,52,4,54,2,48,24,58,12,60,8,62,4,64,2,56,66,68,24,70,34,72,12,74,8,76,4,78,2,80
54f07c78b0221a88 0 0 1900806,12,8,14,6,16,4,8,6,20,4,18,23,12,10,26,4,28,2,29,30,6,4,34,2,21,36,4,2,32,24,41,42,38,12,46,4,44,24,50,12,52,8,54,4,56,2,49,58,60,24,62,32,64,38,66,12,68,8,70
b897b04aad825aa0 0 0 1900806,6,2,12,8,16,2,14,19,12,10,22,6,24,2,8,6,27,29,8,4,32,2,3,34,30,20,38,12,40,6,42,2,8,44,36,6,48,4,50,2,46,20,54,8,53,56,58,20,60,30,62,12,64,10,66,8,68,2,71
a96db892e0680e68 0 0 1769734,6,2,12,8,14,16,12,10,20,8,8,6,22,25,8,4,28,2,3,30,26,18,34,12,36,6,8,39,32,6,42,4,44,2,40,18,48,8,47,50,52,18,54,26,56,32,58,12,60,10,62,8,64,4,66
a9b46660a134e6e0 0 0 1769734,12,4,14,2,12,6,18,4,16,20,12,10,24,6,26,4,26,29,8,6,32,4,6,35,4,2,30,22,39,40,36,12,44,6,46,4,48,2,42,22,52,8,54,6,56,4,58,2,50,61,62,22,64,36,66
934ce1c4e04092c8 0 0 2031878,12,10,14,8,16,4,18,2,8,2,21,23,12,8,26,2,4,2,29,31,8,6,5,34,32,24,38,8,40,4,9,42,36,8,46,6,48,4,50,2,44,24,54,12,56,10,58,8,60,4,53,63,64,24,66,12,68,8,70,4,72,2,75
e19e949ead887288 0 0 1376518,12,6,12,2,14,16,12,10,20,6,22,4,22,25,8,6,6,29,4,2,26,18,33,34,30,12,36,18,40,8,42,6,44,2,38,47,48,18,50,26,52,30,54
12264e64d662cea8 0 0 1835270,12,10,14,8,8,4,17,19,12,2,4,2,23,25,8,6,5,28,18,2,26,20,34,8,36,2,33,38,30,8,42,6,44,4,46,2,40,20,50,12,52,10,54,8,56,2,49,59,60,20,62,26,64,8,66,2,68
89a82a2a6002aa80 0 0 2031878,12,10,14,8,16,2,8,2,18,21,12,8,24,2,4,2,27,29,8,6,5,32,30,22,36,8,38,4,9,40,34,8,44,6,46,4,48,2,42,22,52,12,54,10,56,8,51,58,60,22,62,34,64,12,66,8,68,6,70,4,72,2,75
f505c444f2020080 0 0 2031878,12,10,14,8,16,2,8,4,19,21,12,8,24,4,26,2,4,2,29,31,8,6,5,34,20,2,32,22,40,8,42,2,39,44,36,8,48,6,50,4,52,2,46,22,56,12,58,10,60,8,55,63,64,22,66,32,68,36,70,8,72,6,74
44c4446640e24040 0 0 1573126,12,10,14,4,2,16,8,4,20,2,12,4,23,24,8,6,28,4,28,30,26,18,9,34,32,8,38,6,40,4,42,2,36,18,46,12,48,10,50,2,44,52,54,36,56,12,58,2,60
082a284a5a784a28 0 0 1507590,12,10,14,4,16,2,2,18,9,12,8,6,24,4,24,26,8,4,30,2,22,20,33,34,28,8,38,6,40,4,42,2,36,20,46,12,48,10,44,50,52,22,54,36,56,2,58
22a2227220f02020 0 0 1769734,12,10,14,4,2,16,8,4,20,2,12,4,23,24,8,6,28,4,28,30,26,18,9,34,32,8,38,6,40,4,42,2,36,18,46,12,48,10,50,2,44,52,54,32,56,36,58,12,60,8,62,6,64,2,66
17bd002a567eaaa8 0 0 1835270,12,10,14,4,2,16,12,4,9,20,8,6,24,4,24,26,8,4,30,2,22,18,33,34,28,8,38,6,40,4,42,2,36,18,46,12,48,10,50,2,44,52,54,22,56,28,58,36,60,8,62,6,64,4,66,2,68
998c8b809d58bc68 0 0 1966342,12,6,14,4,16,2,6,2,18,21,12,10,24,4,26,2,4,28,8,6,32,4,34,2,8,4,38,2,36,40,4,2,30,22,45,46,42,12,50,8,48,22,54,12,56,6,58,4,52,61,62,22,64,30,66,12,68,4,70,2,72
2e02f8a80122d888 0 0 1966342,12,6,14,4,16,2,6,2,18,21,12,10,24,4,26,2,4,28,8,6,32,4,34,2,8,4,38,2,36,40,4,2,30,22,45,46,42,12,50,8,48,22,54,12,56,6,58,4,52,61,62,22,64,30,66,42,68,12,70,8,72
aa549feadffeea40 0 0 2294022,12,10,14,8,16,6,14,6,20,4,22,2,18,24,12,6,28,4,2,30,4,2,8,6,34,36,8,2,32,26,42,12,44,10,46,6,48,4,40,50,38,8,54,6,56,2,52,26,60,12,62,10,64,8,66,6,68,4,58,70,72,26,74,12,76,10,78,8,80,6,82
a08a58f280aa2288 0 0 1835270,12,6,14,4,16,2,12,8,20,6,22,4,18,24,12,10,28,8,4,30,4,2,8,6,36,4,34,38,32,26,42,12,44,8,46,6,8,48,40,8,52,6,50,26,56,12,58,6,60,4,54,62,64,32,66,50,68
02b3134c8b4274e8 0 0 2097414,12,8,14,6,16,4,18,2,12,6,22,4,20,24,12,10,28,6,30,4,32,2,4,34,4,2,8,6,40,4,38,42,36,26,46,12,48,6,8,50,44,8,54,6,52,26,58,12,60,8,62,6,64,4,56,66,68,36,70,44,72,52,74,8,76
96a1aeae4f784488 0 0 1900806,12,10,14,4,16,2,2,18,6,4,12,6,24,2,23,26,8,2,7,30,4,2,28,20,36,12,38,4,34,41,32,12,44,8,46,6,48,2,42,20,52,6,54,4,56,2,50,59,60,20,62,28,64,32,66,8,68,2,70
630b4980438ef0a0 0 0 1638662,12,10,14,6,16,4,2,18,6,4,12,2,23,25,7,8,4,2,26,20,32,12,34,6,36,4,30,38,28,12,42,8,40,20,46,6,48,4,50,2,45,53,54,26,56,28,58,40,60,8,62
9ee6e196e71818e8 0 0 1704198,8,6,14,4,16,2,4,18,12,4,22,2,12,8,25,26,10,2,9,30,4,2,28,20,36,8,38,2,34,41,32,12,44,10,46,8,48,4,50,2,42,20,54,12,56,2,52,59,60,28,62,42,64
88dc0e04898800a0 0 0 1769734,8,6,4,14,12,2,12,8,18,20,10,8,24,4,26,2,9,28,22,16,32,8,34,4,36,2,3,38,30,12,42,10,44,2,40,16,48,12,50,4,52,2,46,54,56,16,58,22,60,40,62,8,64,4,66
6822d278d2986868 0 0 1638662,12,10,14,6,16,4,2,18,12,6,22,4,12,25,8,4,7,28,4,2,26,20,34,6,36,4,38,2,32,41,30,12,44,8,46,6,48,2,42,20,52,12,54,2,51,56,58,26,60,42,62
f2787208f0d2f880 0 0 1900806,12,10,14,6,16,4,2,18,12,6,22,4,12,25,8,4,7,28,4,2,26,20,34,6,36,4,38,2,32,41,30,12,44,8,46,6,48,2,42,20,52,12,54,2,51,56,58,20,60,26,62,30,64,42,66,8,68,4,70
a6acac4204868668 0 0 1245446,12,10,14,6,16,2,16,18,5,10,6,8,22,20,26,6,2,28,24,12,30,20,34,12,36,10,38,6,40,4,32,43,44,20,46,10,48,6,50
48e824ca260e0ee0 0 0 1835270,10,8,14,6,5,16,12,10,20,8,22,2,3,24,8,4,28,2,8,6,30,33,26,18,36,8,38,2,3,41,34,12,44,4,42,18,48,12,50,10,52,6,47,54,56,26,58,34,60,10,62,8,64,6,66,4,69
de5e3d68651a8a20 0 0 2294022,12,4,14,2,12,10,18,6,20,4,22,2,17,25,18,8,28,6,30,4,32,2,2,35,5,7,10,6,40,2,36,26,44,12,46,2,42,48,38,8,52,6,54,4,50,26,58,12,60,10,62,8,64,4,56,66,68,26,70,36,72,12,74,10,76,8,78,4,80,2,82
a8090a54412cfa68 0 0 2359558,12,4,14,2,12,10,18,6,20,4,22,2,17,25,18,8,28,6,30,4,32,2,2,35,5,7,10,6,40,2,36,26,44,12,46,2,42,48,38,8,52,6,54,4,50,26,58,12,60,10,62,8,64,4,56,66,68,26,70,36,72,38,74,12,76,10,78,8,80,6,82,2,85
c6524c82e5b24a48 0 0 1835270,6,4,14,2,8,16,12,8,20,4,4,2,22,24,10,8,28,6,30,4,32,2,5,35,26,18,38,8,40,4,3,43,36,12,46,10,44,18,50,12,52,10,54,6,56,4,48,59,60,18,62,26,64,10,66,4,68
0721f4f231e44a40 0 0 1966342,6,4,14,2,8,16,12,8,20,4,4,2,22,24,10,8,28,6,30,4,32,2,5,35,26,18,38,8,40,4,3,43,36,12,46,10,44,18,50,12,52,10,54,6,56,4,48,59,60,18,62,26,64,36,66,8,68,6,70,2,73
c80f054e32366c28 0 0 1704198,6,4,14,2,8,16,12,8,4,2,21,22,10,8,26,6,28,2,5,31,24,18,34,8,36,4,3,39,32,12,42,10,40,18,46,12,48,10,50,6,52,4,45,54,56,24,58,40,60,8,62,4,65
e7294b94a62c44a8 0 0 1835270,6,4,14,2,8,16,12,8,4,2,21,22,10,8,26,6,28,2,5,31,24,18,34,8,36,4,3,39,32,12,42,10,40,18,46,12,48,10,50,6,52,4,45,54,56,24,58,32,60,40,62,10,64,6,66,2,68
f53146100cbc9e80 0 0 1835270,8,2,12,10,16,8,18,6,20,4,15,23,18,4,26,2,10,2,28,30,6,4,3,34,10,8,38,2,32,24,42,8,40,44,36,4,46,24,50,12,52,8,54,6,48,56,58,24,60,32,62,12,64,8,66,4,69
9e7484a28b829e68 0 0 2097414,8,2,12,10,16,8,18,6,20,4,15,23,18,4,26,2,10,2,28,30,6,4,34,2,3,37,10,8,40,2,32,24,44,8,42,46,38,4,50,2,48,24,54,12,56,8,58,6,60,2,53,63,64,24,66,32,68,38,70,12,72,8,74,2,76
9190c714daf60428 0 0 1966342,6,2,12,8,16,4,18,2,15,20,12,6,24,4,26,2,10,2,29,30,8,6,34,4,3,36,10,6,40,2,32,22,44,6,42,46,38,4,50,2,48,22,54,12,56,10,58,8,52,61,62,32,64,48,66,8,68,6,70,2,72
6496b72cf5782668 0 0 2097414,6,2,12,8,16,4,18,2,15,20,12,6,24,4,26,2,10,2,29,30,8,6,34,4,36,2,3,39,10,6,42,2,32,22,46,6,44,48,40,4,50,22,54,12,56,10,58,8,60,2,53,62,64,32,66,40,68,50,70,8,72,6,74,4,77
33bf04049910eae0 0 0 2294022,12,10,14,8,16,6,18,4,14,6,22,4,20,24,16,4,28,2,10,4,32,2,30,34,8,6,38,4,3,41,10,8,44,4,36,26,48,12,50,10,52,8,54,6,56,4,58,2,47,61,42,4,62,26,66,12,68,6,70,4,64,73,74,26,76,12,78,10,80,6,82
7b8e163ef32e8008 0 0 2162950,12,10,14,8,16,6,18,2,14,6,22,2,20,24,10,16,8,6,30,4,32,2,3,34,10,8,38,2,28,26,42,12,44,10,46,8,48,6,41,51,36,4,54,2,52,26,58,12,60,6,62,4,64,2,57,66,68,26,70,28,72,12,74,8,76,4,79
45c316e0e55a5868 0 0 2687238,12,10,14,8,16,6,18,4,14,6,22,4,20,24,16,4,28,2,10,4,32,2,30,34,8,6,38,4,40,2,3,42,10,8,46,4,36,26,50,12,52,10,54,8,56,6,58,4,60,2,49,63,44,4,66,2,64,26,70,12,72,6,74,4,76,2,69,78,80,26,82,44,84,12,86,10,88,6,90,4,92,2,95
df8020342ea41e20 0 0 1966342,12,10,14,8,16,6,18,2,14,6,22,2,20,24,10,16,8,6,30,4,3,33,10,8,36,2,28,26,40,12,42,10,44,8,46,6,39,49,34,4,50,26,54,12,56,6,58,4,52,61,62,26,64,28,66,34,68,12,70,8,73
dd73def81eaef040 0 0 1900806,12,6,12,8,16,6,15,19,12,2,10,22,8,6,26,4,28,2,3,30,10,8,34,2,24,20,38,12,40,6,42,2,37,44,32,4,48,2,46,20,52,12,54,10,56,8,58,6,60,4,50,62,64,24,66,46,68,10,71
38d4bfe8aa0ab4a0 0 0 2031878,12,6,12,8,16,6,15,19,12,2,10,22,8,6,26,4,3,29,10,8,32,2,24,20,36,12,38,6,40,2,35,42,30,4,44,20,48,12,50,10,52,8,54,6,56,4,58,2,47,61,62,24,64,30,66,44,68,10,70,4,72,2,74
1ec2d09a58fef0c0 0 0 1704198,10,4,12,4,16,2,15,18,4,2,10,6,24,2,23,26,9,11,28,20,32,10,34,8,36,4,4,38,30,12,42,10,44,8,40,20,48,6,50,4,47,52,54,20,56,28,58,10,60,6,62,2,64
bcd0af00d1821888 0 0 1769734,10,4,12,8,16,4,18,2,14,20,4,2,10,6,25,26,9,10,28,22,32,10,34,8,36,4,4,39,30,12,42,10,40,22,46,6,48,4,50,2,44,53,54,22,56,28,58,30,60,12,62,6,64,4,66
a5d1a7a476a85e08 0 0 1638662,10,4,12,2,15,16,10,6,20,4,22,2,2,25,9,11,26,18,30,10,32,8,34,4,4,36,28,12,40,10,42,8,38,18,46,6,48,4,44,50,52,26,54,38,56,6,58,4,60,2,62
3933374a457c6e20 0 0 1769734,10,4,12,8,16,2,14,18,10,6,22,4,2,25,9,10,26,20,30,10,32,8,34,4,4,37,28,12,40,10,38,20,44,6,46,4,48,2,43,51,52,26,54,28,56,38,58,12,60,10,62,6,64,4,67
1320a238ccecbec8 0 0 1442054,12,10,14,8,16,6,18,4,6,20,8,6,24,2,10,8,28,6,27,30,8,4,3,34,6,2,32,22,40,12,42,10,44,6,39,46,36,4,48,22,52,10,50,54,56
f82e04aa404434c0 0 0 1507590,12,10,6,14,8,6,18,2,10,8,22,4,21,25,8,4,3,28,6,2,26,16,34,12,36,10,38,8,40,4,33,42,30,4,44,16,48,10,50,6,52,4,46,55,56,16,58
adfc8f30ad84f848 0 0 1769734,12,10,14,8,16,6,18,2,6,2,20,23,8,6,10,8,28,6,26,30,8,4,3,34,32,24,38,12,40,10,42,6,44,4,46,2,6,48,36,4,50,24,54,10,56,2,52,59,60,32,62,8,64,6,66
5f921d44e0f0c220 0 0 1900806,12,10,14,8,16,2,6,2,18,21,8,6,24,2,10,6,28,4,27,31,8,4,3,34,32,22,38,12,40,10,42,4,44,2,6,46,36,4,50,2,48,22,54,10,56,8,58,4,53,61,62,22,64,32,66,8,68,6,70
272a9ae81542a880 0 0 2097414,12,10,14,6,6,2,16,19,8,6,22,2,10,4,26,2,25,28,8,4,3,32,30,20,36,12,38,10,40,8,42,6,44,4,6,46,34,4,50,2,48,20,54,10,56,8,58,6,60,4,62,2,53,64,66,20,68,30,70,34,72,8,74,4,76
96159a26e940d640 0 0 1900806,12,8,4,14,10,6,18,4,8,21,8,6,24,2,3,26,4,2,22,16,32,12,34,6,36,2,31,38,28,6,42,4,40,16,46,10,48,8,50,6,52,4,54,2,45,56,58,16,60,22,62,40,64,10,66,6,68,2,70
855d0aeeaa4e9c88 0 0 1835270,12,10,14,8,16,6,14,6,18,21,8,6,24,4,4,27,10,8,30,4,32,2,8,2,35,37,28,22,40,12,42,6,44,4,46,2,2,49,38,12,52,6,50,22,56,6,58,2,55,60,62,22,64,6,66,2,68
96074ab2a25acea0 0 0 1900806,12,10,14,8,16,6,14,6,18,21,8,6,24,4,4,27,10,8,30,4,32,2,8,2,35,37,28,22,40,12,42,6,44,4,46,2,2,49,38,12,52,6,50,22,56,6,58,2,55,60,62,22,64,28,66,6,68,2,70
da77bc5a72a04e28 0 0 2031878,12,10,14,8,16,6,14,6,18,21,8,6,24,4,4,27,10,8,30,4,32,2,8,2,35,37,28,22,40,12,42,6,44,4,46,2,2,49,38,12,52,6,50,22,56,6,58,2,55,60,62,22,64,38,66,10,68,8,70,6,72,4,75
048dddfe1b480e08 0 0 2097414,12,10,14,8,16,6,14,6,18,21,8,6,24,4,4,27,10,8,30,4,32,2,8,2,35,37,28,22,40,12,42,6,44,4,46,2,2,49,38,12,52,6,50,22,56,6,58,2,55,60,62,22,64,28,66,38,68,10,70,8,72,6,74,4,77
25f6bfa0cc881e00 0 0 2097414,12,10,14,8,16,6,18,2,14,6,22,2,20,25,4,2,8,6,30,4,29,33,10,8,36,4,38,2,8,2,41,43,34,26,46,12,48,6,50,4,2,53,44,12,56,6,54,26,60,6,58,63,64,54,66,12,68,10,70,8,72,6,74,4,77
aa8584542a1cf468 0 0 2031878,12,10,14,8,16,6,18,2,14,6,22,2,20,25,4,2,8,6,30,4,29,33,10,8,36,4,38,2,8,2,41,43,34,26,46,12,48,6,50,4,2,53,44,12,56,6,54,26,60,6,58,63,64,34,66,54,68,12,70,10,72,2,74
b2646d2210fa8c00 0 0 2031878,12,10,14,8,16,6,18,2,14,6,22,2,20,25,4,2,8,6,30,4,29,33,10,8,36,4,38,2,8,2,41,43,34,26,46,12,48,6,50,4,2,53,44,12,56,6,54,26,60,6,58,63,64,44,66,54,68,12,70,6,72,2,74
71abca545f9450a8 0 0 2097414,12,10,14,8,16,6,18,2,14,6,22,2,20,25,4,2,8,6,30,4,29,33,10,8,36,4,38,2,8,2,41,43,34,26,46,12,48,6,50,4,2,53,44,12,56,6,54,26,60,6,58,63,64,34,66,44,68,54,70,12,72,8,74,4,77
4c23a65a35b4fae8 0 0 2031878,8,2,12,8,16,6,15,19,12,4,2,22,10,8,26,6,28,4,26,4,30,32,10,4,24,20,38,10,40,6,42,4,44,2,37,47,34,12,50,8,52,2,48,20,56,12,58,10,60,8,62,2,55,64,66,20,68,24,70,10,72,4,74
d13af60c9bf0f288 0 0 2359558,8,6,14,2,12,8,16,18,12,4,2,22,10,8,26,4,26,6,30,4,29,33,10,4,24,20,38,10,40,6,42,4,44,2,37,47,34,12,50,8,52,6,54,2,48,20,58,12,60,10,62,8,64,6,66,2,56,69,70,20,72,24,74,34,76,10,78,8,80,6,82,4,85
7e5b3c1ef0d05088 0 0 2097414,8,6,14,2,12,8,16,19,12,4,22,2,2,24,10,8,28,6,30,4,6,33,10,4,26,20,38,8,40,2,37,42,34,12,46,10,48,4,50,2,44,20,54,12,56,10,58,8,60,6,52,63,64,26,66,44,68,8,70,6,72,4,74,2,76
033bd94ca7ace4e8 0 0 2031878,8,6,14,2,12,8,16,19,12,4,22,2,2,24,10,8,28,6,6,30,26,20,34,8,36,2,10,38,32,12,42,10,44,2,40,20,48,12,50,10,52,8,54,6,56,4,47,58,60,26,62,32,64,40,66,8,68,6,70,4,72,2,74
7996e50092982ce0 0 0 2425094,12,8,14,4,12,10,18,4,20,2,16,22,12,6,26,4,28,2,2,31,10,8,34,6,36,2,36,4,40,2,39,43,6,4,46,2,32,24,50,12,52,10,54,6,56,4,58,2,49,61,44,12,64,10,62,24,68,12,70,10,72,8,74,2,66,76,78,24,80,8,82,6,84,2,87
9cfe1df8fe862020 0 0 2294022,12,8,14,2,12,10,18,4,20,2,17,22,12,6,2,26,10,8,30,6,32,4,34,2,32,2,37,39,6,4,28,24,44,12,46,10,48,6,50,4,42,52,40,12,56,10,54,24,60,12,62,10,64,8,58,67,68,24,70,28,72,12,74,10,76,8,78,6,80,2,83
9388f7200348f6e8 0 0 2425094,12,8,14,4,12,10,18,4,20,2,16,22,12,6,26,4,28,2,2,31,10,8,34,6,36,2,36,4,40,2,39,43,6,4,46,2,32,24,50,12,52,10,54,6,56,4,58,2,49,61,44,12,64,10,62,24,68,12,70,10,72,8,74,2,66,76,78,24,80,44,82,10,84,4,86
694eefa47c86b620 0 0 2162950,12,8,14,2,12,10,18,4,20,2,17,22,12,6,2,26,10,8,30,6,32,4,34,2,32,2,37,39,6,4,28,24,44,12,46,10,48,6,50,4,42,52,40,12,56,10,54,24,60,12,62,10,64,8,58,67,68,24,70,28,72,40,74,12,76,4,78
05a7f7f05ec0dce8 0 0 1442054,12,6,12,10,16,2,15,18,12,8,2,23,4,11,24,20,28,12,30,6,32,4,6,35,26,12,38,4,36,20,42,12,44,10,46,8,48,2,41,50,52,36,54,8,56
78e53e1a9926e6e0 0 0 2359558,12,8,14,2,12,10,18,2,16,20,12,6,24,2,2,26,10,8,30,6,32,4,34,2,4,36,6,4,28,22,42,12,44,8,46,4,48,2,40,50,38,12,54,8,56,6,58,2,52,22,62,12,64,10,66,8,68,4,70,2,60,72,74,28,76,52,78,8,80,4,82,2,84
239ab898996cce08 0 0 1573126,12,6,12,10,16,2,15,18,12,8,2,23,4,11,24,20,28,12,30,6,32,4,6,35,26,12,38,4,36,20,42,12,44,10,46,8,48,2,41,50,52,26,54,36,56,8,58,4,60
8eb3b5a45d06aa88 0 0 1704198,12,6,12,10,16,2,15,18,12,8,2,23,4,11,24,20,28,12,30,6,32,4,6,35,26,12,38,4,36,20,42,12,44,10,46,8,48,2,41,50,52,24,54,26,56,36,58,8,60,4,62,2,64
a0f1a81073ee8400 0 0 2228486,8,6,14,4,6,4,16,19,12,10,22,6,24,4,4,2,26,29,10,8,32,6,34,2,4,36,30,20,40,10,42,4,44,2,3,46,38,12,50,8,52,6,54,4,56,2,48,20,60,12,62,10,64,6,66,4,68,2,59,71,72,30,74,8,76,4,78,2,81
4bf72168b2621268 0 0 2228486,8,6,14,4,6,4,16,19,12,10,22,6,24,4,4,2,26,29,10,8,32,6,34,2,4,36,30,20,40,10,42,4,44,2,3,46,38,12,50,8,52,6,54,4,56,2,48,20,60,12,62,10,64,6,66,4,68,2,59,71,72,20,74,30,76,4,78,2,81
74bbf7b0de481e00 0 0 2228486,8,6,14,4,6,4,18,2,16,20,12,10,24,6,26,4,28,2,4,2,31,33,10,8,36,6,38,4,40,2,4,42,34,22,46,10,48,2,3,50,44,12,54,8,56,6,58,2,52,22,62,12,64,10,66,6,68,4,61,70,72,34,74,44,76,8,78,4,80
944796c6b89408a8 0 0 2294022,8,6,14,4,6,4,16,19,12,10,22,6,24,4,4,2,26,29,10,8,32,6,34,2,4,36,30,20,40,10,42,4,44,2,3,46,38,12,50,8,52,6,54,4,56,2,48,20,60,12,62,10,64,6,66,4,68,2,59,71,72,20,74,30,76,38,78,4,80,2,83
13e2559ad8ea08c8 0 0 2359558,8,6,14,4,16,2,6,4,19,21,12,10,24,6,26,4,4,2,29,31,10,8,34,6,36,4,38,2,4,40,32,22,44,10,3,47,42,12,50,8,52,6,54,2,48,22,58,12,60,10,62,6,64,4,66,2,56,68,70,32,72,48,74,10,76,8,78,6,80,4,82,2,84
d7b93dca2342bc88 0 0 2359558,8,6,14,4,16,2,6,4,19,21,12,10,24,6,26,4,4,2,29,31,10,8,34,6,36,4,38,2,4,40,32,22,44,10,3,47,42,12,50,8,52,6,54,2,48,22,58,12,60,10,62,6,64,4,66,2,56,68,70,32,72,42,74,48,76,10,78,8,80,6,82,2,84
e47cd378579a1c48 0 0 2097414,12,10,14,8,16,4,18,2,9,20,16,6,24,4,11,27,6,4,30,2,3,33,10,8,36,2,28,22,40,8,42,6,44,4,46,2,39,48,34,4,52,2,50,22,56,12,58,8,60,6,62,4,64,2,55,67,68,22,70,28,72,8,74,2,77
2395623ad2beaa28 0 0 2228486,12,10,14,8,16,4,18,2,9,20,16,6,24,4,11,27,6,4,30,2,3,33,10,8,36,2,28,22,40,8,42,6,44,4,46,2,39,48,34,4,52,2,50,22,56,12,58,8,60,6,62,4,64,2,55,67,68,22,70,28,72,34,74,8,76,6,78,4,80
0d03d8c6793c6ac0 0 0 1769734,12,10,14,2,9,17,14,6,5,21,10,6,3,24,8,4,28,2,22,18,32,10,34,8,36,6,31,39,26,10,40,18,44,12,46,10,48,6,50,4,52,2,43,55,56,22,58,40,60,12,62,10,64,8,67
559aaebc1fda3280 0 0 2359558,12,10,14,8,16,4,18,2,9,21,16,6,24,4,26,2,5,29,10,6,32,4,34,2,3,37,8,4,40,2,30,22,44,10,46,8,48,6,50,4,52,2,43,54,38,10,58,4,56,22,62,12,64,10,66,8,68,6,60,71,72,30,74,38,76,56,78,12,80,8,82,4,84
ca1304a2fd8e00c0 0 0 1966342,12,8,14,4,16,2,3,19,12,10,22,2,10,6,26,4,24,28,10,4,11,33,6,2,30,20,38,12,40,10,42,8,44,4,46,2,36,48,34,12,52,10,54,4,50,20,58,12,60,10,62,6,64,2,57,67,68,30,70,10,72
5a4570aca13ede28 0 0 2294022,12,8,14,4,16,2,3,19,12,10,22,2,10,6,26,4,24,28,10,4,11,33,6,2,30,20,38,12,40,10,42,8,44,4,46,2,36,48,34,12,52,10,54,4,50,20,58,12,60,10,62,6,64,2,57,67,68,20,70,30,72,12,74,10,76,8,78,4,80,2,83
32d37744283c2ee8 0 0 2031878,12,8,14,4,16,2,3,19,12,10,22,2,10,6,26,4,24,28,10,4,11,33,6,2,30,20,38,12,40,10,42,8,44,4,46,2,36,48,34,12,52,10,54,4,50,20,58,12,60,10,62,6,64,2,57,67,68,30,70,34,72,4,75
6718b9729e66a460 0 0 2425094,12,6,14,4,3,16,12,10,20,2,10,8,24,4,26,2,22,29,24,6,32,4,34,2,32,2,36,38,6,4,42,2,30,18,46,12,48,10,50,8,52,2,44,54,40,12,58,10,60,4,56,18,64,12,66,10,68,6,70,4,72,2,63,75,76,18,78,30,80,40,82,12,84,6,87
8a07f8987bc0b6e0 0 0 1704198,12,10,14,6,14,8,18,6,17,21,18,2,10,24,6,4,3,28,10,8,32,2,26,22,36,12,38,10,40,4,35,43,30,4,44,22,48,12,50,8,46,53,54,22,56,26,58,12,60,8,62,6,65
66a9611a1900e240 0 0 1769734,12,10,14,6,14,8,18,6,17,21,18,2,10,24,6,4,3,28,10,8,32,2,26,22,36,12,38,10,40,4,35,43,30,4,44,22,48,12,50,8,46,53,54,22,56,26,58,30,60,12,62,8,64,4,67
63dc018226665e88 0 0 1704198,12,8,14,6,16,2,12,6,20,2,18,22,10,12,6,4,3,28,10,8,32,2,26,24,36,12,38,8,40,4,42,2,35,44,30,4,46,24,50,12,52,10,54,2,49,57,58,26,60,46,62,10,65
902661ce95985440 0 0 1900806,12,8,14,6,16,2,12,6,20,2,18,22,10,12,6,4,3,28,10,8,32,2,26,24,36,12,38,8,40,4,42,2,35,44,30,4,46,24,50,12,52,10,54,2,49,57,58,26,60,30,62,46,64,10,66,6,68,4,71
fb2b2772efe20088 0 0 1704198,10,8,14,6,16,4,18,2,3,20,12,2,12,10,26,8,28,4,24,30,11,14,4,2,32,22,38,8,40,6,42,4,44,2,36,47,34,12,50,8,48,22,54,4,56,2,52,58,60,32,62,12,64
3ed2658259869440 0 0 2031878,10,8,14,6,16,4,18,2,3,20,12,2,12,10,26,8,28,4,24,30,11,14,4,2,32,22,38,8,40,6,42,4,44,2,36,47,34,12,50,8,48,22,54,4,56,2,52,58,60,22,62,32,64,12,66,10,68,8,70,6,72,4,74
499e4b66d40c6a48 0 0 1638662,10,8,14,6,16,4,3,18,12,8,22,2,12,10,26,4,24,29,10,15,4,2,30,20,36,8,38,6,40,4,34,42,32,12,44,20,48,4,50,2,46,52,54,30,56,32,58,8,60,2,62
16eb637431cc00e8 0 0 1835270,10,8,14,6,16,4,3,18,12,8,22,2,12,10,26,4,24,29,10,15,4,2,30,20,36,8,38,6,40,4,34,42,32,12,44,20,48,4,50,2,46,52,54,20,56,30,58,32,60,10,62,6,64,4,66,2,68
421a5bba8d6e5208 0 0 1704198,12,10,14,6,10,4,17,18,14,8,22,4,24,2,12,26,10,8,30,4,6,33,18,2,28,20,38,12,40,10,37,43,34,12,46,10,48,6,50,4,52,2,44,20,56,2,55,59,60,28,62,12,64
e93a4f588f5004e0 0 0 1966342,12,10,10,4,16,2,15,19,14,8,22,6,24,4,12,6,28,2,26,31,10,8,34,4,6,36,32,20,40,12,42,10,44,6,16,47,38,12,50,10,52,4,54,2,48,20,58,2,57,61,62,20,64,32,66,12,68,8,70,2,73
cbc6fcf0a6326ec8 0 0 1966342,12,10,10,4,16,2,15,19,14,8,22,6,24,4,12,6,28,2,26,31,10,8,34,4,6,36,32,20,40,12,42,10,44,6,16,47,38,12,50,10,52,4,54,2,48,20,58,2,57,61,62,32,64,38,66,10,68,8,70,4,72
edb4a2b0fd043280 0 0 1900806,12,10,14,4,10,2,16,18,14,8,22,6,12,6,26,2,25,29,10,8,6,33,30,20,36,12,38,10,40,6,42,4,11,44,34,12,48,10,50,2,46,20,54,2,52,57,58,20,60,30,62,34,64,12,66,8,68,2,71
afdcdcdc48bc5820 0 0 2294022,12,10,14,2,10,4,18,2,17,21,14,8,24,6,26,4,12,6,30,2,29,32,10,8,36,6,38,4,36,4,40,42,34,22,46,12,48,8,50,6,52,4,54,2,18,57,44,12,60,8,62,2,58,22,66,2,64,69,70,34,72,58,74,12,76,10,78,4,80,2,82
be331cced5ec6e08 0 0 2031878,12,10,14,4,16,2,10,2,18,20,14,8,24,6,12,6,28,2,26,30,10,8,34,6,35,37,32,22,40,12,42,8,44,6,46,4,48,2,11,51,38,12,54,8,56,2,52,22,60,2,58,63,64,32,66,38,68,52,70,12,72,8,74
96806768288a2c68 0 0 2097414,12,6,14,4,16,2,12,10,20,6,22,2,18,24,20,2,20,8,30,2,29,33,6,4,3,37,10,8,40,4,42,2,34,26,46,12,48,2,45,51,38,4,54,2,52,26,58,8,60,2,57,63,64,34,66,12,68,10,70,8,72,6,74,2,77
cf0e4f7e0daab688 0 0 2359558,12,8,14,6,16,4,12,10,20,8,22,6,24,4,19,26,22,4,30,2,20,4,34,2,33,37,6,4,40,2,3,43,10,8,46,2,38,28,50,12,52,8,54,2,48,56,44,4,60,2,58,28,64,8,66,2,63,69,70,28,72,38,74,12,76,8,78,6,80,4,82,2,85
84b638ecc3867c20 0 0 2097414,12,6,14,4,16,2,12,10,20,6,22,2,18,24,20,2,20,8,30,2,29,33,6,4,3,37,10,8,40,4,42,2,34,26,46,12,48,2,45,51,38,4,54,2,52,26,58,8,60,2,57,63,64,34,66,38,68,12,70,10,72,8,74,4,76
efd0d3e0872ad8e0 0 0 2228486,12,8,14,6,16,4,12,10,20,8,22,6,24,4,19,26,22,4,30,2,20,4,34,2,33,37,6,4,40,2,3,43,10,8,46,2,38,28,50,12,52,8,54,2,48,56,44,4,60,2,58,28,64,8,66,2,63,69,70,28,72,38,74,44,76,12,78,8,80
2a3002cae188cc88 0 0 2097414,12,10,14,2,14,4,18,2,17,20,14,6,24,4,14,8,28,6,30,4,32,2,26,34,10,6,38,4,3,41,8,4,36,22,46,12,48,6,50,4,52,2,44,54,42,10,58,4,56,22,62,8,60,65,66,56,68,8,70,6,72,4,74,2,77
896d1b1a76766ce0 0 0 2031878,12,10,14,6,12,6,18,4,16,20,12,4,24,2,12,8,28,4,30,2,26,32,6,4,3,36,10,8,40,4,42,2,34,22,46,12,48,10,50,4,45,52,38,4,54,22,58,8,60,2,57,63,64,22,66,54,68,8,70,6,72,2,75
f4835fc6d160a000 0 0 1769734,12,10,14,6,16,4,16,19,14,2,14,8,24,2,22,26,10,6,3,30,8,4,34,2,28,20,38,12,40,4,36,43,32,10,44,20,48,8,50,2,47,53,54,28,56,44,58,12,60,10,62,8,64,6,67
30ce073ea150f0a0 0 0 2162950,12,10,14,6,12,6,18,4,16,20,12,4,24,2,12,8,28,4,30,2,26,32,6,4,3,36,10,8,40,4,42,2,34,22,46,12,48,10,50,4,45,52,38,4,54,22,58,8,60,2,57,63,64,22,66,34,68,54,70,12,72,8,74,6,76,4,79
42b05b10af80bc80 0 0 1704198,12,10,14,6,16,4,16,19,14,2,14,8,24,2,22,26,10,6,3,30,8,4,34,2,28,20,38,12,40,4,36,43,32,10,44,20,48,8,50,2,47,53,54,28,56,32,58,44,60,12,62,8,65
d82080eefd6cb048 0 0 1966342,12,6,14,4,12,8,18,6,20,4,16,22,4,2,8,6,28,2,27,30,10,4,10,8,36,4,38,2,35,41,32,24,44,12,46,10,48,6,2,51,42,12,54,6,52,24,58,10,60,6,62,2,57,64,66,24,68,10,70,6,72
8bb6750267663c88 0 0 2359558,12,6,14,4,16,2,12,8,20,6,22,4,24,2,19,27,8,6,30,2,4,32,10,8,36,4,38,2,10,4,41,43,34,28,46,12,48,10,50,8,52,6,2,54,44,12,58,6,56,28,62,10,64,8,66,6,68,2,61,71,72,28,74,34,76,10,78,8,80,6,82,2,85
40ff47c020ac28a0 0 0 2162950,12,6,14,4,12,8,18,6,20,4,16,22,4,2,8,6,28,2,27,30,10,4,10,8,36,4,38,2,35,41,32,24,44,12,46,10,48,6,2,51,42,12,54,6,52,24,58,10,60,6,62,2,57,64,66,24,68,42,70,8,72,6,74,4,76,2,79
e28f6d68d548aaa0 0 0 2294022,12,6,14,4,16,2,12,8,20,6,22,4,24,2,19,27,8,6,30,2,4,32,10,8,36,4,38,2,10,4,41,43,34,28,46,12,48,10,50,8,52,6,2,54,44,12,58,6,56,28,62,10,64,8,66,6,68,2,61,71,72,28,74,34,76,44,78,6,80,4,82
116d6eb8bc9ae6c0 0 0 1900806,12,8,9,14,12,6,18,4,20,2,2,23,10,8,26,6,28,4,6,31,10,4,34,2,24,16,38,10,40,6,42,4,36,44,32,12,48,10,50,4,52,2,46,16,56,12,58,4,55,61,62,16,64,10,66,4,68,2,71
e02b2746b7400008 0 0 2228486,8,2,12,8,16,6,15,19,12,4,2,22,10,8,26,6,28,4,6,30,10,4,24,20,36,10,38,6,40,4,42,2,35,45,32,12,48,10,50,6,52,4,54,2,46,20,58,12,60,6,62,4,64,2,57,66,68,20,70,24,72,10,74,8,76,6,78,4,80
80d11c5ef7e40808 0 0 1638662,12,8,9,14,12,6,18,4,20,2,2,23,10,8,26,6,6,28,10,2,24,16,34,10,36,6,33,39,30,12,42,10,44,2,40,16,48,12,50,4,46,53,54,16,56,30,58,10,60,2,62
bf135c229ccacc48 0 0 2228486,8,2,12,8,16,6,15,19,12,4,2,22,10,8,26,6,28,4,6,30,10,4,24,20,36,10,38,6,40,4,42,2,35,45,32,12,48,10,50,6,52,4,54,2,46,20,58,12,60,6,62,4,64,2,57,66,68,20,70,24,72,32,74,10,76,8,78,4,80
410bdc269f20d020 0 0 1704198,8,6,14,4,6,2,16,18,12,10,22,6,24,4,26,2,4,2,28,31,10,4,10,34,32,20,38,10,40,8,42,6,3,44,36,12,48,10,46,20,52,12,54,6,50,57,58,32,60,10,62,6,64
24d868f822e40208 0 0 2162950,8,6,14,4,6,4,16,19,12,10,22,6,24,4,4,2,26,29,10,8,32,6,34,2,34,4,38,2,36,40,30,20,44,10,46,4,48,2,3,50,42,12,54,10,56,4,52,20,60,12,62,8,64,4,59,67,68,20,70,30,72,10,74,4,76,2,79
ff121032a71a92e0 0 0 1704198,8,6,14,4,6,2,16,18,12,10,22,6,24,4,26,2,4,2,28,31,10,4,10,34,32,20,38,10,40,8,42,6,3,44,36,12,48,10,46,20,52,12,54,6,50,57,58,32,60,36,62,6,64
f008fd80e6446048 0 0 1835270,8,6,14,4,6,2,16,18,12,10,22,6,24,2,4,2,27,29,10,4,11,33,30,20,36,10,38,8,40,6,42,4,3,45,34,12,48,10,50,4,46,20,54,12,56,6,53,59,60,20,62,30,64,34,66,2,68
25e408a4383c38c8 0 0 2031878,8,6,14,4,16,2,7,19,12,10,22,6,4,2,25,27,10,4,11,31,28,20,34,10,36,8,38,6,40,4,42,2,3,44,32,12,48,10,50,4,46,20,54,12,56,6,58,2,52,61,62,28,64,46,66,10,68,8,70,6,72,2,75
6f38ec78c73a68c0 0 0 2097414,8,6,14,4,16,2,7,19,12,10,22,6,4,2,25,27,10,4,11,31,28,20,34,10,36,8,38,6,40,4,42,2,3,44,32,12,48,10,50,4,46,20,54,12,56,6,58,2,52,61,62,28,64,32,66,46,68,8,70,6,72,4,74,2,76
6d38771466ee56e8 0 0 1835270,12,10,14,6,14,8,18,6,17,21,18,2,10,24,6,4,28,2,28,31,10,8,34,2,26,22,38,12,40,10,42,4,37,45,32,6,46,22,50,12,52,8,54,6,56,4,48,59,60,22,62,26,64,12,66,8,69
1ca936d6b4249e68 0 0 1900806,12,10,14,6,14,8,18,6,17,21,18,2,10,24,6,4,28,2,28,31,10,8,34,2,26,22,38,12,40,10,42,4,37,45,32,6,46,22,50,12,52,8,54,6,56,4,48,59,60,22,62,26,64,32,66,12,68,8,71
e07c3c281e3294c0 0 0 1966342,12,8,14,6,16,2,12,6,20,2,18,22,10,12,6,4,28,2,28,31,10,8,34,2,26,24,38,12,40,8,42,4,44,2,37,46,32,6,48,24,52,12,54,10,56,6,58,4,60,2,51,63,64,26,66,48,68,10,70,4,73
8de3c12c1e80dac8 0 0 2031878,12,8,14,6,16,2,12,6,20,2,18,22,10,12,6,4,28,2,28,31,10,8,34,2,26,24,38,12,40,8,42,4,44,2,37,46,32,6,48,24,52,12,54,10,56,6,58,4,60,2,51,63,64,26,66,32,68,48,70,10,72,4,75
b41cf29658669ea0 0 0 2031878,10,2,12,10,16,8,15,18,18,6,22,2,16,6,26,2,25,28,6,4,32,2,32,35,10,8,30,20,40,10,42,6,44,4,46,2,39,49,36,6,50,20,54,8,56,6,58,4,60,2,52,62,64,20,66,30,68,12,70,8,72,6,74
77943b727f8aaaa0 0 0 2097414,10,2,12,10,16,8,15,18,18,6,22,2,16,6,26,2,25,28,6,4,32,2,32,35,10,8,30,20,40,10,42,6,44,4,46,2,39,49,36,6,50,20,54,8,56,6,58,4,60,2,52,62,64,20,66,30,68,36,70,12,72,8,74,6,76
6d6c935a9b48f028 0 0 1966342,10,2,13,15,12,6,18,2,12,8,22,6,24,2,21,26,6,4,30,2,30,33,10,8,28,16,38,10,40,6,42,4,44,2,37,47,34,6,48,16,52,8,54,6,56,4,58,2,51,60,62,28,64,48,66,12,68,10,70,4,73
bef8459ac88e2aa0 0 0 2031878,10,2,13,15,12,6,18,2,12,8,22,6,24,2,21,26,6,4,30,2,30,33,10,8,28,16,38,10,40,6,42,4,44,2,37,47,34,6,48,16,52,8,54,6,56,4,58,2,51,60,62,28,64,34,66,48,68,12,70,10,72,4,75
3073407a18ba9440 0 0 2097414,12,8,3,14,6,4,18,2,12,6,22,2,21,25,10,8,28,6,30,2,5,33,26,16,36,12,38,8,40,4,18,43,34,12,46,10,44,16,50,12,52,10,54,8,56,6,58,4,60,2,49,63,64,26,66,44,68,8,70,6,72,4,74,2,77
782faceacf2c3a40 0 0 1966342,12,8,3,14,6,4,18,2,12,6,22,2,21,25,10,8,28,6,30,2,5,33,26,16,36,12,38,8,40,4,18,43,34,12,46,10,44,16,50,12,52,10,54,8,56,6,58,4,60,2,49,63,64,26,66,34,68,44,70,10,72
f3e375f447a8fe80 0 0 1835270,12,10,14,8,16,6,18,4,12,8,22,4,21,24,12,4,2,28,6,4,5,32,10,6,36,2,30,26,40,12,42,8,39,45,34,8,48,6,46,26,52,12,54,6,56,2,51,58,60,26,62,30,64,10,66,8,69
55d251dc047cdaa8 0 0 1966342,12,10,14,8,16,6,18,4,12,8,22,4,21,24,12,4,2,28,6,4,5,32,10,6,36,2,30,26,40,12,42,8,39,45,34,8,48,6,46,26,52,12,54,6,56,2,51,58,60,26,62,30,64,34,66,10,68,8,70,6,73
104efb50bbfcfa48 0 0 1638662,6,4,4,2,14,17,12,4,20,2,21,22,10,8,26,4,9,29,24,18,32,8,34,4,36,2,3,38,30,12,42,10,44,4,40,18,48,10,50,8,52,4,54,2,47,56,58,24,60,2,62
7f8c6fd6f708b208 0 0 1638662,6,4,4,14,12,10,18,2,18,21,10,8,24,4,8,26,22,16,30,8,32,4,3,34,28,12,38,2,36,16,42,10,44,8,46,4,48,2,41,51,52,22,54,28,56,12,58,10,60,2,63
7e9a2296819e8268 0 0 2294022,12,10,14,8,16,4,14,6,20,4,22,2,18,25,6,4,8,2,29,30,10,4,34,2,8,37,6,2,32,26,42,12,44,10,46,8,48,6,50,4,52,2,41,55,38,12,58,8,60,4,56,26,64,10,66,8,68,6,63,70,72,26,74,32,76,12,78,8,80,4,83
dfcd814e202c06a0 0 0 2425094,12,10,14,8,16,4,18,2,14,6,22,4,21,24,6,4,28,2,8,2,30,32,10,4,8,36,6,2,34,26,42,12,44,10,46,8,48,6,50,4,41,52,38,12,56,8,58,4,60,2,54,26,64,10,66,8,68,6,62,70,72,26,74,34,76,38,78,12,80,6,82,4,84,2,86
885bf7e80108b288 0 0 2097414,12,10,14,8,16,6,18,4,20,2,14,4,23,24,4,2,8,2,29,30,10,4,34,2,8,37,6,2,32,26,42,12,44,10,46,8,48,4,41,50,38,12,54,8,56,4,52,26,60,10,62,8,64,2,58,66,68,32,70,38,72,52,74,10,76
5a7385861566aca0 0 0 2031878,12,8,14,2,14,6,17,18,12,6,2,23,10,8,26,6,28,2,5,30,6,4,24,20,36,12,38,8,40,6,42,4,34,45,32,12,48,10,50,4,46,20,54,12,56,10,58,8,53,61,62,20,64,24,66,12,68,10,70,8,72,4,75
b5ee5ac2141a0608 0 0 2097414,12,8,14,2,14,6,17,18,12,6,2,23,10,8,26,6,28,2,5,30,6,4,24,20,36,12,38,8,40,6,42,4,34,45,32,12,48,10,50,4,46,20,54,12,56,10,58,8,53,61,62,20,64,24,66,32,68,12,70,6,72,4,74,2,77
a3b7abae7e245468 0 0 2556166,12,10,14,2,12,6,16,19,12,8,22,6,2,24,8,4,28,2,6,4,32,2,30,35,10,8,38,6,40,4,42,2,26,20,46,12,48,8,50,6,52,4,54,2,45,57,36,12,60,8,62,2,58,20,66,12,68,8,70,4,64,73,74,26,76,58,78,12,80,10,82,8,84,6,86,4,88,2,91
7f1788e05c88fe80 0 0 2556166,12,10,14,2,12,6,16,19,12,8,22,6,2,24,8,4,28,2,6,4,32,2,30,35,10,8,38,6,40,4,42,2,26,20,46,12,48,8,50,6,52,4,54,2,45,57,36,12,60,8,62,2,58,20,66,12,68,8,70,4,64,73,74,26,76,36,78,58,80,12,82,10,84,6,86,4,88,2,91
c156c2c0c97442c0 0 0 1769734,10,8,14,6,16,4,4,18,12,8,22,6,6,4,25,27,26,2,8,6,32,4,30,35,28,20,38,6,40,2,3,42,36,12,46,6,48,4,50,2,44,20,54,12,56,6,52,59,60,28,62,12,64,8,67
b98e9b6e63ce2488 0 0 1900806,10,8,14,6,16,4,4,18,12,8,22,6,6,4,25,27,26,2,8,6,32,4,30,35,28,20,38,6,40,2,3,42,36,12,46,6,48,4,50,2,44,20,54,12,56,6,52,59,60,28,62,36,64,12,66,8,68,2,71
7ab228ca4ae44e60 0 0 1966342,10,8,14,6,16,2,4,18,12,8,22,4,24,2,6,4,27,29,28,2,8,2,32,34,30,20,38,6,40,2,3,42,36,12,46,6,48,4,50,2,44,20,54,12,56,6,53,58,60,30,62,44,64,12,66,8,68,4,70,2,73
39ad032295dcccc0 0 0 2031878,10,8,14,6,16,4,4,18,12,8,22,4,24,2,6,4,27,29,28,2,8,2,32,34,30,20,38,6,40,2,3,42,36,12,46,6,48,4,50,2,44,20,54,12,56,6,53,58,60,20,62,30,64,44,66,12,68,8,70,4,72,2,75
070f0b847bf6e2e8 0 0 2031878,10,8,14,6,16,4,4,18,12,8,22,4,24,2,6,4,27,29,28,2,8,2,32,34,30,20,38,6,40,2,3,42,36,12,46,6,48,4,50,2,44,20,54,12,56,6,53,58,60,20,62,30,64,36,66,44,68,12,70,8,72,4,75
d0407e4840402e48 0 0 1638662,12,10,14,8,16,6,4,2,18,21,12,6,24,4,9,27,8,2,8,6,31,33,28,22,36,8,38,4,5,40,34,12,42,22,46,12,48,4,44,51,52,28,54,12,56,8,58,6,60,4,63
893f02a2eafc8080 0 0 2162950,12,10,14,8,16,6,18,4,4,2,20,23,12,8,26,6,8,6,30,2,28,32,6,4,36,2,30,38,34,24,42,8,44,6,46,4,48,2,5,51,40,12,54,6,52,24,58,12,60,6,62,4,57,64,66,24,68,34,70,52,72,12,74,8,76,4,78
eb5750ccd8ec0ce8 0 0 2162950,12,10,14,8,16,6,18,4,20,2,4,2,23,25,12,8,28,6,8,6,32,2,30,34,6,4,38,2,32,40,36,26,44,8,46,6,48,4,50,2,5,53,42,12,56,6,54,26,60,12,62,6,64,4,59,66,68,36,70,42,72,54,74,10,76,2,79
17522c0004520c00 0 0 1704198,12,8,14,6,16,2,12,6,20,2,18,22,10,13,6,4,3,28,10,8,32,2,26,24,36,12,38,6,35,41,30,4,42,24,46,12,48,10,50,6,52,4,44,55,56,24,58,12,60,6,62,2,64
31fac242b9fa8000 0 0 1573126,12,8,14,6,16,2,12,6,20,2,18,22,10,13,6,4,3,28,10,8,32,2,26,24,36,12,38,6,35,41,30,4,42,24,46,12,48,10,50,6,52,4,44,55,56,26,58,10,60
57e29eac60960688 0 0 1835270,12,8,14,6,16,2,12,6,20,2,18,22,10,13,6,4,3,28,10,8,32,2,26,24,36,12,38,6,35,41,30,4,42,24,46,12,48,10,50,6,52,4,44,55,56,24,58,26,60,12,62,10,64,6,66,2,68
372cc8c8a72cf8c8 0 0 1966342,12,8,14,6,16,2,12,6,20,2,18,22,10,13,6,4,28,2,3,31,10,8,34,2,26,24,38,12,40,6,37,43,32,4,46,2,44,24,50,12,52,10,54,6,56,4,58,2,49,60,62,24,64,32,66,12,68,6,70,4,73
34c7c5281c923028 0 0 1966342,12,8,14,6,16,2,12,6,20,2,18,22,10,13,6,4,28,2,3,31,10,8,34,2,26,24,38,12,40,6,37,43,32,4,46,2,44,24,50,12,52,10,54,6,56,4,58,2,49,60,62,26,64,32,66,10,68,4,70,2,73
b55b65c051c8ca60 0 0 2097414,12,8,14,6,16,2,12,6,20,2,18,22,10,13,6,4,28,2,3,31,10,8,34,2,26,24,38,12,40,6,37,43,32,4,46,2,44,24,50,12,52,10,54,6,56,4,58,2,49,60,62,24,64,26,66,32,68,12,70,10,72,6,74,4,77
04a9aedea5b46ca0 0 0 2031878,12,10,14,6,14,8,18,6,17,21,18,2,10,25,6,4,28,2,3,31,10,8,34,2,26,22,38,12,40,10,42,8,44,6,46,2,37,48,32,4,52,2,50,22,56,12,58,8,60,6,62,4,54,64,66,26,68,50,70,10,72,4,75
32180250797ef2a0 0 0 2031878,12,10,14,6,14,8,18,6,17,21,18,2,10,25,6,4,3,28,10,8,32,2,26,22,36,12,38,10,40,8,42,6,44,2,35,46,30,4,48,22,52,12,54,8,56,6,58,4,60,2,51,63,64,26,66,30,68,48,70,10,72,2,74
eae701060c7e1860 0 0 1769734,8,6,14,4,4,16,12,10,20,2,20,8,24,4,23,27,10,4,8,30,4,2,28,18,36,8,38,4,34,40,32,12,44,8,46,2,42,18,50,10,52,8,54,2,49,56,58,28,60,12,62,8,64,2,67
a68c1ebc56f4aa08 0 0 1900806,8,6,14,2,4,16,12,10,20,2,20,8,24,4,26,2,23,28,8,2,10,4,33,34,4,2,30,18,40,8,42,4,44,2,38,47,36,12,50,8,48,18,54,10,56,8,52,59,60,18,62,30,64,12,66,8,68,4,70
e826c2aeacc22ce0 0 0 1704198,8,6,14,4,4,16,12,10,20,8,22,2,20,4,24,26,10,4,8,31,4,2,28,18,36,8,38,4,34,40,32,12,44,2,42,18,48,10,50,8,52,2,47,55,56,28,58,32,60,4,62,2,65
f626d50a735c2000 0 0 1900806,8,6,14,4,16,2,4,2,19,21,12,10,24,8,26,2,24,4,28,30,8,2,10,4,36,2,35,38,32,22,42,8,44,4,5,46,40,12,48,22,52,10,54,8,50,56,58,22,60,32,62,40,64,8,66,6,68,2,71
985ce1b45c986868 0 0 1310982,12,10,14,6,16,2,16,18,5,10,6,8,22,20,26,6,2,28,24,12,30,20,34,12,36,10,38,6,40,4,32,43,44,20,46,24,48,10,50,6,52
9f4e111e2c82f888 0 0 1966342,12,10,14,6,3,16,12,2,9,20,4,2,6,24,8,2,22,18,30,12,32,10,34,8,36,6,38,2,28,40,26,8,44,6,42,18,48,12,50,10,52,8,54,6,56,4,58,2,47,61,62,18,64,22,66,10,68,8,70,4,73
e0c334b2be9c0c48 0 0 1507590,10,8,14,2,12,10,18,8,17,20,18,4,2,24,6,2,4,28,26,22,32,4,15,34,30,8,36,22,40,12,42,10,44,8,46,2,38,48,50,22,52,26,54,12,56,8,58
444345f8b8400240 0 0 1835270,10,8,12,10,16,8,18,4,20,2,14,22,16,4,26,2,2,29,6,4,4,32,14,2,30,24,38,4,36,40,34,8,44,4,42,24,48,12,50,10,52,8,54,4,47,56,58,24,60,30,62,34,64,12,66,8,68
cd402df08850e860 0 0 2162950,10,8,12,10,16,4,18,2,15,20,16,8,24,6,26,4,28,2,2,30,4,2,6,4,36,2,35,39,14,2,32,22,44,4,46,2,43,49,40,8,52,6,54,4,56,2,50,22,60,12,62,10,64,4,59,66,68,32,70,50,72,12,74,10,76,8,79
3c617a64c5688668 0 0 1704198,10,8,12,8,16,4,15,19,12,2,2,23,6,2,4,26,14,2,24,20,32,4,31,34,28,8,38,2,36,20,42,12,44,8,46,4,48,2,40,51,52,24,54,28,56,36,58,12,60,10,62,8,65
85d4dade91d6dac8 0 0 1769734,12,10,14,4,16,2,17,18,10,8,14,8,24,4,26,2,22,29,6,4,4,32,22,2,30,20,38,4,37,40,34,8,44,4,42,20,48,12,50,8,52,4,54,2,47,56,58,20,60,30,62,12,64,2,66
238771805f044e40 0 0 1900806,12,10,14,4,16,2,17,18,10,8,14,8,24,4,26,2,22,29,6,4,4,32,22,2,30,20,38,4,37,40,34,8,44,4,42,20,48,12,50,8,52,4,54,2,47,56,58,20,60,30,62,34,64,12,66,4,68,2,70
20362b1ee3a06000 0 0 1638662,12,4,14,2,14,17,10,8,12,8,22,4,21,24,6,4,4,28,20,2,26,18,34,4,32,36,30,8,40,4,38,18,44,12,46,10,48,8,50,4,42,53,54,26,56,38,58,12,60,4,62
e15abfa440d69ea8 0 0 1900806,12,8,14,2,15,16,12,6,20,2,6,4,24,2,22,27,10,8,30,6,32,4,34,2,4,36,28,18,40,4,24,42,38,12,46,8,48,6,50,2,44,18,54,8,56,6,58,2,52,61,62,28,64,44,66,4,68,2,70
82baad4ca5d67a20 0 0 1507590,12,6,14,2,15,16,12,8,6,2,21,23,10,4,4,26,24,18,30,4,6,32,28,12,36,4,34,18,40,8,42,6,44,2,39,47,48,24,50,28,52,34,54,4,56,2,58
cfbc971cb63ab4c0 0 0 1835270,12,4,14,2,12,10,18,6,20,4,22,2,16,25,18,8,28,6,30,4,32,2,33,34,6,4,4,38,10,6,42,2,36,26,46,4,44,48,40,8,52,4,50,26,56,8,58,2,55,60,62,26,64,36,66,2,68
6f692d2e5122b6c0 0 0 1966342,12,4,14,2,12,10,18,6,20,4,22,2,16,25,18,8,28,6,30,4,32,2,33,34,6,4,4,38,10,6,42,2,36,26,46,4,44,48,40,8,52,4,50,26,56,8,58,2,55,60,62,26,64,36,66,40,68,4,70,2,72
76e81ef06e8856c0 0 0 1573126,10,4,4,14,6,2,12,8,20,6,22,4,19,24,8,4,6,28,26,16,32,8,34,4,3,36,30,12,40,6,42,4,38,16,46,6,48,4,50,2,44,53,54,26,56,38,58,8,60
eefd69fa09049628 0 0 1704198,10,4,4,14,12,6,18,4,7,21,8,4,6,2,24,26,22,16,30,8,32,4,3,34,28,12,38,8,40,6,42,4,36,16,46,6,48,4,45,51,52,16,54,22,56,28,58,36,60,8,62,4,64
83b464a007f064a0 0 0 1638662,12,10,14,6,16,4,4,18,8,4,12,4,23,24,6,4,28,2,22,2,30,33,4,2,26,20,38,6,40,4,42,2,36,44,34,12,48,6,50,4,52,2,46,20,56,8,54,59,60,26,62
757baf847bf80408 0 0 1835270,12,10,14,6,16,4,4,18,8,6,22,4,12,4,24,26,6,4,30,2,24,2,32,34,4,2,28,20,40,6,42,4,44,2,38,46,36,12,50,6,52,4,54,2,48,20,58,8,60,6,56,62,64,20,66,28,68
f2229aaa72a24080 0 0 1704198,12,10,14,6,16,4,4,18,8,6,22,4,12,24,8,2,24,2,29,30,4,2,26,20,36,8,38,2,34,41,32,12,44,8,46,4,48,2,42,20,52,8,54,6,51,56,58,26,60,42,62,4,64
b732502027025020 0 0 2097414,12,10,14,6,16,4,4,18,8,6,22,2,12,6,26,4,28,2,25,30,8,4,23,34,4,2,32,20,40,8,42,4,38,44,36,12,48,8,50,6,52,4,54,2,46,20,58,8,60,6,62,4,64,2,56,67,68,20,70,32,72,46,74,4,76
977d33d26122c088 0 0 2097414,12,10,14,6,16,4,4,18,8,6,22,2,12,6,26,4,28,2,25,30,8,4,23,34,4,2,32,20,40,8,42,4,38,44,36,12,48,8,50,6,52,4,54,2,46,20,58,8,60,6,62,4,64,2,56,67,68,32,70,36,72,46,74,4,76
71f1904e8f8e7020 0 0 2228486,12,10,14,6,16,4,4,18,12,6,22,4,9,25,8,6,28,4,30,2,8,2,32,35,4,2,26,20,40,8,42,6,44,4,46,2,38,48,36,12,52,8,54,4,56,2,50,20,60,8,62,4,59,65,66,20,68,26,70,36,72,50,74,6,76,4,78,2,80
86804e8806004e88 0 0 1179910,8,4,10,15,5,12,8,6,3,20,4,2,18,16,26,8,28,6,24,30,22,6,32,16,36,12,38,8,40,4,34,43,44,18,46,12,48
2b60dfec94802c40 0 0 1638662,12,6,12,10,16,6,18,2,15,21,12,8,24,6,6,2,26,29,5,11,30,22,34,4,6,37,32,12,40,10,42,4,38,22,46,10,48,8,50,2,45,53,54,22,56,10,58,6,60,2,63
4fe964a8fce66680 0 0 1835270,12,6,12,10,16,6,18,2,15,21,12,8,24,6,6,2,26,29,5,11,30,22,34,4,6,37,32,12,40,10,42,4,38,22,46,10,48,8,50,2,45,53,54,22,56,30,58,12,60,10,62,8,64,6,66,2,69
b1fd04f208888e88 0 0 2031878,12,8,14,4,12,10,18,6,20,4,17,22,12,2,6,4,27,28,10,8,32,6,34,2,5,36,28,2,30,24,42,4,41,45,38,12,48,10,50,4,46,24,54,10,56,6,58,4,60,2,53,63,64,24,66,38,68,10,70,8,72,2,74
572247986f6616e0 0 0 2097414,12,8,14,2,12,10,18,6,20,4,22,2,16,25,12,4,28,2,6,4,32,2,31,35,10,8,38,6,40,4,42,2,5,44,36,26,48,4,32,51,46,12,54,10,56,4,52,26,60,10,62,6,59,64,66,26,68,36,70,46,72,12,74,4,77
95a7b35496c2bc68 0 0 2359558,12,8,14,4,12,10,18,6,20,4,16,23,6,4,13,26,10,8,30,6,32,4,34,2,32,2,37,38,26,2,28,24,44,10,46,8,48,6,50,4,52,2,43,55,40,12,58,8,60,6,62,4,64,2,56,24,68,10,70,6,72,4,66,74,76,56,78,12,80,10,82,2,85
e8607f8064808ce0 0 0 2425094,12,8,14,2,12,10,18,6,20,2,17,23,12,4,6,4,28,2,27,31,10,8,34,6,36,4,38,2,36,2,40,43,32,24,46,10,48,8,50,6,52,4,54,2,28,56,44,12,60,8,62,6,64,2,58,24,68,10,70,6,72,4,74,2,66,76,78,32,80,58,82,12,84,4,87
0a3d702e6460f8c0 0 0 2425094,12,8,14,4,12,10,18,6,20,4,16,23,6,4,13,26,10,8,30,6,32,4,34,2,32,2,37,38,26,2,28,24,44,10,46,8,48,6,50,4,52,2,43,55,40,12,58,8,60,6,62,4,64,2,56,24,68,10,70,6,72,4,66,74,76,40,78,56,80,12,82,10,84,2,87
2f37a994e1ccc8c0 0 0 2425094,12,8,14,2,12,10,18,6,20,2,17,23,12,4,6,4,28,2,27,31,10,8,34,6,36,4,38,2,36,2,40,43,32,24,46,10,48,8,50,6,52,4,54,2,28,56,44,12,60,8,62,6,64,2,58,24,68,10,70,6,72,4,74,2,66,76,78,32,80,44,82,58,84,12,87
ffee62407fce62e0 0 0 1638662,8,6,14,4,2,16,12,8,20,2,12,2,23,24,10,4,28,2,8,4,30,32,26,18,36,10,38,4,40,2,5,42,34,12,46,10,48,4,50,2,44,18,54,12,56,8,52,59,60,26,62
b8c08080c89aaa80 0 0 1769734,8,6,14,2,2,16,12,8,20,2,12,2,23,24,10,4,28,2,8,4,30,32,26,18,36,10,38,4,40,2,5,42,34,12,46,10,48,4,50,2,44,18,54,12,56,8,52,59,60,18,62,26,64,2,66
24c8dc8c0148cac0 0 0 1900806,8,6,14,4,4,16,12,8,20,4,12,4,23,24,10,8,28,4,30,2,8,2,33,34,26,18,38,10,40,8,42,4,44,2,3,47,36,12,50,10,52,8,54,4,56,2,48,18,60,12,62,8,59,65,66,26,68,36,70
5509580e112e2a40 0 0 1966342,8,6,14,2,4,16,12,8,20,4,12,4,23,24,10,8,28,4,30,2,8,2,33,34,26,18,38,10,40,8,42,4,44,2,3,47,36,12,50,10,52,8,54,4,56,2,48,18,60,12,62,8,59,65,66,18,68,26,70,36,72
4bf2a82280368a00 0 0 1638662,12,10,10,14,14,8,18,6,14,6,21,22,6,4,26,2,3,29,10,8,32,2,24,16,36,6,38,4,40,2,34,43,30,4,46,2,44,16,50,8,52,6,49,55,56,16,58,24,60,10,62
2185c7c6e91816e8 0 0 1900806,12,10,10,14,14,8,18,6,14,6,21,22,6,4,26,2,3,29,10,8,32,2,24,16,36,6,38,4,40,2,34,43,30,4,46,2,44,16,50,8,52,6,49,55,56,16,58,24,60,30,62,10,64,6,66,4,68,2,71
f859d12ade2a4440 0 0 1769734,12,8,14,2,10,16,12,6,20,2,14,6,24,2,22,27,6,4,30,2,3,33,10,8,36,2,28,18,40,6,42,4,44,2,38,47,34,4,50,2,48,18,54,8,56,6,52,58,60,28,62,48,64,8,66
e3cf3acc52844448 0 0 2031878,12,8,14,2,10,16,12,6,20,2,14,6,24,2,22,27,6,4,30,2,3,33,10,8,36,2,28,18,40,6,42,4,44,2,38,47,34,4,50,2,48,18,54,8,56,6,52,58,60,28,62,34,64,48,66,8,68,6,70,4,72,2,75
473bb5c438886088 0 0 1835270,12,10,2,14,12,8,18,2,12,6,20,23,6,4,26,2,8,6,30,4,32,2,28,35,4,2,24,16,40,6,42,4,44,2,38,46,36,12,50,4,48,16,54,12,56,8,53,58,60,16,62,24,64,36,66,2,68
1db55ed6c04a4ae0 0 0 2031878,12,10,14,8,16,6,18,4,20,2,2,22,12,8,12,6,28,2,26,31,6,2,8,6,36,4,35,38,32,24,42,6,44,2,5,47,40,12,50,2,48,24,54,12,56,8,58,2,52,60,62,32,64,48,66,8,68,6,70,4,72,2,75
91bbe66cec662aa0 0 0 1769734,12,10,14,8,16,6,2,18,12,8,12,6,24,2,22,27,6,2,8,6,32,4,31,34,28,20,38,6,40,2,5,43,36,12,46,2,44,20,50,12,52,8,54,2,48,56,58,28,60,36,62,44,64,6,67
cceea06c9cfa2828 0 0 1638662,12,4,7,14,10,4,18,2,8,6,22,4,24,2,20,27,8,2,8,30,6,2,28,16,36,8,38,2,35,40,32,4,42,16,46,10,48,6,50,4,52,2,44,55,56,16,58,12,60,4,62
dd9de79c22622860 0 0 1376518,12,10,14,4,6,2,16,18,8,6,10,22,8,4,26,2,26,28,24,20,32,8,34,4,36,2,6,38,30,4,40,20,44,10,46,6,48,2,42,50,52,24,54
184398107fe8cc88 0 0 1769734,8,6,14,2,2,16,12,10,20,4,20,8,22,25,10,2,8,28,26,18,32,8,34,2,5,36,30,12,40,8,42,4,38,18,46,10,48,8,50,4,52,2,44,55,56,26,58,30,60,38,62,12,64,4,66
104d2022ed3022a0 0 0 1900806,8,6,14,4,2,16,12,10,20,4,20,8,22,25,10,2,8,28,26,18,32,8,34,2,5,36,30,12,40,8,42,4,38,18,46,10,48,8,50,4,52,2,44,55,56,18,58,26,60,30,62,38,64,12,66,4,68,2,70
3d34b23c7934b200 0 0 1769734,12,4,14,2,8,17,12,6,20,4,12,10,24,6,26,4,22,28,6,4,3,32,10,8,36,2,30,18,40,12,42,4,39,44,34,4,46,18,50,10,52,6,54,4,48,56,58,30,60,12,62,6,64,4,66
53aafc6aab802460 0 0 1900806,12,4,14,2,6,17,12,8,20,4,12,10,24,8,26,4,22,28,8,4,3,32,10,6,36,2,30,18,40,12,42,4,39,44,34,4,46,18,50,10,52,8,54,4,48,56,58,18,60,30,62,12,64,8,66,6,68,4,70
f74d2c1e920a9800 0 0 2162950,12,4,14,2,6,17,12,8,20,4,12,10,24,8,26,4,22,28,8,4,32,2,3,35,10,6,38,2,30,18,42,12,44,4,41,46,36,4,50,2,48,18,54,10,56,8,58,4,60,2,53,63,64,18,66,30,68,36,70,12,72,8,74,6,76,2,79
663d15be62461e60 0 0 2097414,12,10,14,4,16,2,8,18,14,6,22,4,24,2,12,6,28,4,30,2,26,32,6,4,3,37,10,8,40,2,34,20,44,12,46,10,48,4,43,51,38,4,54,2,52,20,58,10,60,6,62,4,56,65,66,34,68,52,70,12,72,10,74,2,77
1cdc7c2c5cbed228 0 0 2162950,12,10,14,4,16,2,8,18,14,6,22,4,24,2,12,6,28,4,30,2,26,32,6,4,3,37,10,8,40,2,34,20,44,12,46,10,48,4,43,51,38,4,54,2,52,20,58,10,60,6,62,4,56,65,66,20,68,34,70,52,72,12,74,10,76,2,79
7a7e8f30a81880c0 0 0 2228486,12,10,14,4,16,2,8,18,14,6,22,4,24,2,12,6,28,4,30,2,26,32,6,4,36,2,3,38,10,8,42,2,34,20,46,12,48,10,50,4,45,53,40,4,54,20,58,10,60,6,62,4,64,2,57,66,68,34,70,40,72,54,74,12,76,10,78,4,80
500d1adefe3a0800 0 0 2294022,12,10,14,4,16,2,8,18,14,6,22,4,24,2,12,6,28,4,30,2,26,32,6,4,36,2,3,38,10,8,42,2,34,20,46,12,48,10,50,4,45,53,40,4,54,20,58,10,60,6,62,4,64,2,57,66,68,20,70,34,72,40,74,54,76,12,78,10,80,4,82
d59521a2b2e48ae0 0 0 1900806,12,10,14,8,16,6,14,6,18,21,8,6,24,4,26,2,4,28,10,4,8,2,32,35,30,22,38,12,40,6,42,4,2,45,36,12,48,8,50,6,52,2,46,22,56,6,54,59,60,22,62,30,64,12,66,10,68,8,70
eec8e99a6ee2e6c0 0 0 1966342,12,10,14,8,16,6,14,6,18,21,8,6,24,4,26,2,4,28,10,4,8,2,32,35,30,22,38,12,40,6,42,4,2,45,36,12,48,8,50,6,52,2,46,22,56,6,54,59,60,22,62,30,64,36,66,12,68,8,70,4,72
ff1d0762430408c8 0 0 2162950,12,10,14,8,16,6,18,2,14,6,22,2,20,25,4,2,8,6,30,4,32,2,29,34,10,4,8,2,38,41,36,26,44,12,46,6,48,4,50,2,2,53,42,12,56,8,58,6,60,2,54,26,64,6,66,2,63,68,70,36,72,54,74,8,76,6,78
d92ec6d2dcb29628 0 0 2359558,12,10,14,8,16,6,18,2,14,6,22,2,20,25,4,2,8,6,30,4,32,2,29,34,10,4,8,2,38,41,36,26,44,12,46,6,48,4,50,2,2,53,42,12,56,8,58,6,60,2,54,26,64,6,66,2,63,68,70,36,72,42,74,54,76,10,78,8,80,6,82,4,84
ea21cb22d23cac60 0 0 2359558,12,8,14,2,12,10,18,4,20,2,17,22,12,4,2,26,10,8,30,6,32,2,4,35,6,4,28,24,40,12,42,10,44,2,38,46,36,12,50,8,52,6,54,2,48,24,58,12,60,10,62,8,64,6,66,4,57,69,70,24,72,28,74,12,76,10,78,8,80,6,82,2,85
c80ae8daa5681ee0 0 0 2490630,12,8,14,2,12,10,18,4,20,2,17,22,12,4,2,26,10,8,30,6,32,2,4,35,6,4,28,24,40,12,42,10,44,2,38,46,36,12,50,8,52,6,54,2,48,24,58,12,60,10,62,8,64,6,66,4,57,69,70,24,72,28,74,36,76,12,78,10,80,8,82,6,84,4,86,2,89
e88ffe3cbaee3200 0 0 1900806,12,6,12,10,16,2,15,18,12,8,22,6,2,25,10,4,11,29,26,20,32,12,34,4,36,2,6,39,30,12,42,10,44,4,40,20,48,12,50,10,52,8,54,6,56,2,46,58,60,26,62,40,64,8,66,6,68,2,70
d716cb4698b8a000 0 0 2097414,12,6,12,10,16,2,15,18,12,8,22,6,2,25,10,4,11,29,26,20,32,12,34,4,36,2,6,39,30,12,42,10,44,4,40,20,48,12,50,10,52,8,54,6,56,2,46,58,60,26,62,30,64,40,66,10,68,8,70,6,72,4,74,2,77
59e60c66b74ca688 0 0 1704198,12,10,7,14,10,8,18,6,20,2,8,6,24,2,22,27,8,4,30,2,31,33,6,2,28,16,38,8,40,4,37,43,34,4,46,2,44,16,50,10,52,8,54,2,49,57,58,16,60,28,62,12,64
1eec43045dc6cc48 0 0 1966342,10,6,14,4,4,16,12,8,20,6,6,23,8,6,6,2,26,29,24,18,32,8,34,6,36,4,3,38,30,12,42,6,44,4,46,2,40,18,50,12,52,8,54,6,56,2,48,58,60,18,62,24,64,30,66,12,68,8,70,2,72
173d83c2836ae8c0 0 0 1704198,4,10,12,8,16,4,18,2,6,2,21,23,8,4,6,26,24,14,30,8,3,32,28,12,36,6,38,4,40,2,34,14,44,12,46,8,48,4,43,50,52,24,54,34,56,12,58,6,60,4,62,2,65
9eb27c601eb25660 0 0 1769734,4,10,12,8,16,4,18,2,6,2,21,23,8,4,6,26,24,14,30,8,3,32,28,12,36,6,38,4,40,2,34,14,44,12,46,8,48,4,43,50,52,14,54,24,56,34,58,12,60,6,62,4,64,2,67
baef15bad8d2d888 0 0 1507590,12,4,7,14,10,4,8,6,20,4,22,2,19,25,8,2,8,28,6,2,26,16,34,8,36,2,33,38,30,4,40,16,44,10,46,6,48,4,42,50,52,16,54,30,56,12,58
60d604c8effc7448 0 0 1966342,12,10,4,2,14,17,12,8,20,6,22,4,24,2,8,4,28,2,26,31,6,29,32,18,36,6,38,4,40,2,5,43,34,12,46,4,44,18,50,12,52,8,54,6,56,4,48,58,60,18,62,32,64,44,66,12,68,6,70,2,73
80bde44055c2e440 0 0 1966342,12,10,14,4,16,2,4,18,12,8,22,4,8,6,26,4,24,29,28,2,6,33,4,2,30,20,38,6,40,4,36,42,34,12,46,4,48,2,44,20,52,12,54,8,56,4,58,2,51,60,62,30,64,34,66,44,68,12,70,8,72
9acde6e4bc7226e8 0 0 1966342,12,6,14,2,12,8,18,6,20,2,17,23,18,2,10,26,6,4,30,2,3,32,10,8,36,2,28,24,40,12,42,8,44,4,39,47,34,4,48,24,52,12,54,10,56,8,50,59,60,24,62,28,64,12,66,8,68,6,70,2,73
b6602ba0ccd0f4e0 0 0 2031878,12,6,14,2,12,8,18,6,20,2,17,23,18,2,10,26,6,4,30,2,3,32,10,8,36,2,28,24,40,12,42,8,44,4,39,47,34,4,48,24,52,12,54,10,56,8,50,59,60,24,62,28,64,34,66,12,68,8,70,4,72,2,75
e9dda2d0dc609268 0 0 1638662,12,10,14,8,16,6,14,6,18,20,10,14,6,4,26,2,3,28,10,8,32,2,24,22,36,12,38,10,40,4,42,2,35,44,30,4,46,22,50,12,52,2,49,55,56,24,58,46,60,2,63
8387c42ac888da80 0 0 1835270,12,10,14,8,16,6,14,6,18,20,10,14,6,4,26,2,3,28,10,8,32,2,24,22,36,12,38,10,40,4,42,2,35,44,30,4,46,22,50,12,52,2,49,55,56,24,58,30,60,46,62,6,64,4,66,2,69
776b2986f7be9a60 0 0 1573126,8,6,14,4,4,16,12,10,20,8,22,4,24,2,20,2,27,28,10,4,8,4,34,2,33,36,30,18,40,10,3,43,38,12,44,18,48,2,46,51,52,30,54,38,56,8,58,2,60
9e691b28b0e256c0 0 0 2031878,10,6,14,4,16,2,4,2,19,21,12,8,24,4,26,2,12,10,30,8,28,32,10,8,36,2,10,2,38,41,34,22,44,10,46,8,48,4,5,51,42,12,52,22,56,4,54,59,60,22,62,34,64,42,66,10,68,6,70,4,72,2,75
b6fa845a8708e0a8 0 0 1638662,8,2,12,6,16,4,18,2,14,20,12,4,12,10,26,4,28,2,25,30,6,4,3,34,10,8,38,2,32,22,42,12,44,2,40,46,36,4,48,22,52,10,50,54,56,22,58,32,60,10,62
a3dc4dbaf5cc7ec0 0 0 1835270,8,2,12,6,16,4,18,2,14,20,12,4,12,10,26,4,28,2,25,30,6,4,3,34,10,8,38,2,32,22,42,12,44,2,40,46,36,4,48,22,52,10,50,54,56,22,58,32,60,36,62,10,64,6,66,4,68
10d4080090d448c0 0 0 1704198,10,8,14,6,16,4,4,18,14,4,22,2,12,10,26,4,24,28,9,11,4,2,30,20,36,8,34,39,32,12,42,10,44,8,40,20,48,10,50,8,52,2,47,54,56,30,58,32,60,8,62,4,65
33212c5cd25a8c00 0 0 1638662,8,2,12,10,16,6,14,18,16,4,22,2,16,25,10,6,28,4,3,30,8,4,34,2,26,20,38,12,40,4,36,42,32,10,46,4,48,2,44,20,52,4,51,54,56,26,58,44,60,4,62
6573dd5e662688c8 0 0 1704198,8,2,12,10,16,6,14,18,16,4,22,2,16,25,10,6,28,4,3,30,8,4,34,2,26,20,38,12,40,4,36,42,32,10,46,4,48,2,44,20,52,4,51,54,56,20,58,26,60,44,62,4,64
b378ce1c3beea208 0 0 2294022,12,8,14,4,16,2,8,18,14,6,22,4,12,10,26,8,28,6,30,2,24,32,10,6,36,2,3,39,10,8,42,4,34,20,46,12,48,10,50,8,52,6,54,4,45,57,40,10,60,2,58,20,64,10,66,4,62,69,70,40,72,58,74,8,76,6,78,4,80,2,82
04b4ca56b990aaa0 0 0 1769734,8,2,12,10,16,6,14,18,16,4,22,2,16,25,10,6,28,4,3,30,8,4,34,2,26,20,38,12,40,4,36,42,32,10,46,4,48,2,44,20,52,4,51,54,56,26,58,32,60,44,62,10,64,6,66
24f542c04c400820 0 0 1835270,8,2,12,10,16,6,14,18,16,4,22,2,16,25,10,6,28,4,3,30,8,4,34,2,26,20,38,12,40,4,36,42,32,10,46,4,48,2,44,20,52,4,51,54,56,20,58,26,60,32,62,44,64,10,66,6,68
6a136f74b1c26688 0 0 1835270,4,2,12,10,16,6,14,18,6,4,9,22,10,8,26,6,28,2,28,4,32,2,31,35,24,20,38,12,40,8,42,2,2,45,36,12,48,10,46,20,52,10,54,2,50,56,58,20,60,24,62,10,64,6,66,4,68
de6e1656b9764228 0 0 1835270,4,2,12,10,16,6,14,18,6,4,9,22,10,8,26,6,28,2,28,4,32,2,31,35,24,20,38,12,40,8,42,2,2,45,36,12,48,10,46,20,52,10,54,2,50,56,58,20,60,24,62,36,64,8,66,2,69
cd253fa0b6e6f0a0 0 0 2031878,4,2,12,10,16,6,14,19,6,4,8,2,22,24,10,8,28,6,30,4,32,2,30,2,35,37,26,20,40,12,42,8,44,4,46,2,2,48,38,12,52,10,50,20,56,10,58,4,55,61,62,26,64,50,66,12,68,8,70,6,72,4,74
e4dc6f6c7e4c3a00 0 0 2031878,4,2,12,10,16,6,14,19,6,4,8,2,22,24,10,8,28,6,30,4,32,2,30,2,35,37,26,20,40,12,42,8,44,4,46,2,2,48,38,12,52,10,50,20,56,10,58,4,55,61,62,26,64,38,66,50,68,12,70,10,72,2,75
ff8b287e90de0ce8 0 0 2031878,12,8,14,6,16,4,12,6,20,4,18,22,8,6,26,2,4,28,10,4,10,8,34,4,36,2,32,38,30,24,42,12,44,10,46,6,2,48,40,12,52,8,54,6,56,2,50,24,60,10,62,6,58,64,66,24,68,30,70,10,72,6,74
be7fb55e96469268 0 0 2097414,12,8,14,6,16,4,12,6,20,4,18,22,8,6,26,2,4,28,10,4,10,8,34,4,36,2,32,38,30,24,42,12,44,10,46,6,2,48,40,12,52,8,54,6,56,2,50,24,60,10,62,6,58,64,66,24,68,30,70,40,72,6,74,4,76
fea84040dea86040 0 0 1835270,10,8,8,4,14,17,4,2,12,6,20,22,8,6,26,2,27,28,24,18,32,6,34,4,36,2,5,39,30,8,40,18,44,12,46,8,48,4,50,2,42,53,54,18,56,24,58,40,60,8,62,6,64,4,66,2,69
fd548080dd54a080 0 0 1638662,8,4,10,15,4,2,12,8,20,6,22,2,18,25,8,6,28,4,30,2,30,33,26,16,36,6,5,39,34,8,40,16,44,12,46,2,42,48,50,16,52,26,54,34,56,40,58,8,60,6,63
03d69b4cf58a0820 0 0 2359558,10,8,14,6,16,4,12,10,20,6,22,4,24,2,19,26,6,4,30,2,12,4,34,2,33,36,16,2,4,40,38,28,44,12,46,8,48,4,30,50,42,12,54,8,56,6,58,4,60,2,52,28,64,12,66,6,68,4,63,71,72,28,74,38,76,12,78,8,80,6,82,4,85
2646657261b06648 0 0 2425094,10,8,14,6,16,4,12,10,20,6,22,4,24,2,19,26,6,4,30,2,12,4,34,2,33,36,16,2,4,40,38,28,44,12,46,8,48,4,30,50,42,12,54,8,56,6,58,4,60,2,52,28,64,12,66,6,68,4,63,71,72,28,74,38,76,42,78,12,80,8,82,6,84,4,87
f0491a602c30d660 0 0 2359558,10,8,14,6,16,4,12,10,20,6,22,4,24,2,19,27,6,4,30,2,12,4,33,34,16,2,4,38,36,28,42,12,44,10,46,6,48,2,30,51,40,12,54,8,56,6,58,4,60,2,52,28,64,12,66,10,68,8,62,71,72,36,74,52,76,12,78,6,80,4,82,2,84
19e10f5247fcf440 0 0 2425094,10,8,14,6,16,4,12,10,20,6,22,4,24,2,19,27,6,4,30,2,12,4,33,34,16,2,4,38,36,28,42,12,44,10,46,6,48,2,30,51,40,12,54,8,56,6,58,4,60,2,52,28,64,12,66,10,68,8,62,71,72,36,74,40,76,52,78,12,80,6,82,4,84,2,86
3911ad64422e6268 0 0 2294022,12,8,14,2,12,10,18,2,17,21,12,4,2,24,10,8,28,6,30,2,4,32,6,4,26,22,38,12,40,10,42,4,44,2,36,47,34,12,50,8,52,6,54,4,56,2,48,22,60,12,62,10,64,8,66,6,68,4,59,70,72,22,74,26,76,10,78,6,80,4,82
1a2ea95a5290b8e8 0 0 2359558,12,8,14,2,12,10,18,2,17,21,12,4,2,24,10,8,28,6,30,2,4,32,6,4,26,22,38,12,40,10,42,4,44,2,36,47,34,12,50,8,52,6,54,4,56,2,48,22,60,12,62,10,64,8,66,6,68,4,59,70,72,22,74,26,76,34,78,10,80,6,82,4,84
e22a486ac0ea00c0 0 0 1966342,8,6,6,2,14,17,12,10,20,4,4,22,10,6,26,4,28,2,27,30,24,18,34,10,36,2,3,38,32,12,42,10,44,6,40,18,48,12,50,6,52,4,54,2,46,56,58,24,60,32,62,40,64,12,66,8,68,6,70,4,72
d6d460a6d4d66268 0 0 1966342,12,10,14,8,4,16,12,6,20,4,8,4,22,24,6,2,8,6,30,4,28,32,4,2,26,18,38,6,40,4,42,2,36,44,34,12,48,8,50,6,52,4,54,2,46,18,58,12,60,4,56,62,64,18,66,26,68,46,70,12,72
3b2ec3d2e4c246a8 0 0 2359558,12,10,14,8,4,16,12,4,20,2,8,6,24,4,26,2,23,29,6,2,8,4,34,2,32,37,4,2,30,18,42,6,44,4,46,2,40,48,38,12,52,8,54,6,56,4,58,2,50,18,62,12,64,6,66,4,68,2,60,71,72,30,74,38,76,50,78,12,80,4,82,2,85
791ef59a1ae85aa0 0 0 1900806,8,6,14,4,4,2,16,19,12,10,22,8,24,4,22,27,10,8,10,4,32,2,31,35,28,20,38,10,40,8,42,4,44,2,3,46,36,12,50,10,52,8,48,20,56,10,58,8,60,2,55,62,64,28,66,4,68,2,70
2287a57858828a28 0 0 2097414,10,6,14,4,4,2,16,19,12,8,22,4,24,2,12,10,28,8,30,2,26,33,10,8,9,37,34,20,40,10,42,8,44,4,46,2,5,48,38,12,52,10,54,8,50,20,58,10,60,8,62,4,57,64,66,20,68,34,70,10,72,6,74,4,76
715e354a5b8c1068 0 0 2031878,8,6,14,4,4,2,16,19,12,10,22,8,22,24,10,8,28,4,10,4,32,2,30,35,26,20,38,10,40,8,42,2,3,45,36,12,48,10,50,8,52,4,46,20,56,10,58,8,60,4,62,2,54,65,66,26,68,36,70,8,72,4,74
75bb8c06f222b060 0 0 2162950,10,6,14,4,4,2,16,19,12,8,22,4,24,2,12,10,28,8,30,2,26,33,10,8,9,37,34,20,40,10,42,8,44,4,46,2,5,48,38,12,52,10,54,8,50,20,58,10,60,8,62,4,57,64,66,20,68,34,70,38,72,8,74,6,76,4,79
500ec1aea54a9e40 0 0 2097414,10,6,14,4,2,16,12,10,20,8,22,4,24,2,12,8,28,2,26,31,10,8,34,4,8,4,37,39,32,18,42,10,44,8,46,4,48,2,5,51,40,12,54,8,56,4,52,18,60,10,62,8,58,64,66,32,68,52,70,12,72,8,74,4,76
e02ae64c48e62880 0 0 1442054,12,8,14,2,14,17,12,10,20,8,3,22,4,6,24,18,28,12,30,10,32,8,34,4,36,2,8,39,40,18,42,6,44,4,26,46,48,24,50,40,52,12,54,10,56
b1277c80aede50e0 0 0 1310982,12,8,14,6,14,17,12,10,20,2,2,22,8,6,26,4,28,2,8,31,24,18,4,34,32,12,36,18,40,4,42,2,38,44,46,18,48,24,50,2,52
ba8d107815d8ba88 0 0 1442054,10,8,14,4,10,4,18,2,16,20,12,6,12,24,14,2,14,28,6,2,26,22,32,34,30,4,38,2,36,22,42,8,40,44,46,26,48,30,50,36,52,12,54,4,56
67733966b206a0a0 0 0 1835270,12,6,14,4,16,2,6,4,20,2,18,23,12,10,26,2,26,29,8,4,8,6,34,4,32,36,30,24,4,40,38,12,44,8,46,6,48,2,42,24,52,12,54,6,50,57,58,24,60,30,62,38,64,8,66,2,68
48082a2a46ac42e8 0 0 2031878,8,6,14,2,4,16,12,10,20,8,20,22,10,8,26,4,10,4,30,2,29,32,24,18,36,10,38,8,3,41,34,12,44,10,46,4,48,2,42,18,52,10,54,8,56,4,58,2,51,60,62,24,64,34,66,42,68,12,70,8,72,4,74
506b00fc6fc84828 0 0 1900806,8,2,12,6,16,4,18,2,14,20,12,4,12,10,26,4,28,2,25,30,6,4,34,2,34,37,10,8,40,2,32,22,44,12,46,2,42,48,38,6,50,22,54,10,56,6,58,4,52,60,62,22,64,32,66,10,68,6,70
2ff0cf2c0656e620 0 0 1966342,8,2,12,6,16,4,18,2,14,20,12,4,12,10,26,4,28,2,25,30,6,4,34,2,34,37,10,8,40,2,32,22,44,12,46,2,42,48,38,6,50,22,54,10,56,6,58,4,52,60,62,22,64,32,66,38,68,10,70,6,72
2cc76a74cf4e5c28 0 0 1704198,8,2,12,10,16,6,14,18,16,4,22,2,16,25,10,6,28,4,30,2,30,33,8,4,36,2,26,20,40,12,42,4,38,44,34,6,48,2,46,20,52,10,54,6,51,56,58,26,60,46,62,10,64
b5e1821ae27a56a8 0 0 2162950,8,2,12,10,16,8,18,6,20,4,22,2,14,24,18,4,18,2,28,31,10,6,34,2,34,37,8,4,40,2,32,26,44,12,46,8,48,4,42,51,38,6,52,26,56,10,58,6,60,4,62,2,55,65,66,32,68,38,70,52,72,10,74,8,76,6,79
e9340ba46a3000a0 0 0 1835270,12,10,14,2,2,16,12,8,20,6,22,4,12,6,26,4,28,2,24,30,6,2,8,6,36,4,38,2,35,40,32,18,44,6,5,47,42,12,50,6,52,2,48,18,56,6,58,4,55,60,62,18,64,32,66,8,69
6dce30e4e9023c28 0 0 1835270,12,10,14,4,2,16,12,8,20,2,12,4,22,24,8,6,6,29,26,18,32,8,34,6,36,2,5,39,30,12,40,18,44,8,46,6,48,4,50,2,43,52,54,26,56,40,58,12,60,8,62,6,64,4,66,2,68
53ec02e8d3ec4ee8 0 0 1900806,12,10,14,4,2,16,12,8,20,2,12,4,22,24,8,6,6,29,26,18,32,8,34,6,36,2,5,39,30,12,40,18,44,8,46,6,48,4,50,2,43,52,54,18,56,26,58,40,60,12,62,8,64,6,66,4,68,2,70
faea14241426fae8 0 0 1442054,6,4,10,8,14,16,12,6,2,20,8,2,6,24,6,2,22,18,30,10,32,8,34,6,36,4,28,38,26,4,40,18,44,10,46,4,48,2,42,50,52,22,54,4,56
d5280a228a8888a0 0 0 1769734,10,8,14,6,16,4,2,18,14,4,22,2,12,8,26,2,24,28,9,11,4,2,30,20,36,10,34,39,32,12,42,10,44,8,40,20,48,10,50,8,52,4,47,54,56,20,58,30,60,32,62,10,64,2,67
bffae2a895fa62a8 0 0 1900806,12,10,14,6,16,4,2,18,8,6,22,2,12,4,26,2,25,29,8,2,6,4,33,34,4,2,30,20,40,8,42,2,38,45,36,12,48,8,50,4,52,2,46,20,56,8,58,6,54,61,62,30,64,8,66,6,68,4,71
e2b7e600f32eaec0 0 0 1704198,12,10,14,6,16,4,2,18,8,6,12,4,24,2,22,27,6,4,8,30,4,2,28,20,36,8,34,38,32,12,42,8,44,4,40,20,48,8,50,6,52,2,47,54,56,20,58,28,60,8,62,2,64
672bc8e86a66e888 0 0 2031878,12,10,14,6,16,4,2,18,8,6,22,4,12,6,24,27,8,4,6,4,30,32,4,2,28,20,38,8,40,4,36,42,34,12,46,8,48,6,50,4,52,2,44,20,56,8,58,6,60,4,62,2,55,64,66,28,68,34,70,8,72,4,74
ba1111fa45fa2828 0 0 1769734,12,10,14,6,16,4,2,18,8,6,12,4,24,2,22,27,6,4,8,30,4,2,28,20,36,8,34,38,32,12,42,8,44,4,40,20,48,8,50,6,52,2,47,54,56,20,58,28,60,32,62,8,64,2,66
68726cbe28a4e068 0 0 1900806,12,10,14,6,16,4,2,18,8,6,22,4,24,2,12,6,28,4,27,31,6,4,34,2,8,4,36,39,4,2,32,20,44,6,46,4,48,2,42,50,40,12,52,20,56,8,58,6,60,4,55,63,64,32,66,52,68,2,70
11cec93011ec9c48 0 0 2162950,12,10,14,6,16,4,2,18,8,6,22,4,12,6,26,4,24,29,6,4,32,2,8,4,36,2,34,38,4,2,30,20,44,6,46,4,48,2,42,50,40,12,52,20,56,8,58,6,60,4,62,2,55,64,66,20,68,30,70,52,72,6,74,4,76,2,78
9c80a0a063a2aa88 0 0 2097414,12,10,14,6,16,2,2,18,8,6,12,2,22,25,6,4,28,2,8,2,30,32,4,2,26,20,38,6,40,4,42,2,36,44,34,12,48,6,50,4,52,2,46,20,56,8,58,6,60,2,55,62,64,26,66,34,68,46,70,6,72,4,74,2,76
5fcf6a6aa4522e48 0 0 1507590,10,4,4,14,12,8,18,4,6,4,22,2,20,24,8,6,28,2,28,30,26,16,34,8,36,6,22,38,32,8,42,2,40,16,46,12,48,8,44,50,52,16,54,6,56,4,58
f9006404f292a8c8 0 0 1900806,10,8,4,2,14,17,12,8,20,6,22,4,24,2,6,2,26,29,8,6,32,4,34,2,35,37,30,18,40,8,42,6,44,4,7,47,38,8,48,18,52,12,54,8,56,6,51,59,60,48,62,12,64,10,66,8,68,6,71
82c6a662c60acc80 0 0 2031878,12,10,14,4,2,16,12,8,20,6,12,6,24,2,22,26,8,6,30,4,6,33,28,18,36,8,38,6,40,4,42,2,5,45,34,12,48,6,50,4,52,2,46,18,56,8,58,6,60,2,55,62,64,28,66,34,68,46,70,12,72,8,74
6b21fed6df8e2020 0 0 2228486,12,10,14,4,2,16,12,8,20,6,22,2,12,6,26,2,25,28,8,6,32,4,34,2,6,36,30,18,40,8,42,6,44,4,5,46,38,12,50,6,52,4,54,2,48,18,58,8,60,6,57,63,64,18,66,30,68,38,70,48,72,12,74,8,76,4,78,2,81
00f402ca857eece8 0 0 1966342,12,10,14,6,16,4,16,19,14,2,14,8,24,2,23,27,10,6,30,2,30,33,8,4,36,2,28,20,40,12,42,2,38,45,34,6,46,20,50,10,52,8,54,6,48,56,58,20,60,28,62,12,64,10,66,8,68,6,70,2,73
63384afefb0ad200 0 0 2490630,12,10,14,8,16,6,18,2,18,4,22,2,21,24,16,4,28,2,14,4,32,2,31,35,10,6,38,4,40,2,40,43,8,4,46,2,36,26,50,12,52,8,54,2,48,56,44,6,60,2,58,26,64,10,66,8,68,6,70,4,72,2,62,75,76,26,78,36,80,44,82,12,84,10,86,8,89
58f87b58621aa068 0 0 2294022,12,8,14,6,16,4,12,10,20,8,22,6,24,4,19,26,22,4,30,2,20,4,34,2,32,36,6,4,40,2,40,43,10,8,46,2,38,28,50,12,52,10,54,8,48,56,44,6,58,28,62,8,64,6,66,4,68,2,61,71,72,38,74,58,76,12,78,8,80,6,83
0169d7269fa2c6c8 0 0 2359558,12,8,14,6,16,4,12,10,20,8,22,6,24,4,19,26,22,4,30,2,20,4,34,2,32,36,6,4,40,2,40,43,10,8,46,2,38,28,50,12,52,10,54,8,48,56,44,6,58,28,62,8,64,6,66,4,68,2,61,71,72,38,74,44,76,58,78,12,80,8,82,6,85
26b3b15cc8ece4c0 0 0 1704198,12,10,14,2,11,17,14,6,20,2,8,22,10,6,26,4,28,2,3,31,10,8,34,2,24,18,38,12,36,41,32,10,44,4,42,18,48,12,50,8,52,4,47,55,56,18,58,12,60,10,62,2,65
2bbf5d4c54c04400 0 0 1769734,10,2,12,10,14,16,16,6,8,21,10,6,24,4,26,2,3,29,10,8,22,18,34,12,33,37,30,10,40,4,38,18,44,12,46,8,48,4,50,2,43,52,54,22,56,30,58,10,60,8,62,4,64,2,67
6693713637be64a0 0 0 2031878,12,10,14,8,11,16,16,6,20,2,8,23,10,6,26,4,28,2,3,30,10,8,34,2,24,18,38,12,40,8,42,2,36,44,32,10,48,4,50,2,46,18,54,12,56,4,52,59,60,18,62,24,64,32,66,12,68,10,70,8,72,4,74
79171ca054b246a0 0 0 1966342,12,2,11,14,12,6,8,18,10,6,22,4,24,2,3,26,10,8,30,2,20,16,34,12,36,10,32,38,28,10,42,4,44,2,40,16,48,12,50,10,52,8,54,4,56,2,47,58,60,20,62,40,64,10,66,8,68,4,70,2,72
c4f3b39a2f5cdac0 0 0 2162950,12,8,14,6,16,4,12,10,20,8,22,6,24,4,18,26,20,4,7,30,8,6,34,4,36,2,3,39,10,6,42,2,32,28,46,10,48,2,44,51,40,4,52,28,56,12,58,10,60,8,62,2,54,64,66,28,68,32,70,10,72,8,74,6,76,4,78
1fb018c06350e4a0 0 0 2162950,12,8,14,6,16,4,12,10,20,8,22,6,24,4,18,26,20,4,7,30,8,6,34,4,3,36,10,6,40,2,32,28,44,10,46,2,42,49,38,4,52,2,50,28,56,12,58,10,60,8,55,63,64,28,66,32,68,38,70,10,72,8,74,6,76,2,79
90965944e954cee0 0 0 2031878,12,10,14,6,16,4,18,2,12,6,22,4,24,2,21,27,12,4,9,31,6,4,34,2,3,37,10,8,40,2,32,28,44,10,46,2,42,49,38,4,52,2,50,28,56,12,58,8,60,6,62,2,54,65,66,32,68,50,70,12,72,10,75
7f00058ad184c268 0 0 2031878,12,10,14,6,16,4,18,2,12,6,22,4,24,2,21,27,12,4,9,31,6,4,3,34,10,8,38,2,32,28,42,10,44,2,40,47,36,4,48,28,52,12,54,8,56,6,51,58,60,32,62,36,64,48,66,12,68,10,70,4,72,2,74
ed8c43442c42c260 0 0 1704198,4,2,12,10,16,6,18,2,14,20,6,2,8,4,25,27,4,11,28,22,32,12,34,6,36,4,2,39,30,12,42,4,40,22,46,8,48,6,50,2,44,52,54,22,56,28,58,8,60,6,62,4,65
edf80500d4206c88 0 0 1638662,4,2,12,10,16,6,14,18,8,4,6,23,4,11,24,20,28,12,30,6,32,4,34,2,2,37,26,12,40,4,38,20,44,8,46,6,43,49,50,24,52,26,54,38,56,12,58,8,60,4,63
746525da9b4ae020 0 0 2097414,12,10,14,8,16,4,16,6,20,4,22,2,18,24,10,4,5,29,10,8,32,6,34,4,6,36,30,26,40,10,42,8,44,4,46,2,2,48,38,12,52,10,54,6,56,4,58,2,50,26,62,10,64,6,61,66,68,26,70,30,72,12,74,6,77
d3f9f6e08bf41e08 0 0 2228486,12,10,14,8,16,6,18,4,20,2,16,4,22,24,10,4,28,2,5,30,10,8,34,6,36,4,6,39,32,26,42,10,44,8,46,4,48,2,2,51,40,12,54,10,56,4,58,2,52,26,62,10,64,6,66,2,61,69,70,26,72,32,74,40,76,10,78,6,81
ccd92f06ef36ea00 0 0 2228486,12,10,14,8,16,4,18,2,16,6,22,4,20,24,10,4,28,2,4,2,30,32,10,8,36,6,38,4,6,40,34,26,44,10,46,8,48,4,50,2,2,52,42,12,56,10,58,6,60,4,62,2,54,26,66,10,68,6,64,70,72,34,74,54,76,12,78,2,80
ebb908662f282648 0 0 2228486,12,10,14,8,16,6,18,4,16,4,22,2,20,24,10,4,4,2,29,30,10,8,34,6,36,4,6,39,32,26,42,10,44,8,46,4,48,2,2,51,40,12,54,10,56,4,58,2,52,26,62,10,64,6,66,2,60,69,70,32,72,40,74,52,76,10,78,2,80
cbc86cc627e2cca0 0 0 1900806,10,2,12,10,16,6,18,2,14,20,6,2,12,8,25,27,4,11,28,22,32,12,34,6,36,4,6,38,30,12,42,4,40,22,46,12,48,10,50,8,52,6,54,2,44,57,58,22,60,28,62,12,64,10,66,8,68,6,71
0e5f51787038f408 0 0 2031878,10,2,12,10,16,6,18,2,14,20,6,2,12,8,25,27,4,11,28,22,32,12,34,6,36,4,6,38,30,12,42,4,40,22,46,12,48,10,50,8,52,6,54,2,44,57,58,22,60,28,62,30,64,12,66,10,68,8,70,6,72,4,75
99942c643e5ae460 0 0 2162950,10,8,14,6,12,10,18,6,20,2,16,22,6,4,26,2,12,6,29,30,16,4,34,2,16,2,37,39,32,24,42,12,44,10,46,6,48,4,26,51,40,12,54,10,52,24,58,12,60,10,62,8,64,6,66,4,57,68,70,32,72,52,74,8,76,4,78
26daa3146e266ce8 0 0 2294022,10,8,14,6,12,10,18,6,20,2,16,22,6,4,26,2,12,6,29,30,16,4,34,2,16,2,37,39,32,24,42,12,44,10,46,6,48,4,26,51,40,12,54,10,52,24,58,12,60,10,62,8,64,6,66,4,57,68,70,32,72,40,74,52,76,10,78,6,80,2,83
440136c801cebcc8 0 0 2097414,12,6,14,2,12,10,18,8,16,21,10,2,18,4,26,2,25,29,10,8,32,6,6,34,30,22,38,10,40,8,42,2,10,45,36,12,48,10,50,2,46,22,54,12,56,10,58,8,60,6,62,4,52,64,66,22,68,30,70,6,72,4,74,2,77
7da7518475368aa0 0 0 2294022,12,6,14,2,12,10,18,8,20,4,16,22,10,4,26,2,18,2,28,30,10,8,34,6,36,4,6,39,32,24,42,10,44,8,46,4,48,2,27,50,40,12,54,10,56,4,58,2,52,24,62,12,64,10,66,8,68,6,61,71,72,24,74,32,76,40,78,6,80,4,83
a90c045432dc2cc8 0 0 2228486,12,6,14,2,12,10,18,8,20,4,17,23,10,4,26,2,18,28,10,8,32,4,32,6,36,4,35,39,30,24,42,6,44,2,27,47,40,12,50,8,52,6,54,2,48,24,58,12,60,10,62,8,64,6,66,2,57,69,70,30,72,48,74,10,76,8,78,4,80
deb4835a51a46620 0 0 2228486,12,6,14,2,12,10,18,8,20,6,22,4,17,24,10,4,28,2,18,30,10,8,34,6,36,4,34,4,38,40,32,26,44,6,46,2,29,49,42,12,52,8,54,2,50,26,58,12,60,10,62,8,64,2,56,66,68,32,70,42,72,50,74,10,76,6,78,4,81
b9af3ff08b38a868 0 0 1769734,12,10,11,14,14,6,8,19,6,4,3,23,10,8,26,2,20,16,30,12,32,6,34,4,28,36,24,4,40,2,38,16,44,12,46,10,48,8,50,6,52,2,43,54,56,16,58,20,60,12,62,8,64,6,66
df218fa2f2e204c8 0 0 1900806,12,10,11,14,14,6,8,19,6,4,3,23,10,8,26,2,20,16,30,12,32,6,34,4,28,36,24,4,40,2,38,16,44,12,46,10,48,8,50,6,52,2,43,54,56,16,58,20,60,24,62,12,64,8,66,4,68,2,71
3a94d3a81578fc88 0 0 1835270,12,8,14,2,11,16,14,6,20,2,8,22,6,4,3,27,10,8,30,2,24,18,34,12,36,10,38,8,40,6,42,4,44,2,32,46,28,4,50,2,48,18,54,12,56,6,52,59,60,24,62,48,64,6,66,2,69
0e5bdd3c6c6656e8 0 0 1835270,12,8,14,2,11,16,14,6,20,2,8,22,6,4,3,27,10,8,30,2,24,18,34,12,36,10,38,8,40,6,42,4,44,2,32,46,28,4,50,2,48,18,54,12,56,6,52,59,60,24,62,28,64,48,66,4,68
286bd664e3c6dea0 0 0 2425094,12,8,14,6,16,4,18,2,3,21,12,10,24,2,10,6,28,4,26,30,10,4,11,35,6,2,32,22,40,12,42,10,44,8,46,6,48,4,38,51,36,12,54,10,56,4,52,22,60,12,62,10,64,6,66,2,59,69,70,22,72,32,74,12,76,10,78,8,80,6,82,4,84,2,87
8e3bd00c5444ecc0 0 0 2359558,12,8,14,6,16,4,18,2,3,21,12,10,24,2,10,6,28,4,26,30,10,4,11,35,6,2,32,22,40,12,42,10,44,8,46,6,48,4,38,51,36,12,54,10,56,4,52,22,60,12,62,10,64,6,66,2,59,69,70,22,72,32,74,36,76,12,78,8,80,6,82,2,84
7f592bc63c8c6820 0 0 2294022,12,10,14,8,16,2,16,4,19,20,16,6,24,4,26,2,8,2,29,31,10,6,3,34,8,4,38,2,32,22,42,10,44,6,46,4,48,2,41,51,36,10,52,22,56,12,58,10,60,6,62,4,64,2,54,67,68,22,70,32,72,12,74,10,76,8,78,6,80,2,83
35cdd6c47a285a48 0 0 2162950,12,10,14,4,16,2,14,19,14,6,8,2,23,25,10,6,28,4,30,2,3,33,8,4,36,2,26,20,40,10,42,6,39,44,34,10,48,4,46,20,52,12,54,10,56,8,58,6,51,61,62,20,64,26,66,34,68,12,70,8,72,6,74,4,76,2,78
2de4e3c46e341ca8 0 0 2228486,12,10,14,4,16,2,12,4,18,21,12,6,24,4,26,2,8,2,29,31,6,4,34,2,3,37,10,8,40,2,32,22,44,10,46,6,48,4,43,50,38,4,54,2,52,22,58,12,60,8,62,6,64,4,66,2,56,69,70,32,72,52,74,10,76,6,78,2,80
d6beee50b5668288 0 0 2228486,12,10,14,4,16,2,12,4,18,21,12,6,24,4,26,2,8,2,29,31,6,4,34,2,3,37,10,8,40,2,32,22,44,10,46,6,48,4,43,50,38,4,54,2,52,22,58,12,60,8,62,6,64,4,66,2,56,69,70,32,72,38,74,52,76,10,78,4,81
284bc49ea1689868 0 0 1769734,10,8,14,6,16,2,3,18,12,2,12,10,24,8,26,4,22,28,11,14,4,2,30,20,36,8,38,6,34,40,32,12,44,8,42,20,48,4,50,2,46,52,54,20,56,30,58,12,60,10,62,8,64,6,66
c942c388a3e87c08 0 0 1704198,10,8,14,6,3,16,12,8,20,2,12,10,24,4,22,27,10,15,4,2,28,18,34,8,36,6,38,2,32,41,30,12,42,18,46,4,48,2,44,50,52,18,54,28,56,30,58,10,60,6,62,2,64
44325d8aa22488a0 0 0 2294022,12,10,14,8,16,6,18,4,20,2,16,4,22,24,10,4,28,2,5,30,10,8,34,6,36,4,34,4,39,41,32,26,44,10,46,8,48,4,50,2,2,53,42,12,56,8,58,6,60,2,54,26,64,8,66,4,68,2,62,70,72,26,74,12,76,10,78,8,80,4,82
3109fe16c1e8cec8 0 0 2031878,12,10,14,8,16,4,16,6,20,4,22,2,18,24,10,4,5,29,10,8,32,6,34,4,32,4,36,38,30,26,42,10,44,8,46,4,48,2,2,50,40,12,54,8,56,2,52,26,60,8,62,4,59,64,66,26,68,30,70,12,72,8,75
9844e02697cc16a8 0 0 2228486,12,10,14,8,16,6,18,4,20,2,16,4,22,24,10,4,28,2,5,30,10,8,34,6,36,4,34,4,39,41,32,26,44,10,46,8,48,4,50,2,2,53,42,12,56,8,58,6,60,2,54,26,64,8,66,4,68,2,62,70,72,26,74,42,76,12,78,6,81
74f07920c7701a80 0 0 2162950,12,10,14,8,16,4,16,6,20,4,22,2,18,24,10,4,5,29,10,8,32,6,34,4,32,4,36,38,30,26,42,10,44,8,46,4,48,2,2,50,40,12,54,8,56,2,52,26,60,8,62,4,59,64,66,26,68,30,70,40,72,12,74,10,76,4,79
2557e218aad82228 0 0 2425094,12,10,14,8,16,6,18,4,20,2,16,4,23,25,10,4,28,2,4,2,30,32,10,8,36,4,36,6,40,4,39,43,34,26,46,10,48,8,50,6,52,4,54,2,2,57,44,12,60,8,62,6,64,2,58,26,68,8,70,6,72,4,67,75,76,34,78,58,80,12,82,10,84,4,86
e4cc457c3b46bc20 0 0 2097414,12,10,14,8,16,6,18,2,16,20,10,2,4,2,25,26,10,8,30,6,30,32,28,22,36,10,38,8,40,6,42,2,2,44,34,12,48,8,50,6,52,2,46,22,56,8,58,6,60,4,55,63,64,28,66,34,68,46,70,12,72,8,74,6,77
d8c23c301b2c5688 0 0 2294022,10,8,14,6,12,10,18,6,20,2,16,23,6,4,26,2,12,6,30,2,29,32,16,4,36,2,4,39,34,24,42,12,44,8,46,4,48,2,26,51,40,12,54,8,56,6,58,4,60,2,52,24,64,12,66,10,68,8,70,6,72,2,63,74,76,24,78,10,80,8,82
645f14d036028220 0 0 1966342,10,4,14,2,12,10,18,6,16,21,12,8,24,4,26,2,6,28,4,11,6,2,30,22,36,12,38,6,40,2,35,43,32,12,46,4,44,22,50,12,52,10,54,8,56,6,58,4,60,2,48,63,64,22,66,30,68,4,70,2,72
eb0edafc9d44ea00 0 0 1900806,10,2,12,10,16,6,18,4,15,20,12,8,24,4,26,2,6,28,10,4,4,32,6,2,30,22,38,12,40,6,42,2,37,45,34,12,48,4,46,22,52,12,54,10,56,8,58,6,60,2,50,62,64,22,66,34,68,6,70
d5bd4cc8a24ea8a8 0 0 1966342,10,4,14,2,12,10,18,6,16,21,12,8,24,4,26,2,6,28,4,11,6,2,30,22,36,12,38,6,40,2,35,43,32,12,46,4,44,22,50,12,52,10,54,8,56,6,58,4,60,2,48,63,64,22,66,30,68,32,70,2,72
1dfdcc5c210ea000 0 0 1900806,10,4,14,2,12,10,18,6,16,20,12,8,24,4,6,26,4,11,6,2,28,22,34,12,36,10,38,6,40,4,42,2,33,45,30,12,48,4,46,22,52,12,54,8,56,6,51,58,60,28,62,46,64,10,66,8,68,6,70
83de76063dd47cc0 0 0 2031878,10,4,14,2,12,10,18,6,16,20,12,8,24,4,6,26,4,11,6,2,28,22,34,12,36,10,38,6,40,4,42,2,33,45,30,12,48,4,46,22,52,12,54,8,56,6,51,58,60,28,62,30,64,46,66,10,68,8,70,6,72,4,74
0276583a68a4ba60 0 0 1966342,12,10,14,8,16,6,18,2,14,6,22,2,20,25,14,2,12,28,6,4,32,2,33,34,10,8,30,26,40,8,42,6,44,4,38,46,36,6,50,2,48,26,54,10,56,6,58,4,52,60,62,26,64,30,66,12,68,8,70,6,72
fd8ce70818f626c0 0 0 2097414,12,10,14,8,16,6,18,2,14,6,22,2,20,25,14,2,12,28,6,4,32,2,33,34,10,8,30,26,40,8,42,6,44,4,38,46,36,6,50,2,48,26,54,10,56,6,58,4,52,60,62,26,64,30,66,36,68,12,70,8,72,6,74,2,76
0dde23baa2d40808 0 0 2097414,12,6,14,2,12,8,18,6,20,2,16,23,18,2,12,10,28,8,27,31,6,4,34,2,35,36,10,8,32,24,42,8,44,6,46,4,40,48,38,6,52,2,50,24,56,10,58,6,60,4,55,62,64,32,66,50,68,12,70,8,72,4,74,2,77
bbe213c281d23ce8 0 0 2097414,12,6,14,2,12,8,18,6,20,2,16,23,18,2,12,10,28,8,27,31,6,4,34,2,35,36,10,8,32,24,42,8,44,6,46,4,40,48,38,6,52,2,50,24,56,10,58,6,60,4,55,62,64,32,66,38,68,50,70,12,72,8,74,4,77
7b6e3c36c3044860 0 0 1442054,10,4,4,2,14,17,12,8,20,4,22,2,23,24,6,9,26,18,30,12,32,4,34,2,3,37,28,12,40,6,38,18,44,6,46,2,42,49,50,26,52,12,54,2,56
8f5fb10c0bfc5ca0 0 0 1573126,10,4,4,2,14,17,12,8,20,4,22,2,23,24,6,9,26,18,30,12,32,4,34,2,3,37,28,12,40,6,38,18,44,6,46,2,42,49,50,26,52,28,54,12,56,6,58,2,60
0eac66ccae06a000 0 0 1638662,10,6,2,14,12,10,18,8,20,4,10,4,22,25,8,4,28,2,10,30,26,16,34,12,36,8,38,4,5,40,32,12,42,16,46,12,48,4,50,2,44,53,54,16,56,26,58,12,60,8,62
b3f53fa0fa4c1080 0 0 1966342,10,8,14,6,16,4,2,18,12,8,22,4,24,2,14,4,28,2,26,31,10,4,15,35,4,2,32,20,40,12,42,10,44,4,46,2,38,49,36,12,50,20,54,12,56,4,52,58,60,32,62,36,64,12,66,10,68,8,70,4,73
d5743930c9c2bce0 0 0 1638662,8,6,2,14,12,10,18,8,20,4,8,4,23,25,10,2,8,29,26,16,32,12,34,10,36,4,5,39,30,12,42,4,40,16,46,12,48,2,44,51,52,16,54,26,56,40,58,12,60,10,63
99bfb2c611685c88 0 0 1900806,8,6,14,4,16,2,2,18,12,10,22,8,24,4,8,4,27,29,10,2,8,33,30,20,36,12,38,10,40,4,5,43,34,12,46,4,44,20,50,12,52,2,48,55,56,30,58,34,60,44,62,12,64,10,66,8,68,2,71
626422befc723c28 0 0 2097414,12,10,14,6,16,2,2,18,12,6,22,4,24,2,8,4,26,28,8,2,6,4,33,34,30,20,38,12,40,8,42,6,44,4,5,47,36,12,50,8,52,2,48,20,56,12,58,8,60,4,62,2,55,64,66,20,68,30,70,12,72,8,74,6,77
733374c67b087ca8 0 0 2031878,12,10,14,2,2,16,12,4,20,2,8,6,24,4,22,26,6,4,30,2,24,33,4,2,28,18,38,12,40,8,42,6,44,4,46,2,36,48,34,12,52,8,54,2,50,18,58,12,60,8,62,4,57,65,66,18,68,28,70,34,72,12,75
e07f5c20eb569ec0 0 0 1900806,12,10,14,4,16,2,2,18,12,8,22,2,8,4,26,2,24,28,8,6,9,33,30,20,36,12,38,2,5,41,34,12,44,8,46,6,42,20,50,12,52,8,54,6,56,4,48,59,60,30,62,42,64,12,66,6,68,4,71
5a04d826848a2e20 0 0 1966342,12,10,14,4,16,2,2,18,12,8,22,2,8,4,26,2,24,28,8,6,9,33,30,20,36,12,38,2,5,41,34,12,44,8,46,6,42,20,50,12,52,8,54,6,56,4,48,59,60,30,62,34,64,42,66,12,68,8,70,4,72
8edb860695e840e8 0 0 2162950,12,4,6,4,14,16,12,10,20,6,22,4,12,8,24,26,10,8,30,6,32,4,34,2,4,2,36,39,16,2,28,18,44,12,46,8,48,2,42,50,40,12,54,8,56,6,52,18,60,10,62,8,64,6,66,2,59,69,70,28,72,10,74,8,76,6,79
a2708272dd00d828 0 0 1966342,12,8,14,2,6,16,12,6,20,4,12,10,24,2,22,26,10,6,30,4,6,4,34,2,32,37,6,2,28,18,42,12,44,10,40,46,38,12,50,10,52,4,54,2,48,18,58,10,57,61,62,18,64,28,66,10,68,4,70,2,73
57aab75ca998d008 0 0 1638662,10,6,2,14,12,8,18,4,20,2,10,22,10,8,26,2,10,4,30,2,28,32,4,2,24,16,38,12,40,10,42,4,36,44,34,12,46,16,50,12,52,8,48,54,56,16,58,24,60,12,62
f1de0b8e1dfc90e8 0 0 1900806,10,8,14,6,16,4,2,18,12,8,22,4,24,2,15,26,10,2,14,4,32,2,31,35,4,2,28,20,40,12,42,10,44,8,46,4,38,49,36,12,50,20,54,12,56,8,52,58,60,28,62,36,64,12,66,10,68,8,71
655a40dabb881e88 0 0 1835270,10,6,14,4,16,2,2,18,12,8,22,4,10,25,10,8,28,2,10,4,30,33,26,20,36,12,38,10,40,4,42,2,5,45,34,12,46,20,50,12,52,8,48,54,56,20,58,26,60,34,62,12,64,10,66,8,68
3431fa0a2bee3000 0 0 1769734,12,10,14,2,2,16,12,8,8,6,22,2,20,25,22,4,6,28,26,18,32,12,34,8,36,6,5,38,30,12,42,4,44,2,40,18,48,12,50,8,52,4,54,2,46,57,58,18,60,26,62,12,64,2,66
e866e828666888c8 0 0 1966342,12,10,14,6,2,16,12,8,20,2,8,22,8,6,26,4,28,2,8,4,32,2,31,35,24,18,38,12,40,6,42,4,5,45,36,12,48,8,50,6,46,18,54,12,56,8,58,4,52,61,62,18,64,24,66,46,68,12,70,4,73
53dcebe43c1c8828 0 0 1704198,10,4,4,2,14,17,12,8,20,6,22,4,24,2,20,4,27,28,8,4,32,2,6,34,30,18,38,12,40,6,3,43,36,12,46,4,48,2,44,18,52,2,50,55,56,18,58,30,60,12,62,10,64
3ca6e20c1c8684c0 0 0 1769734,10,2,4,14,12,8,18,4,18,6,22,4,24,2,20,27,8,6,30,4,32,2,6,35,28,16,38,12,40,6,42,2,3,45,36,12,48,4,50,2,46,16,54,2,53,57,58,28,60,46,62,12,64,2,67
c33e2c48b6782c48 0 0 1900806,12,10,14,6,16,4,18,2,4,20,12,2,12,8,26,4,24,28,6,4,8,4,32,34,4,2,30,22,40,12,42,6,44,4,46,2,38,48,36,12,52,8,54,6,56,4,58,2,50,22,62,2,60,64,66,50,68,2,70
2d01cf9ac0580088 0 0 1769734,12,10,14,6,4,16,12,6,20,4,12,8,24,6,26,4,28,2,22,30,6,4,8,34,4,2,32,18,40,12,38,42,36,12,46,8,48,4,44,18,52,2,50,54,56,32,58,44,60,12,62,6,64,4,66
d786f400c286b400 0 0 2031878,12,10,14,6,4,16,12,2,12,8,22,4,20,24,6,4,8,4,28,30,4,2,26,18,36,12,38,6,40,4,42,2,34,44,32,12,48,8,50,6,52,4,54,2,46,18,58,2,56,60,62,18,64,26,66,46,68,12,70,4,72,2,74
d9930dfc98cc58c0 0 0 1835270,12,10,14,6,4,16,12,6,20,4,12,8,24,6,26,4,28,2,22,30,6,4,8,34,4,2,32,18,40,12,38,42,36,12,46,8,48,4,44,18,52,2,50,54,56,32,58,36,60,44,62,12,64,6,66,4,68
8eae00acc80068e0 0 0 2031878,12,10,14,6,4,16,12,2,12,8,22,4,20,24,6,4,8,4,28,30,4,2,26,18,36,12,38,6,40,4,42,2,34,44,32,12,48,8,50,6,52,4,54,2,46,18,58,2,56,60,62,18,64,26,66,32,68,46,70,12,72,2,74
dec874c85ec83408 0 0 1966342,8,6,4,14,12,10,18,2,8,21,10,8,24,4,10,4,28,2,26,31,22,16,34,12,36,8,38,4,40,2,3,43,32,12,46,10,48,8,50,4,44,16,54,12,56,8,58,4,52,60,62,22,64,12,66,10,68,8,70,4,72
8050ca5a94d28e88 0 0 2097414,8,6,14,4,16,2,4,18,12,10,22,2,8,25,10,8,28,4,10,4,32,2,30,35,26,20,38,12,40,8,42,4,44,2,3,47,36,12,50,10,52,8,54,4,48,20,58,12,60,8,62,4,56,64,66,20,68,26,70,12,72,10,74,8,76
cc37235473eec628 0 0 2031878,8,6,4,14,12,10,18,8,20,2,8,22,10,4,10,8,28,4,30,2,27,32,24,16,36,12,38,8,40,4,42,2,3,45,34,12,48,10,50,4,46,16,54,12,56,8,58,4,53,60,62,24,64,34,66,12,68,10,70,8,72,4,75
e99869e8881888e8 0 0 2097414,8,6,4,14,12,10,18,4,20,2,8,22,10,8,26,4,10,2,28,30,4,2,24,16,36,12,38,8,40,2,34,42,32,12,46,10,48,8,50,4,44,16,54,12,56,8,58,4,52,60,62,16,64,24,66,32,68,12,70,10,72,8,74,4,76
084c8586ff22f268 0 0 1966342,10,6,14,4,16,2,4,18,12,8,22,2,10,24,8,4,28,2,10,8,32,4,31,34,26,20,38,12,40,4,3,43,36,12,46,10,48,8,50,4,44,20,54,12,56,4,58,2,53,60,62,26,64,44,66,8,68,4,70,2,72
bf5fee363f8a5220 0 0 1835270,8,6,4,14,12,10,18,2,8,20,10,4,24,2,10,8,28,4,27,30,22,16,34,12,36,4,3,39,32,12,42,10,44,8,46,4,40,16,50,12,52,4,54,2,49,56,58,16,60,22,62,40,64,10,66,2,68
94ecbd42bcbcb848 0 0 2031878,8,6,4,2,14,17,12,10,20,2,8,22,10,4,10,8,28,4,30,2,26,33,24,18,36,12,38,4,40,2,3,42,34,12,46,10,48,8,50,4,52,2,44,18,56,12,58,4,54,61,62,24,64,34,66,44,68,10,70,6,72,2,74
7ee6feeaa224aaa0 0 0 1966342,8,6,4,14,12,10,18,2,8,20,10,4,24,2,10,8,28,4,27,30,22,16,34,12,36,4,3,39,32,12,42,10,44,8,46,4,40,16,50,12,52,4,54,2,49,56,58,16,60,22,62,32,64,40,66,10,68,8,70,2,72
dff5b7880a206208 0 0 1835270,12,10,14,4,2,16,12,6,8,6,22,2,20,25,6,4,8,28,26,18,32,12,34,8,36,6,5,38,30,12,42,8,44,4,46,2,40,18,50,12,52,8,54,6,56,4,58,2,48,61,62,26,64,12,66,8,68
0f2d2d288282d008 0 0 1966342,12,10,14,2,2,16,12,6,8,6,22,2,20,25,6,4,8,28,26,18,32,12,34,8,36,6,5,38,30,12,42,8,44,4,46,2,40,18,50,12,52,8,54,6,56,4,58,2,48,61,62,18,64,26,66,12,68,8,70,2,72
c06c1428c24e3428 0 0 1900806,12,10,14,4,2,16,12,8,20,6,6,2,23,24,8,6,28,4,8,31,26,18,34,12,36,6,5,39,32,12,42,8,44,4,46,2,40,18,50,12,52,6,54,4,56,2,48,58,60,26,62,32,64,12,66,8,68,4,70
40c226e88686a4e8 0 0 2031878,12,10,14,2,2,16,12,8,20,6,6,2,23,24,8,6,28,4,8,31,26,18,34,12,36,6,5,39,32,12,42,8,44,4,46,2,40,18,50,12,52,6,54,4,56,2,48,58,60,18,62,26,64,32,66,12,68,8,70,4,72,2,74
7ec4754a5e82ccc0 0 0 1966342,10,4,4,14,12,6,18,4,20,2,12,8,24,4,22,26,8,4,6,4,31,32,28,16,36,12,38,8,40,6,42,2,3,45,34,12,48,8,50,2,46,16,54,8,56,4,58,2,53,60,62,28,64,8,66,6,68,4,70,2,73
e5bc4b52ba4a50e0 0 0 2031878,10,2,4,14,12,6,18,4,20,2,12,8,24,4,22,26,8,4,6,4,31,32,28,16,36,12,38,8,40,6,42,2,3,45,34,12,48,8,50,2,46,16,54,8,56,4,58,2,53,60,62,16,64,28,66,8,68,6,70,4,72,2,75
e842aae2c0e20048 0 0 2097414,10,2,4,14,12,6,18,4,12,8,22,6,24,4,26,2,20,29,8,6,32,4,34,2,6,4,38,2,37,41,30,16,44,12,46,8,48,2,3,51,42,12,54,8,56,6,52,16,60,8,62,6,64,4,58,66,68,30,70,42,72,52,74,2,77
2902fc8801027488 0 0 2228486,12,10,14,4,4,2,16,19,12,4,22,2,12,8,26,4,28,2,24,30,8,6,34,4,6,4,38,2,37,41,32,20,44,12,46,8,48,6,50,2,5,53,42,12,56,8,58,2,54,20,62,8,64,6,66,4,68,2,61,71,72,32,74,12,76,4,78,2,80
0886eee8e2668488 0 0 2031878,12,10,14,4,4,2,16,19,12,4,22,2,12,8,26,4,24,29,8,6,32,4,34,2,6,4,38,2,36,41,30,20,44,12,46,8,48,6,5,50,42,12,54,8,52,20,58,8,60,6,62,4,56,64,66,20,68,30,70,10,72,2,74
4c5312945a2c12a8 0 0 2097414,12,10,14,6,16,4,18,2,4,20,12,8,24,6,26,4,28,2,13,30,6,4,9,34,4,2,32,22,40,12,42,6,44,4,38,47,36,12,50,8,52,6,48,22,56,6,58,4,60,2,54,62,64,32,66,48,68,8,70,6,72,4,74,2,76
74c484243c389c88 0 0 2031878,12,10,14,6,16,4,18,2,4,20,12,8,24,6,26,4,28,2,13,30,6,4,9,34,4,2,32,22,40,12,42,6,44,4,38,47,36,12,50,8,52,6,48,22,56,6,58,4,60,2,54,62,64,32,66,36,68,48,70,8,72,2,74
67b2b9649422fe40 0 0 2097414,12,4,6,4,16,2,14,18,12,8,22,4,4,2,24,26,10,8,30,6,32,2,5,34,28,20,38,8,40,4,17,43,36,12,46,10,48,4,44,20,52,12,54,10,56,6,51,58,60,20,62,28,64,12,66,10,68,8,70,6,72,4,74,2,77
58d941605caaf6a0 0 0 1900806,12,4,6,4,16,2,14,18,12,8,22,4,4,2,24,26,10,8,30,6,32,2,5,34,28,20,38,8,40,4,17,43,36,12,46,10,48,4,44,20,52,12,54,10,56,6,51,58,60,20,62,28,64,36,66,12,68,4,71
43939cf0461e6c88 0 0 2228486,12,10,14,4,10,8,18,6,20,4,17,23,14,8,26,4,8,4,29,31,30,2,6,4,36,2,34,39,22,2,32,24,44,4,46,2,42,48,40,12,52,8,50,24,56,12,58,10,60,6,62,4,64,2,55,67,68,32,70,50,72,12,74,10,76,4,78,2,81
b9d06bb6d7c682a0 0 0 2359558,12,10,14,4,10,8,18,6,20,4,17,23,14,8,26,4,8,4,29,31,30,2,6,4,36,2,34,39,22,2,32,24,44,4,46,2,42,48,40,12,52,8,50,24,56,12,58,10,60,6,62,4,64,2,55,67,68,32,70,40,72,50,74,12,76,10,78,8,80,4,82,2,85
7b5747062b022200 0 0 1638662,12,10,14,8,15,16,14,6,12,6,22,4,24,2,20,27,6,4,3,31,10,8,34,4,28,18,38,8,40,4,37,43,32,4,46,2,44,18,50,10,52,4,49,54,56,18,58,8,60,6,62
a5207ffac84074c0 0 0 2294022,12,10,14,6,16,4,18,2,14,8,22,6,24,4,21,26,22,4,30,2,12,8,34,4,33,37,6,4,40,2,3,43,10,8,46,2,38,28,50,8,52,4,54,2,48,57,44,4,60,2,58,28,64,10,63,67,68,28,70,38,72,12,74,10,76,6,78,4,80,2,83
0e0af2d0eaf01c20 0 0 1769734,12,10,14,8,15,16,14,6,12,6,22,4,24,2,20,27,6,4,3,31,10,8,34,4,28,18,38,8,40,4,37,43,32,4,46,2,44,18,50,10,52,4,49,54,56,18,58,32,60,8,62,4,64,2,67
3a77c104e0020268 0 0 2162950,12,10,14,6,16,4,18,2,14,8,22,6,24,4,21,26,22,4,30,2,12,8,34,4,33,37,6,4,40,2,3,43,10,8,46,2,38,28,50,8,52,4,54,2,48,57,44,4,60,2,58,28,64,10,63,67,68,28,70,38,72,44,74,12,76,10,78
c9750e4201b27000 0 0 1704198,12,10,14,8,16,6,18,2,14,6,21,22,14,2,14,4,26,28,10,6,3,32,8,4,36,2,30,24,40,10,42,8,38,45,34,10,46,24,50,4,49,53,54,30,56,34,58,46,60,12,62,4,65
d096dec25c3cf868 0 0 1507590,4,10,12,6,16,4,18,2,19,20,8,2,6,2,25,26,22,14,30,12,32,8,34,6,3,37,28,12,40,8,42,2,38,14,46,6,45,49,50,22,52,28,54,6,56,2,58
80ac518eb244fa00 0 0 1769734,8,6,14,4,4,16,12,10,20,8,22,4,24,2,8,2,27,29,10,4,32,2,8,34,30,18,38,12,40,10,42,2,3,45,36,12,48,4,46,18,52,12,54,2,51,56,58,30,60,12,62,10,64,4,67
c4a09cb295989820 0 0 1769734,8,6,14,4,4,16,12,10,20,8,22,4,24,2,8,2,27,29,10,4,32,2,8,34,30,18,38,12,40,10,42,2,3,45,36,12,48,4,46,18,52,12,54,2,51,56,58,18,60,30,62,12,64,10,67
a465880a4524aa88 0 0 2031878,8,6,14,4,4,16,12,10,20,4,22,2,8,2,24,27,10,8,30,4,32,2,8,35,28,18,38,12,40,10,42,8,44,2,3,46,36,12,50,4,48,18,54,12,56,2,53,58,60,28,62,36,64,12,66,10,68,8,70,4,72,2,74
9725ea705240da40 0 0 2031878,8,6,14,4,4,16,12,10,20,4,22,2,8,2,24,27,10,8,30,4,32,2,8,35,28,18,38,12,40,10,42,8,44,2,3,46,36,12,50,4,48,18,54,12,56,2,53,58,60,18,62,28,64,36,66,12,68,10,70,8,72,2,74
5dc04028dfe24028 0 0 1704198,12,10,14,8,2,16,12,8,20,4,6,4,23,24,6,2,8,4,29,30,26,18,34,12,36,8,38,6,40,4,5,42,32,12,46,6,44,18,50,12,52,6,54,4,48,57,58,26,60,12,62,6,64
1a6b931868ce14e8 0 0 2031878,12,10,14,8,16,6,18,4,2,20,12,8,24,6,26,4,6,4,28,30,6,2,8,4,36,2,35,38,32,22,42,12,44,8,46,4,5,49,40,12,52,2,50,22,56,12,58,4,60,2,55,62,64,22,66,32,68,12,70,8,72,2,75
b6f8f64c3f00b048 0 0 1835270,12,10,2,14,12,4,18,2,6,4,22,2,20,24,8,4,7,28,26,16,32,12,34,6,36,4,5,39,30,12,42,8,44,6,40,16,48,12,50,8,52,6,54,4,47,56,58,26,60,30,62,12,64,6,66,4,69
4fbb3544b2206220 0 0 1835270,12,10,14,4,2,16,12,8,8,4,22,2,21,24,8,6,9,29,26,18,32,12,34,2,5,36,30,12,40,8,42,6,44,2,38,18,48,12,50,8,52,6,54,4,56,2,47,58,60,26,62,38,64,12,66,4,68
018b42b88ff0b848 0 0 1900806,10,4,4,14,12,2,12,8,20,6,19,22,8,6,6,4,26,28,24,16,32,12,34,8,36,6,38,4,40,2,3,43,30,12,46,8,48,2,44,16,52,8,54,4,56,2,51,59,60,16,62,24,64,8,66,6,68,4,70
75ddfc540c8e2008 0 0 1769734,10,4,4,14,12,2,12,8,20,6,19,22,8,6,6,4,26,28,24,16,32,12,34,8,36,6,38,4,40,2,3,43,30,12,46,8,48,2,44,16,52,8,54,4,56,2,51,59,60,24,62,30,64,8,66
9acfba9ade56a800 0 0 1835270,10,4,4,14,12,8,18,6,20,2,12,23,8,6,6,4,26,29,24,16,32,12,34,4,36,2,3,39,30,12,42,6,44,2,40,16,48,8,50,4,52,2,46,54,56,24,58,30,60,40,62,12,64,8,66,6,69
666352201b509420 0 0 1704198,12,10,14,4,4,2,16,19,12,8,22,4,24,2,12,4,26,29,6,9,30,20,34,12,5,36,32,12,40,6,38,20,44,8,46,6,48,2,42,51,52,20,54,30,56,12,58,10,60,8,62,2,64
ba38b8c038389ac0 0 0 2097414,12,10,14,4,4,2,16,19,12,6,22,4,12,8,25,26,8,6,30,4,32,2,6,4,36,2,35,39,28,20,42,12,44,8,46,4,5,49,40,12,52,8,54,6,56,2,50,20,60,8,62,2,58,64,66,28,68,40,70,12,72,8,74,6,76
c048bab88b0004a0 0 0 1966342,12,10,14,6,4,16,12,8,20,6,22,4,21,25,6,4,28,2,8,4,32,2,30,34,4,2,26,18,40,12,42,8,44,4,46,2,38,49,36,12,50,18,54,8,56,6,58,2,53,60,62,26,64,50,66,12,68,4,70,2,73
693d492ec86c04a0 0 0 1900806,12,10,14,6,4,16,12,8,20,6,22,4,21,25,6,4,28,2,8,4,32,2,30,34,4,2,26,18,40,12,42,8,44,4,46,2,38,49,36,12,50,18,54,8,56,6,58,2,53,60,62,26,64,36,66,50,68,12,71
666a26c07b486e48 0 0 1966342,8,6,4,14,12,8,18,4,20,2,9,22,10,8,26,4,8,2,28,30,24,16,34,12,36,10,38,4,40,2,3,42,32,12,46,10,48,8,50,4,44,16,54,12,56,8,58,4,52,61,62,16,64,24,66,12,68,4,70,2,72
2c5604debc966248 0 0 1835270,4,10,12,8,16,4,16,6,20,4,22,2,18,25,8,6,28,4,30,2,6,33,26,14,36,12,38,6,40,4,42,2,3,45,34,12,48,4,50,2,46,14,54,2,53,57,58,26,60,46,62,12,64,4,66,2,69
62be5da215d8e608 0 0 1835270,12,10,14,2,3,16,12,2,9,20,4,2,6,24,8,2,22,18,30,12,32,10,34,8,28,36,26,8,40,6,38,18,44,12,46,10,48,8,50,4,43,53,54,18,56,22,58,26,60,10,62,8,64,6,66,4,69
44251cd652666cc0 0 0 1835270,4,10,12,8,16,6,18,4,16,4,22,2,21,24,8,4,28,2,6,30,26,14,34,12,36,6,38,4,40,2,3,43,32,12,46,4,48,2,44,14,52,2,51,55,56,14,58,26,60,32,62,44,64,12,66,4,69
8ba20b08cae0e0e0 0 0 1704198,10,6,2,14,12,10,18,4,20,2,11,22,10,8,26,2,8,4,30,2,28,32,24,16,36,12,38,8,40,4,42,2,5,44,34,12,46,16,50,12,52,8,48,55,56,24,58,12,60,8,62,4,64
fcf8009858dc9880 0 0 1638662,10,6,2,14,12,10,18,4,11,21,10,8,24,2,8,4,26,29,4,2,22,16,34,12,36,8,38,4,32,41,30,12,42,16,46,12,48,8,44,51,52,22,54,30,56,12,58,10,60,4,63
61f45a9a5baee040 0 0 1835270,10,6,2,14,12,10,18,4,20,2,11,22,10,8,26,2,8,4,30,2,28,32,24,16,36,12,38,8,40,4,42,2,5,44,34,12,46,16,50,12,52,8,48,55,56,16,58,24,60,34,62,12,64,4,66,2,68
de60d872c6667448 0 0 2031878,10,6,4,2,14,17,12,10,20,2,11,22,10,8,26,2,8,4,30,2,28,32,24,18,36,12,38,8,40,4,42,2,5,45,34,12,46,18,50,12,52,8,54,4,49,57,58,24,60,46,62,12,64,10,66,8,68,6,70,4,72,2,75
448098e0f064e0c8 0 0 1835270,10,6,4,14,12,10,18,2,11,20,10,8,24,2,8,4,26,29,4,2,22,16,34,12,36,8,38,4,32,40,30,12,42,16,46,12,48,8,50,4,52,2,45,54,56,16,58,22,60,42,62,12,64,8,66,4,68
1b7577ea621a5420 0 0 1966342,10,8,14,6,16,4,4,2,18,21,12,10,24,8,26,2,14,29,10,2,8,4,34,2,33,36,30,22,40,12,42,8,44,4,46,2,5,49,38,12,50,22,54,12,56,8,58,4,53,61,62,22,64,30,66,38,68,50,70,12,73
2a722a2acde880a8 0 0 2031878,4,2,10,15,12,4,12,6,20,4,18,23,8,6,26,4,28,2,8,4,30,32,24,16,36,12,38,8,40,6,42,4,3,45,34,12,48,6,46,16,52,8,54,6,56,4,51,59,60,16,62,24,64,46,66,12,68,8,70,6,72,4,75
02da82d27daad888 0 0 1769734,12,10,14,4,4,2,16,19,12,8,22,4,24,2,12,4,26,29,8,6,6,33,30,20,36,12,38,6,5,40,34,12,42,20,46,8,48,6,50,2,44,53,54,20,56,30,58,12,60,10,62,8,64,2,66
34173522b702b6c8 0 0 2294022,8,6,5,14,12,8,18,6,20,4,22,2,9,24,10,8,28,4,30,2,8,2,33,34,26,16,38,12,40,10,42,8,44,4,3,46,36,12,50,10,52,8,54,6,56,4,58,2,48,16,62,12,64,8,66,6,68,4,60,71,72,16,74,26,76,12,78,6,80,4,82
33ff4f16e9807c80 0 0 2359558,8,6,5,14,12,8,18,6,20,4,22,2,9,24,10,8,28,4,30,2,8,2,33,34,26,16,38,12,40,10,42,8,44,4,3,46,36,12,50,10,52,8,54,6,56,4,58,2,48,16,62,12,64,8,66,6,68,4,60,71,72,16,74,26,76,36,78,12,80,6,82,4,84
5ddd4c4455d84248 0 0 1638662,12,6,14,4,10,16,12,4,12,8,22,4,21,24,10,6,28,4,30,2,3,33,10,8,36,2,26,18,40,4,42,2,38,44,34,10,48,4,46,18,52,8,54,2,51,56,58,26,60,8,62
ce3302e636f2c628 0 0 1573126,12,10,14,6,4,16,14,8,15,20,10,6,24,4,26,2,3,29,8,4,32,2,22,18,36,10,38,2,34,40,30,10,44,4,42,18,48,8,50,2,47,52,54,18,56,22,58,8,60
f043797a4aac3cc0 0 0 1835270,10,4,12,6,16,4,15,18,12,4,12,8,24,4,23,26,10,6,30,2,3,32,10,8,36,4,38,2,28,20,42,4,44,2,41,46,34,10,48,20,52,8,54,2,50,56,58,28,60,34,62,10,64,8,66,6,68
022da3c62960ccc0 0 0 1900806,12,10,14,8,16,6,18,4,20,2,4,22,16,4,14,4,27,28,10,6,3,32,8,4,36,2,30,24,40,10,42,4,44,2,38,47,34,10,48,24,52,8,54,2,50,56,58,24,60,30,62,34,64,10,66,6,68,4,70
17c1e0363dbe2ca0 0 0 1769734,12,6,14,4,16,2,10,18,12,4,12,8,24,4,22,27,6,4,30,2,3,33,10,8,36,2,28,20,40,10,42,4,38,45,34,4,48,2,46,20,52,8,54,2,50,56,58,28,60,46,62,8,64,2,66
4969181e42924640 0 0 1835270,12,6,14,4,16,2,10,18,12,4,12,8,24,4,22,27,6,4,30,2,3,33,10,8,36,2,28,20,40,10,42,4,38,45,34,4,48,2,46,20,52,8,54,2,50,56,58,20,60,28,62,46,64,8,66,2,68
fe6a955a8ed6b080 0 0 1900806,12,6,14,4,16,2,10,18,12,4,12,8,24,4,22,27,6,4,30,2,3,33,10,8,36,2,28,20,40,10,42,4,38,45,34,4,48,2,46,20,52,8,54,2,50,56,58,28,60,34,62,46,64,8,66,6,68,4,71
18cd323ed4aedc80 0 0 1966342,12,6,14,4,16,2,10,18,12,4,12,8,24,4,22,27,6,4,30,2,3,33,10,8,36,2,28,20,40,10,42,4,38,45,34,4,48,2,46,20,52,8,54,2,50,56,58,20,60,28,62,34,64,46,66,8,68,6,70,4,73
a7cedf58b4d27aa8 0 0 1835270,12,10,14,4,3,16,12,8,20,6,12,6,24,2,22,27,10,8,30,6,31,33,28,18,36,4,38,2,11,40,34,12,44,8,46,2,42,18,50,10,52,2,49,54,56,18,58,28,60,12,62,10,64,8,66,4,68
72002f1608dae680 0 0 2031878,12,10,3,15,12,8,18,6,12,6,22,2,20,25,10,8,28,6,30,4,28,4,32,34,10,4,26,16,40,4,42,2,38,44,36,12,48,8,50,2,46,16,54,10,56,4,58,2,53,61,62,16,64,26,66,36,68,12,70,4,72,2,75
12e0b0e8b0681260 0 0 1442054,12,8,14,2,3,16,12,10,20,8,8,22,4,2,6,26,8,2,24,18,32,12,31,35,28,8,38,6,36,18,42,12,44,4,40,46,48,28,50,36,52,6,54,2,57
d33e3e606bcef228 0 0 2097414,6,4,5,14,8,4,18,2,12,2,21,23,10,4,26,2,9,28,4,2,24,16,34,12,36,6,38,2,32,40,30,12,44,10,46,4,42,16,50,12,52,8,54,6,56,4,58,2,49,60,62,16,64,24,66,30,68,12,70,10,72,6,74,4,77
e825b2f855ba48a8 0 0 2031878,6,4,12,2,15,17,4,2,12,8,22,6,24,2,20,27,10,8,30,6,32,4,34,2,5,36,14,2,28,18,42,8,44,4,40,47,38,12,50,10,52,4,48,18,56,12,58,8,60,2,55,63,64,18,66,28,68,12,70,6,72,2,75
668c04eacf20f820 0 0 1638662,12,8,14,6,16,4,7,18,4,2,12,4,22,24,10,4,5,28,6,2,26,20,34,8,32,37,30,12,40,10,38,20,44,12,46,6,42,48,50,20,52,26,54,30,56,12,58,10,60,8,62
95e0ee3ed9baa2a8 0 0 1900806,2,12,8,2,12,10,18,8,20,2,16,22,6,4,5,26,24,14,30,12,32,10,34,8,36,6,38,4,40,2,8,42,28,8,46,6,44,14,50,12,52,10,54,4,49,57,58,14,60,24,62,12,64,10,66,4,68,2,71
e2268c62c80ca648 0 0 1507590,12,8,14,2,14,17,12,10,20,8,3,22,4,6,24,18,28,12,30,10,32,8,34,4,36,2,8,39,40,18,42,6,44,4,26,46,48,24,50,26,52,40,54,12,56,10,58
19a04c4cbca03268 0 0 2031878,2,12,8,2,12,10,18,8,20,2,16,22,6,4,5,26,24,14,30,12,32,10,34,8,36,6,38,4,40,2,8,42,28,8,46,6,44,14,50,12,52,10,54,4,49,57,58,14,60,24,62,28,64,12,66,10,68,6,70,4,72,2,75
d5af3f18c96e32c8 0 0 1835270,12,10,14,4,16,2,2,18,12,8,8,22,6,4,7,26,8,2,24,20,32,12,34,8,36,6,38,4,30,40,28,8,44,4,46,2,42,20,50,12,52,6,49,55,56,24,58,28,60,42,62,12,64,6,66,4,69
72d6101c0e00c660 0 0 1704198,10,8,14,6,16,2,6,18,4,2,12,8,24,4,26,2,22,28,8,6,32,4,3,34,30,20,38,12,40,8,42,4,5,45,36,8,46,20,50,12,52,6,54,4,49,56,58,30,60,8,62,6,65
cf5e5140de5e4040 0 0 1638662,10,6,14,4,16,2,9,18,12,4,6,4,22,24,6,2,3,28,24,2,26,20,34,10,36,8,38,2,33,41,30,4,44,2,42,20,48,10,46,51,52,42,54,8,56,6,58,4,60,2,63
441cf80af7368028 0 0 1835270,12,8,14,6,16,4,3,18,12,6,12,4,22,24,10,4,5,28,6,2,26,20,34,8,36,6,38,2,32,41,30,12,44,10,42,20,48,12,50,2,46,52,54,20,56,26,58,30,60,10,62,8,64,6,66,4,68
2ce4e0a0a4e4e0a0 0 0 1310982,12,8,6,14,8,6,10,18,18,4,3,22,6,2,20,16,28,12,30,10,32,6,27,34,24,4,36,16,40,12,42,6,44,2,38,47,48,16,50,8,52
2d7f2d9a654000c0 0 0 1835270,12,10,14,6,16,4,2,18,6,4,12,4,23,24,8,6,28,4,7,30,4,2,26,20,36,12,38,6,40,2,34,43,32,12,46,8,48,6,44,20,52,12,54,6,56,4,58,2,50,61,62,26,64,44,66,12,68
9f4749bc59fc0808 0 0 2031878,12,10,14,8,16,2,2,18,6,4,12,8,24,6,26,4,22,29,6,2,8,4,33,34,30,20,38,12,40,8,42,2,5,45,36,12,48,6,46,20,52,12,54,8,56,4,51,58,60,30,62,36,64,46,66,8,68,6,70,4,72,2,74
0f151680e270fee0 0 0 1704198,12,10,5,14,6,2,12,6,20,4,22,2,18,25,8,6,28,4,30,2,7,32,4,2,26,16,38,10,40,4,36,43,34,12,46,8,44,16,50,10,52,4,54,2,49,56,58,26,60,44,62,2,64
ba9ad0baa8aaa8e0 0 0 1769734,12,10,4,2,14,16,6,2,12,6,22,4,20,24,8,4,7,28,26,18,32,10,34,4,36,2,5,38,30,12,42,8,44,6,40,18,48,10,50,4,46,53,54,18,56,26,58,40,60,12,62,10,64,2,66
0040dd6ade6274c0 0 0 1835270,12,10,14,6,5,16,6,2,12,4,20,22,8,6,26,4,7,28,4,2,24,18,34,10,36,4,38,2,32,40,30,12,44,8,46,6,42,18,50,10,52,4,48,55,56,24,58,30,60,42,62,8,64,4,66,2,68
0c26eac08c266ac0 0 0 1245446,8,6,14,4,12,10,16,18,12,2,12,23,4,8,14,2,24,20,29,30,26,8,34,6,36,4,32,20,38,40,42,20,44,24,46,26,48,32,50
ee1cfbb6c7cad260 0 0 1507590,12,10,2,14,12,8,8,2,18,21,4,2,8,6,24,26,8,4,30,2,22,16,34,12,33,37,28,6,40,2,38,16,44,8,46,4,48,2,43,51,52,16,54,22,56,12,58
42684ae0cae04ae0 0 0 1310982,12,10,2,14,2,12,6,4,20,2,6,22,8,4,18,16,28,4,30,2,26,32,24,2,34,16,38,4,40,2,36,42,44,18,46,34,48,4,50,2,52
220008a0707a8808 0 0 1769734,12,8,14,6,16,4,3,18,12,10,22,8,24,4,3,26,8,4,8,6,32,4,34,2,30,37,28,20,40,10,4,42,38,12,46,8,48,6,50,4,44,20,54,6,56,2,52,59,60,20,62,28,64,10,66
e62c0ae244e48200 0 0 1835270,12,8,14,4,3,17,12,10,20,8,22,6,3,24,8,4,28,2,8,6,32,4,30,35,26,18,38,10,40,4,4,43,36,12,46,8,48,4,44,18,52,6,54,2,51,57,58,18,60,26,62,36,64,10,66,4,69
c0c419486ea6e648 0 0 1835270,12,6,14,4,16,2,3,19,12,10,22,4,24,2,3,26,8,4,8,6,32,4,30,35,28,20,38,10,40,2,4,43,36,12,46,6,48,4,50,2,44,20,54,6,53,57,58,28,60,44,62,12,64,10,66,4,68
0a52527a7ad2d2a0 0 0 2097414,12,8,14,6,16,2,17,18,12,10,22,6,24,4,26,2,3,28,8,2,8,6,34,4,36,2,32,39,4,2,30,20,44,12,46,10,43,48,40,12,52,8,54,6,56,2,50,20,60,6,62,4,58,65,66,30,68,40,70,10,72,8,74,4,76
122a45a201a09a28 0 0 1900806,12,10,14,2,3,16,14,6,20,4,22,2,3,25,10,8,28,6,30,4,28,4,32,35,10,4,26,18,40,4,42,2,38,45,36,12,48,10,50,6,52,4,54,2,46,18,58,6,57,61,62,18,64,26,66,12,68,10,70
d494282406cecc48 0 0 2031878,12,10,14,2,3,16,14,6,20,4,22,2,3,25,10,8,28,6,30,4,28,4,32,35,10,4,26,18,40,4,42,2,38,45,36,12,48,10,50,6,52,4,54,2,46,18,58,6,57,61,62,18,64,26,66,36,68,12,70,10,72,6,74
fe03ccce6f74c420 0 0 1310982,12,8,10,2,14,17,13,17,6,4,6,23,20,18,26,12,28,10,30,2,11,32,24,8,34,18,38,4,37,41,42,18,44,12,46,10,48,8,50,4,52
17fd3a0c0ac21400 0 0 1310982,10,2,12,14,12,8,14,19,6,4,6,23,20,16,26,12,28,10,30,8,32,2,10,35,24,8,36,16,40,4,39,43,44,20,46,8,48,4,50,2,53
70768e88727e0c00 0 0 1704198,12,8,14,4,16,2,16,18,12,6,2,22,6,2,6,4,27,29,10,8,32,4,34,2,24,20,38,12,40,8,42,2,36,44,30,8,48,6,50,4,46,20,54,4,56,2,52,58,60,20,62,8,64
e3c33e96a40c68c0 0 0 1573126,12,2,12,14,12,8,18,6,20,4,2,22,6,2,6,4,27,29,24,16,32,12,34,4,36,2,10,38,30,8,42,6,44,4,40,16,48,4,50,2,46,52,54,24,56,12,58,4,60
f551111af0044440 0 0 1769734,12,4,14,2,14,16,12,8,20,6,2,22,6,2,6,4,27,29,10,4,32,2,24,18,36,12,38,2,34,40,30,8,44,6,46,4,42,18,50,4,52,2,48,54,56,24,58,30,60,12,62,6,64,2,67
c88b204e3f3a2800 0 0 1310982,10,2,12,14,12,8,14,19,6,4,6,23,20,16,26,12,28,10,30,8,32,4,34,2,10,36,24,8,38,16,42,4,41,45,46,16,48,8,50,4,53
fffbe11073349220 0 0 1638662,10,2,12,14,12,8,18,2,14,20,6,4,24,2,6,2,26,29,22,16,32,12,34,10,36,8,38,4,10,41,30,8,44,2,42,16,48,4,46,51,52,16,54,30,56,8,58,4,60,2,62
c7d3eb2229e01488 0 0 1835270,12,10,14,8,16,6,18,4,20,2,4,22,12,2,8,6,28,4,30,2,27,32,6,2,6,4,36,39,34,24,42,6,44,2,31,46,40,8,48,24,52,12,54,4,56,2,50,59,60,24,62,8,64,4,66,2,68
2bfefc5695ea6ac0 0 0 2031878,12,10,14,6,16,4,2,18,12,8,22,4,24,2,8,2,26,29,4,2,8,6,32,34,8,4,38,2,30,20,42,12,44,4,46,2,41,49,36,6,52,2,50,20,56,8,58,4,60,2,55,63,64,20,66,30,68,36,70,12,72,4,74
26aa840a840826a8 0 0 1704198,12,6,14,4,5,16,10,8,6,4,20,22,8,4,6,2,26,29,22,2,24,18,34,12,36,10,38,8,32,40,30,4,44,2,42,18,48,12,50,8,52,4,47,54,56,18,58,12,60,6,62,4,64
b34e19c66628cca0 0 0 1704198,12,6,3,14,10,8,5,18,10,6,6,4,24,2,22,26,20,16,30,12,32,10,34,8,36,6,38,4,25,41,28,6,44,2,42,16,48,12,50,10,52,4,47,55,56,28,58,42,60,10,62,4,65
a88a0ad880f88800 0 0 1114374,10,8,14,6,16,4,4,18,10,6,4,22,3,22,24,20,28,12,30,4,3,32,26,6,34,20,36,38,40,20,42,24,44,4,46
46ecc6a020eca0a0 0 0 1310982,10,8,14,6,16,4,4,18,10,6,4,22,3,22,24,20,28,12,30,10,32,4,3,34,26,6,36,20,38,40,42,20,44,24,46,26,48,6,50,4,52
622c2c2cae686868 0 0 1310982,12,6,9,14,12,10,18,8,20,2,2,22,6,4,26,2,6,28,8,2,24,16,34,8,33,37,30,8,38,16,41,42,44,16,46,24,48,12,50,8,53
cdd2675846e2ec68 0 0 1573126,10,8,14,6,4,16,6,2,12,6,22,2,20,25,8,4,3,29,26,18,32,12,34,6,7,36,30,8,40,6,38,18,44,12,46,8,48,4,42,50,52,26,54,38,56,12,58,8,60
2f6af8caa76a5260 0 0 2228486,12,8,14,2,2,16,8,4,12,10,22,8,24,6,26,2,20,28,5,6,8,2,30,18,36,12,38,10,40,8,42,6,44,4,46,2,35,49,32,8,52,6,54,2,50,18,58,12,60,10,62,4,64,2,57,66,68,30,70,50,72,12,74,10,76,8,78,4,80
9760e730f2f082a0 0 0 2097414,10,8,14,6,16,2,6,2,18,20,6,4,24,2,12,10,28,2,27,30,8,6,34,2,3,37,32,22,40,12,42,2,24,45,38,8,48,6,50,4,46,22,54,12,56,10,58,6,60,4,62,2,53,64,66,32,68,46,70,12,72,10,74,4,76
38262dd266ee56c0 0 0 1704198,10,8,14,6,16,4,4,18,12,10,14,4,24,2,22,27,8,4,15,31,4,2,28,20,36,12,38,10,40,4,42,2,34,44,32,12,46,20,50,12,52,2,48,54,56,20,58,28,60,12,62,4,64
ac55c88a1ad06220 0 0 2097414,8,6,14,2,4,2,17,19,12,10,22,8,8,4,24,27,10,2,8,31,28,20,34,12,36,10,38,8,40,4,5,43,32,12,46,4,44,20,50,12,52,4,54,2,48,56,58,28,60,32,62,44,64,12,66,10,68,8,70,6,72,4,74,2,76
69ef563ea2646840 0 0 1835270,12,10,14,4,2,16,12,4,8,6,22,4,20,24,6,4,28,2,22,31,4,2,26,18,36,12,34,38,32,12,42,8,40,18,46,12,48,8,50,4,52,2,45,55,56,18,58,26,60,40,62,12,64,8,66,2,69
3a0185f2a1308800 0 0 1966342,12,10,14,4,2,16,12,4,8,6,22,4,24,2,20,27,6,4,22,30,28,18,34,12,36,2,5,39,32,12,42,8,44,2,40,18,48,12,50,8,52,4,54,2,46,57,58,28,60,32,62,40,64,8,66,6,68,4,70,2,73
3d3f129a89b8a648 0 0 1835270,8,6,14,2,2,16,12,8,12,4,22,2,20,25,8,2,10,4,30,2,28,32,26,18,36,4,5,39,34,12,42,10,44,4,46,2,40,18,50,10,52,8,48,55,56,18,58,26,60,34,62,10,64,8,66,4,68
9b916a0c08a2a6c0 0 0 1900806,8,6,14,4,4,2,16,19,12,8,22,4,12,2,24,27,8,2,10,4,32,2,30,34,28,20,38,4,5,41,36,12,44,10,46,4,48,2,42,20,52,10,54,8,51,57,58,28,60,36,62,42,64,8,66,6,68,2,71
ea36c30ad09caca0 0 0 2031878,12,4,2,14,12,8,18,6,20,2,12,10,24,2,22,26,10,8,30,4,6,2,32,35,6,4,38,2,28,16,42,6,44,4,40,46,36,12,50,10,52,4,54,2,48,16,58,10,60,8,62,2,57,65,66,16,68,28,70,36,72,6,75
396b304e67c04cc8 0 0 1769734,12,10,14,4,2,16,12,6,20,2,12,4,22,24,8,6,7,29,26,18,32,4,34,2,5,37,30,12,40,8,42,6,38,18,46,8,48,4,50,2,44,53,54,18,56,26,58,38,60,8,62,4,64,2,67
4a4e10724e0a2200 0 0 1507590,10,6,4,14,12,8,10,18,10,8,22,2,10,4,26,2,24,28,4,2,20,16,34,12,36,2,32,38,30,12,40,16,44,12,46,8,48,4,50,2,42,52,54,20,56,12,58
2ce6cacced227488 0 0 1573126,10,6,4,14,12,8,10,18,10,8,22,2,10,4,26,2,24,28,4,2,20,16,34,12,36,2,32,38,30,12,40,16,44,12,46,8,48,4,50,2,42,52,54,16,56,20,58,12,60
8b385c0ccac27460 0 0 1900806,10,8,14,6,16,4,4,18,12,8,15,22,10,2,14,4,28,2,27,31,4,2,24,20,36,12,38,2,34,40,32,12,42,20,46,12,48,8,50,4,52,2,44,54,56,24,58,32,60,12,62,10,64,8,66,4,68,2,71
3b0f78d4a5a280e0 0 0 1769734,10,8,14,6,16,4,4,2,18,21,12,8,15,24,10,2,14,4,29,30,26,22,34,12,36,2,5,38,32,12,40,22,44,12,46,8,48,4,42,51,52,22,54,26,56,32,58,12,60,10,62,6,64,4,66
6fead000ce226488 0 0 1966342,12,10,14,8,16,6,18,4,2,20,12,6,24,2,8,6,28,2,27,31,8,4,34,2,28,4,36,38,32,22,42,12,44,4,46,2,5,48,40,12,52,2,50,22,56,12,58,6,60,4,55,62,64,22,66,32,68,6,70,4,72
b0e4d0180cd4e4a0 0 0 1769734,12,10,2,14,12,8,18,2,8,6,22,2,21,25,8,4,22,4,28,30,26,16,34,12,36,8,38,6,40,4,5,42,32,12,46,8,48,6,44,16,52,12,54,8,56,4,51,58,60,26,62,32,64,8,66
575353f0d2e0e020 0 0 2228486,12,10,14,6,16,4,18,2,2,20,12,8,24,2,8,27,8,6,30,4,8,4,32,34,4,2,28,22,40,12,42,8,44,6,46,4,48,2,38,51,36,12,54,8,56,6,52,22,60,12,62,8,64,4,66,2,59,69,70,22,72,28,74,36,76,12,78,6,81
355b5b6037567c48 0 0 1900806,10,8,14,6,16,4,18,2,2,20,12,2,12,10,26,8,28,4,25,31,11,14,4,2,32,22,38,8,40,4,42,2,36,45,34,12,48,8,46,22,52,4,54,2,50,56,58,22,60,32,62,34,64,12,66,10,68,4,71
d63fa996c1567ec0 0 0 1638662,12,10,14,6,2,16,12,2,12,8,21,22,8,6,8,4,28,2,26,31,4,2,24,18,36,6,38,2,34,41,32,12,44,6,46,4,48,2,42,18,52,4,50,54,56,18,58,24,60,8,62
8af3bd42b7a8a8a8 0 0 1835270,12,10,14,6,2,16,12,6,20,2,12,8,24,6,26,4,28,2,22,30,6,4,8,34,4,2,32,18,40,8,42,6,38,44,36,12,48,8,50,4,46,18,54,4,52,56,58,32,60,46,62,12,64,6,66,4,68
04be80a06ebe80a0 0 0 1900806,12,10,14,4,2,16,12,6,20,2,12,8,22,25,6,4,8,6,30,4,28,32,26,18,36,8,38,4,40,2,5,43,34,12,46,8,48,6,44,18,52,4,54,2,50,57,58,18,60,26,62,34,64,44,66,6,68,2,71
cff25ba258a65a60 0 0 2162950,10,8,12,6,16,4,15,18,14,6,22,4,5,24,8,2,10,4,28,30,4,2,26,20,36,10,38,6,40,2,35,43,32,12,46,10,48,8,50,6,52,4,54,2,44,20,58,8,60,6,62,4,57,65,66,20,68,26,70,12,72,10,74,8,76,4,78
ab081076ef34bae0 0 0 2031878,10,8,14,4,16,2,12,2,19,20,14,6,24,4,3,26,9,11,4,2,28,22,34,8,36,6,38,4,40,2,33,42,30,12,46,10,48,8,44,22,52,10,54,6,56,4,58,2,51,60,62,22,64,28,66,30,68,12,70,6,72,4,75
2a35fa303d00e800 0 0 1966342,12,6,14,2,12,8,16,19,12,4,22,2,3,24,10,8,28,4,6,31,10,4,26,20,36,12,38,10,40,8,35,42,32,12,46,10,48,6,50,4,52,2,44,20,56,12,58,6,60,4,55,63,64,20,66,26,68,10,70,8,73
006588aa34d65280 0 0 2228486,12,6,14,2,12,8,18,6,16,20,12,4,24,2,3,26,10,8,30,6,32,4,6,34,10,4,28,22,40,12,42,10,44,8,46,6,39,49,36,12,52,10,54,6,56,4,58,2,50,22,62,12,64,6,66,4,61,69,70,22,72,28,74,36,76,8,78,4,80
39dcdcdc88c8c8c8 0 0 1835270,8,6,4,14,12,10,8,18,10,8,22,2,10,4,24,26,4,2,20,16,32,12,34,2,30,36,28,12,40,10,42,8,44,2,38,16,48,12,50,8,52,4,46,54,56,20,58,28,60,12,62,10,64,8,66,2,68
c0680cae00080aa8 0 0 1900806,8,6,2,14,12,10,8,18,10,8,22,4,10,2,24,26,4,2,20,16,32,12,34,4,30,36,28,12,40,10,42,8,44,4,38,16,48,12,50,8,52,2,46,54,56,16,58,20,60,28,62,12,64,10,66,8,68,4,70
b89862e86db262e8 0 0 1900806,8,6,4,14,12,10,18,8,8,20,10,8,24,4,10,4,28,2,27,30,22,16,34,12,36,8,38,4,3,41,32,12,44,10,46,4,48,2,42,16,52,12,54,4,56,2,51,58,60,22,62,32,64,42,66,10,68,8,70
c031d682c70a7c28 0 0 1966342,4,2,12,10,14,16,16,6,8,2,21,22,10,6,26,4,28,2,28,31,8,4,34,2,24,18,38,12,40,8,42,4,44,2,37,47,32,6,50,2,48,18,54,12,56,8,58,4,52,60,62,18,64,24,66,8,68,6,70,2,72
d163a2421aa222c8 0 0 2031878,10,4,14,2,12,8,18,6,20,4,17,22,18,4,26,2,8,29,10,6,32,2,32,35,10,8,38,4,30,24,42,12,44,10,46,6,48,4,40,50,36,6,52,24,56,12,58,10,60,6,62,4,64,2,54,67,68,30,70,36,72,6,74
cb42770668cc2488 0 0 1835270,10,2,12,4,14,17,12,6,20,4,22,2,8,2,25,26,6,4,30,2,30,33,10,8,36,2,28,18,40,12,42,8,39,45,34,6,46,18,50,12,52,8,54,2,49,56,58,28,60,46,62,12,64,10,66,6,68
61787438ca2cfc40 0 0 1900806,10,2,12,4,14,17,12,6,20,4,22,2,8,2,25,26,6,4,30,2,30,33,10,8,36,2,28,18,40,12,42,8,39,45,34,6,46,18,50,12,52,8,54,2,49,56,58,28,60,34,62,46,64,12,66,10,68,6,70
80e2c496decce2c0 0 0 1704198,12,10,2,14,12,8,18,6,20,2,8,2,22,24,8,6,28,4,6,31,26,16,34,12,36,8,38,4,5,41,32,12,44,6,46,4,42,16,50,12,49,52,54,26,56,12,58,8,60,6,62,4,65
b64bfcc2c3cef6c8 0 0 2228486,12,10,14,8,16,6,18,4,2,20,8,12,8,6,26,4,28,2,6,2,30,32,4,2,24,22,38,12,40,6,42,4,44,2,36,46,34,12,50,8,52,4,54,2,48,22,58,12,60,8,62,6,64,2,56,66,68,22,70,24,72,12,74,8,76,6,78,4,80
0aa16816a10a5ae8 0 0 2097414,12,10,2,14,12,8,18,6,20,2,8,2,22,24,8,6,28,4,30,2,6,32,4,2,26,16,38,12,40,8,42,4,44,2,36,46,34,12,50,6,52,4,54,2,48,16,58,12,56,60,62,26,64,34,66,12,68,8,70,6,72,4,74,2,76
446e028a0a2aa220 0 0 2228486,12,10,14,8,16,6,18,2,2,20,8,12,8,6,26,4,28,2,6,2,30,32,4,2,24,22,38,12,40,6,42,4,44,2,36,46,34,12,50,8,52,4,54,2,48,22,58,12,60,8,62,6,64,2,56,66,68,22,70,24,72,34,74,12,76,8,78,4,80
8efb100409dc9420 0 0 1900806,12,10,14,8,16,2,14,2,18,20,14,6,24,2,10,4,27,29,6,4,32,2,33,34,10,8,38,4,40,2,30,22,44,12,42,46,36,6,50,2,48,22,54,12,56,2,52,59,60,22,62,12,64,10,66,6,68,2,70
cfd856ee3cd23420 0 0 2097414,12,10,14,4,16,2,14,8,20,4,22,2,18,24,20,6,28,4,10,31,6,4,34,2,34,37,10,8,40,2,32,26,44,12,46,8,43,49,38,6,50,26,54,12,56,8,58,2,52,60,62,26,64,32,66,12,68,10,70,6,72,4,74,2,76
e89049f6b896d0a0 0 0 1900806,12,10,14,8,16,2,14,2,18,20,14,6,24,2,10,4,27,29,6,4,32,2,33,34,10,8,38,4,40,2,30,22,44,12,42,46,36,6,50,2,48,22,54,12,56,2,52,59,60,22,62,36,64,12,66,10,68,6,70
cc24fa34559a72a8 0 0 2162950,12,10,14,4,16,2,14,8,20,4,22,2,18,24,20,6,28,4,10,31,6,4,34,2,34,37,10,8,40,2,32,26,44,12,46,8,43,49,38,6,50,26,54,12,56,8,58,2,52,60,62,26,64,32,66,38,68,12,70,10,72,6,74,4,76,2,78
7ac622f82d08f080 0 0 1835270,12,10,14,8,16,2,14,2,19,21,14,6,4,25,10,6,28,2,28,31,8,4,34,2,26,22,38,12,40,4,42,2,37,44,32,6,46,22,50,12,52,4,49,55,56,26,58,46,60,10,62,8,64,6,66,2,68
637370ecd7680808 0 0 2359558,12,10,14,4,16,2,14,8,20,4,22,2,19,25,20,6,28,4,30,2,4,33,10,6,36,4,38,2,38,41,8,4,44,2,34,26,48,12,50,8,52,4,54,2,47,57,42,6,60,2,58,26,64,12,66,8,68,4,63,70,72,34,74,42,76,58,78,10,80,6,82,2,85
c61b8a08aa288a08 0 0 1769734,10,6,14,4,2,16,12,2,12,10,22,4,21,24,10,8,28,4,30,2,8,4,32,34,26,18,38,8,5,41,36,12,44,10,46,2,42,18,50,10,52,8,54,2,49,57,58,18,60,26,62,10,64,4,66
e48a66808e682ec8 0 0 2097414,8,6,14,4,4,2,16,19,12,4,22,2,12,8,26,2,25,29,10,8,10,4,34,2,32,37,30,20,40,10,42,4,3,44,38,12,48,8,50,4,52,2,46,20,56,10,58,8,60,2,55,63,64,30,66,46,68,10,70,8,72,6,74,4,76
cd0f4be0af384820 0 0 2162950,10,2,12,10,16,2,15,19,16,6,22,2,16,8,26,6,28,2,24,31,6,4,34,2,35,36,10,8,32,20,42,8,44,6,46,4,48,2,41,51,38,6,54,2,52,20,58,8,60,6,62,4,56,64,66,20,68,32,70,12,72,10,74,6,76,2,79
f54537ee5eee5428 0 0 2162950,10,2,12,10,16,2,15,19,16,6,22,2,16,8,26,6,28,2,24,31,6,4,34,2,35,36,10,8,32,20,42,8,44,6,46,4,48,2,41,51,38,6,54,2,52,20,58,8,60,6,62,4,56,64,66,20,68,32,70,38,72,12,74,10,76,6,79
3e8d391cdb546c20 0 0 2031878,10,2,12,8,16,2,15,18,16,6,22,2,12,6,26,2,24,29,6,4,32,2,33,34,10,8,30,20,40,8,42,6,44,4,46,2,39,49,36,6,52,2,50,20,56,8,58,6,60,4,55,62,64,30,66,50,68,12,70,8,72,4,74
2a5cdbf0e462eaa8 0 0 2162950,10,2,12,8,16,2,15,18,16,6,22,2,12,6,26,2,24,29,6,4,32,2,33,34,10,8,30,20,40,8,42,6,44,4,46,2,39,49,36,6,52,2,50,20,56,8,58,6,60,4,55,62,64,30,66,36,68,50,70,12,72,8,74,4,76,2,78
0a8a5db4dfb62288 0 0 1966342,12,8,14,4,2,16,12,2,12,10,22,4,24,2,21,26,10,2,6,4,32,2,30,35,6,2,28,18,40,4,42,2,38,45,36,12,48,10,50,6,52,4,46,18,56,10,58,6,60,2,54,62,64,18,66,28,68,10,70,4,72
744012807cc89280 0 0 1835270,12,10,14,4,2,16,12,6,20,4,12,8,24,6,26,4,23,28,8,6,6,4,34,2,33,37,30,18,40,6,5,42,38,12,46,8,48,6,44,18,52,8,54,6,56,4,58,2,51,60,62,30,64,38,66,6,69
e4a6b98c336ae640 0 0 1966342,12,10,14,2,2,16,12,6,20,4,12,8,24,6,26,4,23,28,8,6,6,4,34,2,33,37,30,18,40,6,5,42,38,12,46,8,48,6,44,18,52,8,54,6,56,4,58,2,51,60,62,18,64,30,66,38,68,6,70,2,73
44dc9a20be6296e0 0 0 1966342,12,10,14,2,2,16,12,4,20,2,12,8,24,2,23,26,6,4,8,6,32,4,34,2,30,36,28,18,40,8,42,6,5,45,38,12,48,8,50,4,52,2,46,18,56,6,58,2,55,61,62,28,64,46,66,8,68,6,70,2,73
561e66605e9ee6e0 0 0 2162950,12,10,14,6,2,16,12,4,20,2,12,8,24,6,26,4,23,29,6,4,8,2,32,34,4,2,30,18,40,8,42,4,44,2,38,46,36,12,50,8,52,6,54,2,48,18,58,6,57,60,62,18,64,30,66,36,68,48,70,12,72,8,74,6,76,4,79
1d3d3fa0e5fab0e0 0 0 2097414,12,10,14,6,16,2,14,8,20,6,22,2,19,24,12,8,28,2,21,31,6,4,34,2,34,37,10,8,32,26,42,10,44,6,46,4,40,49,38,6,50,26,54,10,56,6,58,4,60,2,52,62,64,26,66,32,68,12,70,10,72,6,74,2,77
695b4342b98416e8 0 0 2162950,12,10,14,6,16,2,14,8,20,6,22,2,19,24,12,8,28,2,21,31,6,4,34,2,34,37,10,8,32,26,42,10,44,6,46,4,40,49,38,6,50,26,54,10,56,6,58,4,60,2,52,62,64,26,66,32,68,38,70,12,72,10,74,6,76,2,79
9ad6981c836ab2a0 0 0 2031878,12,8,14,6,16,2,12,6,20,2,19,22,12,10,26,2,12,28,6,4,32,2,32,35,10,8,30,24,40,10,42,6,44,4,38,47,36,6,48,24,52,10,54,6,56,4,58,2,51,60,62,30,64,48,66,12,68,10,70,4,72,2,74
1d94e50ace121000 0 0 2097414,12,8,14,6,16,2,12,6,20,2,19,22,12,10,26,2,12,28,6,4,32,2,32,35,10,8,30,24,40,10,42,6,44,4,38,47,36,6,48,24,52,10,54,6,56,4,58,2,51,60,62,30,64,36,66,48,68,12,70,10,72,4,74,2,76
2ea5aca0d9da2c20 0 0 1638662,8,6,14,2,4,16,12,10,20,4,8,2,23,25,10,8,28,4,8,30,26,18,34,12,36,10,38,2,3,40,32,12,44,4,42,18,48,12,50,2,47,52,54,18,56,26,58,10,60,2,62
e5e7fef6f3422460 0 0 1704198,8,6,14,4,4,16,12,10,20,4,8,2,23,25,10,8,28,4,8,30,26,18,34,12,36,10,38,2,3,40,32,12,44,4,42,18,48,12,50,2,47,52,54,26,56,32,58,10,60,8,62,2,64
2f78b03aafd260c0 0 0 2228486,12,10,14,8,16,6,18,4,2,20,12,8,24,6,26,4,8,6,30,4,29,32,6,4,30,37,4,2,34,22,42,12,44,8,46,6,48,2,40,51,38,12,54,6,56,2,52,22,60,12,62,6,64,4,58,66,68,22,70,34,72,52,74,12,76,6,78,4,80
372e2ee2c4e2ccc0 0 0 1900806,12,10,14,8,16,4,18,2,2,20,12,8,24,4,8,4,28,2,26,30,6,4,34,2,9,36,32,22,40,12,42,8,5,45,38,12,48,6,46,22,52,12,54,6,56,4,51,58,60,32,62,38,64,46,66,8,68,2,70
d731efb6c5dc46e0 0 0 1704198,8,6,14,2,2,16,12,10,20,4,20,8,23,24,10,4,28,2,8,31,26,18,34,4,36,2,5,39,32,12,42,8,40,18,46,10,48,8,50,2,44,52,54,18,56,26,58,12,60,8,62,2,64
1dd937c8d9e2c0c0 0 0 1704198,8,6,14,2,2,16,12,10,20,8,22,4,21,24,10,4,28,2,8,30,26,18,34,4,36,2,5,39,32,12,40,18,44,10,46,8,48,2,42,51,52,18,54,26,56,32,58,8,60,4,62,2,64
46537cd258f62688 0 0 1769734,8,6,14,4,16,2,4,18,12,8,22,4,12,2,24,27,9,10,4,2,28,20,34,2,32,36,30,12,40,10,38,20,44,10,46,8,48,4,50,2,43,53,54,28,56,30,58,38,60,12,62,4,64,2,67
46e8e00a2cc60e28 0 0 1704198,12,10,14,4,2,16,12,8,20,2,12,4,24,2,23,26,8,2,6,2,30,33,28,18,36,4,5,39,34,12,42,6,40,18,46,8,48,6,50,4,52,2,44,54,56,18,58,28,60,12,62,4,64
4641afa082b658a8 0 0 1769734,12,10,14,2,2,16,12,8,12,4,20,23,8,2,6,2,26,29,24,18,32,4,5,35,30,12,38,6,40,2,36,18,44,8,46,6,48,4,50,2,43,52,54,18,56,24,58,30,60,12,62,8,64,6,67
408960dc04088e08 0 0 1769734,10,8,14,6,16,4,4,18,12,4,14,23,10,4,26,2,14,2,29,31,24,20,34,12,36,8,38,4,40,2,3,42,32,12,46,8,48,4,44,20,52,12,54,4,56,2,51,58,60,24,62,8,64,2,66
5d2aa09cfb5e8ee8 0 0 1966342,8,6,14,4,16,2,4,18,12,4,9,23,10,8,26,4,28,2,8,2,30,32,24,20,36,12,38,10,40,4,42,2,3,44,34,12,48,10,50,4,46,20,54,12,56,4,58,2,53,60,62,20,64,24,66,10,68,4,70,2,72
5412b930cc9c4828 0 0 1769734,8,6,4,14,12,4,9,19,10,8,22,4,24,2,8,2,26,28,20,16,32,12,34,10,36,4,38,2,3,40,30,12,44,10,46,4,42,16,50,12,52,4,54,2,49,56,58,20,60,30,62,10,64,8,66
1c843c2e2c48a648 0 0 1835270,10,8,14,6,16,4,4,18,12,4,14,23,8,4,26,2,14,2,29,31,24,20,34,12,36,10,38,4,40,2,3,42,32,12,46,10,48,4,44,20,52,12,54,4,56,2,51,58,60,20,62,24,64,32,66,8,69
4f7d0ed287f6a0c0 0 0 1507590,10,8,14,6,4,16,12,10,12,8,20,23,8,2,14,4,28,2,27,31,4,2,24,18,36,10,38,4,40,2,34,42,32,12,44,18,48,4,50,2,46,52,54,24,56,10,58
c2c0c26ad3482c48 0 0 1704198,12,4,7,14,10,8,18,4,20,2,8,22,6,4,8,6,26,29,24,16,32,12,34,6,5,36,30,6,40,4,42,2,38,16,46,12,48,8,50,6,44,52,54,16,56,24,58,30,60,12,62,8,64
6464de882c645688 0 0 1442054,6,2,8,6,16,2,15,18,4,2,10,23,16,4,7,27,24,20,30,8,32,2,2,35,28,12,38,8,40,2,36,20,44,8,46,4,43,48,50,20,52,28,54,6,57
56340620aa8c6a80 0 0 1769734,6,2,8,6,16,2,15,18,10,2,4,2,23,25,16,4,7,29,26,20,32,8,34,2,2,37,30,12,40,8,42,2,38,20,46,8,48,4,45,50,52,20,54,26,56,30,58,10,60,6,62,4,64,2,66
ded3cd26d0d23c28 0 0 1638662,8,6,14,2,6,2,17,18,10,4,22,2,4,24,10,8,28,6,30,4,6,33,26,20,36,2,2,38,34,12,42,10,44,4,46,2,40,20,50,4,52,2,49,54,56,20,58,26,60,4,62
fd027554a21c08e0 0 0 1704198,8,6,14,2,6,2,17,18,10,4,22,2,4,24,10,8,28,6,30,4,6,33,26,20,36,2,2,38,34,12,42,10,44,4,46,2,40,20,50,4,52,2,49,54,56,20,58,26,60,34,62,4,64
32f9c52261449660 0 0 1704198,10,8,14,6,16,4,18,2,2,20,12,8,24,2,12,10,28,4,27,30,10,15,4,2,32,22,38,8,40,4,36,43,34,12,44,22,48,4,50,2,46,52,54,22,56,32,58,10,60,4,62,2,64
38119828674e9828 0 0 1966342,12,8,14,2,6,2,17,19,10,8,22,6,24,4,10,6,27,28,6,4,32,2,22,4,36,2,34,38,30,20,42,4,5,45,40,10,48,8,46,20,52,10,54,6,56,4,51,59,60,20,62,30,64,40,66,12,68,8,70,4,73
1c6c0d82c1829428 0 0 1376518,6,12,10,4,8,16,6,4,20,2,8,22,4,2,18,14,28,4,30,2,26,32,24,8,36,6,38,4,34,14,42,8,44,4,46,2,41,48,50,18,52,24,54
bdcd8cdc6248cac0 0 0 1573126,8,6,14,4,4,16,12,10,20,8,22,4,20,25,10,8,28,2,8,4,32,2,30,34,26,18,38,10,40,2,3,43,36,12,44,18,48,2,46,51,52,26,54,36,56,8,58,2,60
ea8894c0f6744400 0 0 1704198,10,6,14,4,2,16,12,8,12,10,22,8,24,2,20,27,10,8,30,4,10,4,34,2,32,36,28,18,40,8,42,4,5,45,38,12,46,18,50,4,48,53,54,18,56,28,58,38,60,10,62,4,64
9998cefc649adae8 0 0 2031878,12,8,14,6,16,4,12,6,20,4,19,23,8,6,5,26,10,8,30,4,32,2,10,4,34,36,28,24,40,12,42,10,44,4,46,2,2,48,38,12,52,8,54,6,56,2,50,24,60,10,62,8,64,6,58,67,68,24,70,28,72,10,75
6357c2769e96a028 0 0 2097414,12,8,14,6,16,4,12,6,20,4,19,23,8,6,5,26,10,8,30,4,32,2,10,4,34,36,28,24,40,12,42,10,44,4,46,2,2,48,38,12,52,8,54,6,56,2,50,24,60,10,62,8,64,6,58,67,68,24,70,28,72,38,74,4,77
474ff766b5e84628 0 0 1900806,10,8,12,10,16,2,15,18,12,6,22,2,3,24,14,6,28,2,4,30,6,4,26,20,36,8,34,39,32,12,42,8,44,6,46,4,48,2,40,20,52,12,54,6,56,4,51,59,60,20,62,26,64,12,66,8,68,4,71
b0a6a5b406a4bae0 0 0 1966342,10,8,12,10,16,2,15,18,12,6,22,2,3,24,14,6,28,2,4,30,6,4,26,20,36,8,34,39,32,12,42,8,44,6,46,4,48,2,40,20,52,12,54,6,56,4,51,59,60,20,62,26,64,32,66,12,68,8,70,4,73
ec6a1ef06b846688 0 0 1900806,10,8,14,6,16,4,2,18,12,2,14,23,8,4,10,2,26,28,4,2,24,20,34,12,36,10,38,4,32,41,30,12,44,10,46,8,48,4,50,2,42,20,54,12,56,8,53,59,60,20,62,24,64,12,66,4,68,2,71
53aac88a4f7a6220 0 0 2162950,10,8,14,6,16,2,4,18,12,4,14,22,8,4,10,2,26,28,4,2,24,20,34,12,36,10,38,4,32,40,30,12,44,10,46,8,48,4,50,2,42,20,54,12,56,8,58,4,60,2,52,62,64,24,66,30,68,42,70,12,72,8,74,4,76,2,78
56bd9b9e6bec1680 0 0 1769734,12,10,14,8,16,6,9,19,16,2,11,22,6,4,26,2,26,29,10,8,32,2,24,20,36,10,38,4,35,41,30,6,42,20,46,12,48,8,50,6,52,4,54,2,44,57,58,20,60,24,62,10,64,2,67
dfa34ed4abbec000 0 0 1835270,12,10,14,8,16,6,9,19,16,2,11,22,6,4,26,2,26,29,10,8,32,2,24,20,36,10,38,4,35,41,30,6,42,20,46,12,48,8,50,6,52,4,54,2,44,57,58,20,60,24,62,30,64,10,66,2,69
17c3e522990a8aa0 0 0 1704198,12,6,14,2,9,16,11,12,6,4,22,2,22,25,10,8,28,2,20,18,32,10,34,4,31,36,26,6,38,18,42,12,44,10,46,6,48,4,41,51,52,20,54,38,56,12,58,10,60,4,62,2,65
5de6a0e8ab32ea80 0 0 1769734,12,6,14,2,9,16,11,12,6,4,22,2,22,25,10,8,28,2,20,18,32,10,34,4,31,36,26,6,38,18,42,12,44,10,46,6,48,4,41,51,52,20,54,26,56,38,58,12,60,10,62,4,64,2,67
a0accc8830ac9c88 0 0 1638662,12,10,14,8,2,16,8,6,13,21,6,2,8,4,24,26,22,18,30,12,32,8,5,34,28,12,38,8,40,6,42,4,36,18,46,12,48,6,50,4,45,52,54,18,56,22,58,36,60,6,63
a2757dd2775a8228 0 0 2162950,12,10,14,8,16,4,18,2,2,20,12,6,24,2,8,2,26,28,6,2,8,6,34,4,32,36,4,2,30,22,42,12,44,8,40,46,38,12,50,8,52,6,54,4,56,2,48,22,60,12,62,4,58,64,66,30,68,38,70,48,72,12,74,6,76,4,78
310fe41688d0d880 0 0 1704198,12,10,12,14,14,6,9,19,6,4,22,2,23,24,10,8,28,2,20,16,32,8,34,4,36,2,30,38,26,6,42,2,40,16,46,12,48,10,50,8,52,4,44,55,56,16,58,20,60,10,62,8,65
68c3bddac064ac08 0 0 1835270,12,10,12,14,14,6,9,19,6,4,22,2,23,24,10,8,28,2,20,16,32,8,34,4,36,2,30,38,26,6,42,2,40,16,46,12,48,10,50,8,52,4,44,55,56,16,58,20,60,26,62,10,64,8,66,2,69
505ae256f94e3468 0 0 2162950,12,10,14,8,16,2,12,8,20,2,18,22,20,6,26,2,9,28,6,4,32,2,33,34,10,8,38,2,30,24,42,8,44,4,46,2,40,49,36,6,52,2,50,24,56,12,58,4,60,2,55,62,64,30,66,50,68,12,70,8,72,6,74,4,76,2,78
35a2c7f420e27888 0 0 2162950,12,10,14,8,16,2,12,8,20,2,18,22,20,6,26,2,9,28,6,4,32,2,33,34,10,8,38,2,30,24,42,8,44,4,46,2,40,49,36,6,52,2,50,24,56,12,58,4,60,2,55,62,64,30,66,36,68,50,70,12,72,8,74,6,76,4,78
6bd56e706cd29688 0 0 1442054,6,12,10,4,8,16,6,4,20,2,8,22,4,2,18,14,28,4,30,2,26,32,24,8,36,6,38,4,34,14,42,8,44,4,46,2,41,48,50,14,52,18,54,24,56
6e848c3658129228 0 0 1376518,6,2,8,14,10,4,18,2,4,20,8,4,6,24,22,16,28,2,2,30,26,12,34,6,36,4,38,2,32,16,42,4,44,2,40,46,48,16,50,22,52,26,54
62fac8fefb00e680 0 0 1573126,4,2,10,14,8,2,8,6,20,2,18,22,20,4,9,26,24,16,30,10,32,8,3,35,28,12,38,8,40,6,42,2,36,16,46,10,48,6,50,2,44,53,54,24,56,8,58,2,60
7916d2a898c27268 0 0 1638662,5,10,8,2,8,6,18,2,16,20,18,4,24,2,9,27,22,14,30,10,32,8,3,35,28,12,38,8,40,6,36,14,44,10,46,6,48,2,43,51,52,14,54,22,56,10,58,8,60,2,62
525ed7de7ac8a048 0 0 1638662,4,2,10,14,8,6,18,2,8,2,21,23,8,4,18,27,24,16,30,10,32,8,34,6,3,36,28,12,40,8,42,2,38,16,46,10,48,6,50,2,45,53,54,24,56,28,58,8,60,2,63
7933a80c640caea0 0 0 1704198,5,10,8,6,16,2,8,2,19,21,6,4,16,25,22,14,28,10,30,8,32,6,3,34,26,12,38,6,40,2,36,14,44,10,46,6,48,2,43,51,52,14,54,22,56,26,58,10,60,6,62,2,65
8232c8f850c2dac8 0 0 1704198,8,6,7,14,10,4,18,2,11,20,10,8,24,6,26,4,7,28,22,16,32,10,34,8,36,4,2,39,30,12,42,8,44,2,40,16,48,8,50,4,47,52,54,16,56,22,58,30,60,10,62,2,64
2606130010302000 0 0 1900806,10,6,14,4,10,2,16,18,12,8,22,6,24,4,10,8,28,6,26,30,8,6,34,4,34,2,37,38,12,10,42,6,44,4,32,20,48,10,50,8,52,6,54,4,56,2,47,59,40,4,60,20,64,4,66,2,62,69,70
c2b020dabdc0fa00 0 0 1835270,12,2,12,15,10,8,18,6,10,6,20,22,12,10,26,6,28,4,28,2,31,33,8,4,24,16,38,10,40,6,42,4,44,2,37,46,34,6,50,4,52,2,48,16,56,4,58,2,55,60,62,24,64,10,66,6,68
6815b1cc5d4ce2c0 0 0 1573126,12,10,14,6,16,2,17,18,8,2,10,6,22,24,12,6,28,4,13,30,10,8,34,4,26,20,38,10,40,4,36,43,32,4,44,20,48,6,50,4,46,53,54,20,56,26,58,2,60
26541d908aa84ea0 0 0 1442054,10,8,14,6,15,16,10,2,12,20,8,4,8,2,24,27,12,10,30,6,32,4,22,18,36,10,38,4,34,41,28,4,42,18,46,4,48,2,44,51,52,28,54,4,56
8a18c49a313a08c0 0 0 1769734,10,6,14,4,15,16,12,8,20,4,8,6,24,4,22,26,10,8,30,6,30,4,33,35,28,18,38,8,13,40,36,6,44,4,46,2,42,18,50,6,52,4,49,54,56,18,58,36,60,10,62,8,64,6,67
b032b83a890ed460 0 0 2031878,12,8,14,6,16,4,18,2,18,21,10,2,10,8,26,4,24,29,12,10,32,6,34,4,34,2,36,38,8,2,30,22,44,10,46,8,48,2,42,51,40,6,52,22,56,4,58,2,54,60,62,30,64,40,66,12,68,10,70,6,72,2,74
2fc5133acbdef2e8 0 0 2097414,12,8,14,6,16,4,18,2,18,21,10,2,10,8,26,4,24,29,12,10,32,6,34,4,36,2,35,39,8,2,30,22,44,10,46,8,48,2,42,51,40,6,52,22,56,4,58,2,54,60,62,22,64,30,66,40,68,12,70,10,72,6,74,4,77
310aa2a233806c28 0 0 2031878,10,2,5,14,8,2,8,6,18,20,8,4,6,2,24,26,22,16,30,10,32,8,34,4,36,2,3,38,28,12,42,8,44,6,46,4,40,16,50,10,52,6,54,4,56,2,48,58,60,16,62,22,64,28,66,10,68,8,70,6,72,2,74
b6f53ebe2a5aa828 0 0 1966342,10,6,9,14,12,8,18,4,12,2,20,23,12,10,26,6,4,2,28,30,8,4,24,16,36,12,38,10,40,8,42,6,34,45,32,12,48,10,50,4,52,2,46,16,56,10,58,8,60,6,62,2,55,64,66,16,68,10,70,6,72
d410f50224dce420 0 0 2490630,10,4,14,2,8,4,18,2,16,20,12,8,24,6,26,4,28,2,12,6,32,4,34,2,30,36,12,10,40,6,42,2,4,2,45,46,8,2,38,22,52,12,54,10,56,8,58,6,60,4,51,63,48,12,66,10,68,4,64,22,72,10,74,8,76,2,70,79,80,22,82,38,84,12,86,6,88
fef3b91e7cb2bc28 0 0 2097414,10,8,14,4,8,4,18,2,17,20,12,6,24,4,12,8,28,6,30,4,26,32,12,10,36,6,38,2,4,2,40,42,8,2,34,22,48,12,50,10,52,8,54,6,56,4,47,58,44,12,62,10,64,2,60,22,68,10,66,70,72,22,74,44,76
c53e84bc447c14e0 0 0 2162950,8,4,14,2,12,16,10,8,20,6,10,6,22,24,12,10,28,6,30,4,4,2,33,34,26,18,38,12,40,10,42,8,44,6,46,2,15,49,36,12,52,10,54,2,50,18,58,12,60,8,62,2,56,65,66,18,68,26,70,36,72,10,74,6,76,2,78
3bcc81842d80c2c8 0 0 1573126,6,8,10,4,16,2,10,2,18,20,10,8,24,4,6,26,22,14,30,10,32,4,2,34,28,12,38,10,40,4,42,2,36,14,46,4,48,2,45,50,52,14,54,22,56,10,58,2,60
74f402f8b4345808 0 0 1638662,6,8,10,4,16,2,10,2,18,20,10,8,24,4,6,26,22,14,30,10,32,4,2,34,28,12,38,10,40,4,42,2,36,14,46,4,48,2,45,50,52,14,54,22,56,28,58,10,60,2,62
fdd729fc10608000 0 0 1835270,12,10,14,6,16,2,12,18,8,6,22,4,8,4,24,26,12,8,30,6,32,4,34,2,30,4,37,38,10,6,28,20,44,10,46,8,48,4,43,51,40,12,54,8,52,20,58,10,56,61,62,28,64,8,66,4,68
7a80cdb047e8f028 0 0 2359558,10,6,8,2,15,16,12,10,20,6,22,2,22,24,12,6,28,4,30,2,12,2,33,35,10,8,38,4,26,18,42,12,44,8,46,6,48,4,41,51,36,12,54,6,56,2,52,18,60,10,62,8,64,4,66,2,59,69,70,18,72,26,74,12,76,10,78,8,80,6,82,2,84
d68a04f888d4f0c0 0 0 2490630,8,6,14,2,12,8,18,6,20,4,22,2,16,24,10,2,10,4,30,2,29,33,10,8,36,6,38,4,36,41,12,6,44,4,34,26,48,12,50,10,52,6,54,4,56,2,47,58,42,10,62,8,64,6,66,4,68,2,60,26,72,12,74,6,71,77,78,34,80,42,82,10,84,4,86,2,89
4a32946466eeb848 0 0 2294022,10,8,14,4,10,2,16,18,12,8,22,6,24,4,26,2,26,28,12,10,32,6,34,4,36,2,34,39,8,2,30,20,44,12,46,6,48,4,43,51,40,12,54,10,56,4,58,2,52,20,62,8,61,65,66,20,68,30,70,40,72,12,74,10,76,8,78,6,80,4,82
a57798baa1de72a8 0 0 1573126,4,10,8,6,8,16,8,4,20,2,16,4,23,24,18,14,28,8,30,2,3,33,26,12,36,8,38,6,40,4,42,2,34,14,46,6,48,2,45,51,52,14,54,18,56,8,58,6,60
d41af008dc927008 0 0 1638662,4,10,8,6,9,17,16,4,20,2,8,4,22,25,18,14,28,8,30,6,32,2,3,34,26,12,38,8,40,4,42,2,36,14,46,6,48,2,44,51,52,18,54,26,56,8,58,6,60,2,63
4ddf9ff8ffc2e880 0 0 1900806,10,4,14,2,4,16,8,6,9,21,20,4,24,2,8,4,26,29,22,18,32,8,34,6,36,2,3,38,30,12,42,8,44,4,46,2,40,18,50,6,52,2,48,55,56,18,58,22,60,30,62,8,64,6,66,4,68,2,71
465a530662caee00 0 0 1442054,4,10,8,2,8,6,18,2,16,20,8,4,6,25,22,14,28,8,3,31,26,12,34,4,36,2,32,14,40,6,42,2,38,45,46,14,48,22,50,26,52,8,54,2,56
f11a55d88a2adee8 0 0 2031878,8,2,6,14,12,10,18,6,20,4,22,2,22,24,12,8,28,6,30,4,6,2,33,34,10,2,26,16,40,12,42,6,44,4,46,2,39,49,36,12,52,8,54,6,50,16,58,10,57,61,62,16,64,26,66,12,68,10,70,6,72,4,74
0433dadeef14d0e8 0 0 1966342,10,6,14,4,4,16,12,8,20,4,22,2,22,24,12,10,28,6,30,4,4,2,32,34,8,4,26,18,40,12,38,42,36,12,46,10,48,4,44,18,52,8,54,4,56,2,50,58,60,18,62,26,64,36,66,12,68,8,70,4,72
813e2ac0853ee2c0 0 0 1704198,4,2,10,14,8,6,18,2,6,2,20,22,18,4,7,26,24,16,30,10,32,6,3,35,28,12,38,8,40,6,42,2,36,16,46,10,48,2,44,51,52,24,54,28,56,8,58,6,60,4,62,2,64
2fd8591e40a696c0 0 0 1638662,5,10,6,2,9,16,8,4,7,20,18,14,24,10,26,6,3,29,22,12,32,8,34,6,36,2,30,14,40,10,42,2,38,45,46,14,48,18,50,22,52,10,54,8,56,6,58,4,60,2,62
ee1622c452b69268 0 0 1442054,8,6,6,2,14,17,10,2,4,20,14,4,24,2,17,26,22,18,30,8,32,4,2,35,28,12,38,6,36,18,42,8,40,45,46,18,48,22,50,12,52,6,54,4,56
8ace5cb03074ce88 0 0 1769734,4,2,10,4,14,16,8,2,8,6,22,2,21,25,22,4,28,2,8,4,30,33,26,18,36,10,38,8,40,6,42,2,3,44,34,12,48,8,50,4,52,2,46,18,56,10,54,59,60,26,62,34,64,8,67
8aca713ac080ce20 0 0 1769734,10,2,5,14,8,6,18,2,8,20,8,4,24,2,18,4,28,2,26,31,22,16,34,10,36,8,38,4,3,40,32,12,44,4,46,2,42,16,50,10,52,4,48,54,56,16,58,22,60,32,62,10,64,8,66
e8c8a808860c0a00 0 0 1900806,8,6,14,4,4,16,12,10,20,8,20,22,10,8,26,4,28,2,10,4,31,32,24,18,36,10,38,2,3,41,34,12,44,10,46,8,48,4,50,2,42,18,54,10,56,8,58,4,53,60,62,24,64,8,66,4,68,2,71
c9974db6a65296c8 0 0 1704198,10,8,14,6,16,4,18,2,10,20,14,2,12,8,24,26,6,2,6,4,31,32,12,10,36,8,38,6,40,2,28,22,44,10,46,8,48,4,43,51,34,4,52,22,56,12,58,10,60,4,54,63,64
02bd430cb5fab000 0 0 2031878,12,10,12,8,16,6,18,2,14,21,14,4,24,2,10,27,14,8,30,4,32,2,30,6,36,2,35,39,28,22,42,10,44,6,46,4,30,48,40,12,52,4,50,22,56,12,58,6,60,2,54,63,64,22,66,12,68,8,70,6,72,2,75
420b3f4aafbc0020 0 0 2031878,10,6,14,4,16,2,10,18,12,8,22,6,22,24,12,10,28,8,30,6,32,2,30,4,36,2,35,38,6,2,26,20,44,12,46,8,48,4,43,51,40,10,54,8,56,6,58,4,60,2,52,20,64,4,63,67,68,26,70,12,72,8,74
2b623f4a50bc0020 0 0 1966342,6,4,14,2,10,16,12,8,7,20,12,10,24,8,26,6,28,2,4,2,31,33,6,2,22,18,38,12,40,10,42,8,44,4,37,47,34,8,50,6,52,4,54,2,48,18,58,10,60,4,57,63,64,18,66,22,68,12,70,8,72
f7e0771ac85e0ce0 0 0 1376518,8,2,6,14,10,4,4,18,8,4,6,22,20,16,26,4,28,2,2,30,24,12,34,6,36,4,38,2,32,16,42,2,40,44,46,16,48,20,50,24,52,4,54
bac0851a49d27608 0 0 1704198,12,10,14,8,16,4,4,18,12,2,8,6,24,4,26,2,23,28,6,2,6,4,32,35,30,20,38,6,40,2,27,42,36,8,44,20,48,12,50,4,52,2,46,55,56,20,58,36,60,8,62,4,64
eef2b62a0c10dc40 0 0 1442054,12,6,14,2,14,16,4,6,10,8,8,22,20,18,26,12,28,8,30,6,32,2,2,34,24,12,38,8,36,18,42,12,44,6,46,4,40,48,50,18,52,12,54,6,56
3e391ec643823628 0 0 2162950,10,6,14,4,2,16,12,8,20,4,22,2,12,10,26,8,24,28,10,8,32,4,34,2,8,4,37,38,30,18,42,8,44,2,5,47,40,12,50,10,52,8,54,4,56,2,48,18,60,10,62,8,64,2,59,66,68,18,70,30,72,10,74,4,76,2,79
c576956289dc26c8 0 0 2031878,8,6,14,4,4,2,16,19,12,10,22,8,22,24,10,8,28,4,30,2,10,4,32,35,26,20,38,10,3,41,36,12,44,10,46,4,42,20,50,10,52,8,54,4,48,57,58,26,60,36,62,42,64,12,66,8,68,6,70,4,72,2,75
849634a6e002fa68 0 0 2031878,8,2,12,10,16,8,18,6,20,4,14,22,18,4,26,2,12,8,30,4,29,32,6,4,36,2,36,39,10,8,42,2,34,24,46,12,48,8,50,2,44,53,40,6,54,24,58,10,60,6,62,4,56,64,66,24,68,34,70,8,72,6,74
74c2bf90078270a0 0 0 2097414,8,2,12,10,16,8,18,6,20,4,14,22,18,4,26,2,12,8,30,4,29,32,6,4,36,2,36,39,10,8,42,2,34,24,46,12,48,8,50,2,44,53,40,6,54,24,58,10,60,6,62,4,56,64,66,24,68,34,70,40,72,8,74,6,76
d2ecc49ce322ba48 0 0 2097414,8,2,12,10,16,8,18,6,20,4,22,2,14,24,18,4,28,2,19,30,10,6,34,4,36,2,36,39,8,4,42,2,32,26,46,12,48,8,50,4,44,53,40,6,56,2,54,26,60,10,62,6,59,64,66,32,68,54,70,10,72,8,74,4,76
3bf371508a422e00 0 0 1900806,8,2,12,10,16,6,14,18,16,2,16,4,22,25,10,6,28,2,28,31,8,4,34,2,26,20,38,12,40,4,36,42,32,6,44,20,48,10,50,6,52,4,54,2,47,57,58,26,60,32,62,44,64,10,66,6,68,4,71
dff6d7d4004008c8 0 0 1835270,12,10,14,4,2,16,12,6,12,8,22,6,24,2,20,26,8,6,6,4,31,32,28,18,36,6,5,39,34,12,42,8,44,6,46,4,48,2,40,18,52,8,54,6,56,4,58,2,51,60,62,28,64,8,66,2,69
dddf2a02bc1488a0 0 0 1769734,12,10,14,4,2,16,12,4,20,2,12,8,22,24,8,6,28,4,6,4,31,32,26,18,36,6,5,39,34,12,42,8,44,4,40,18,48,8,50,6,52,2,47,54,56,18,58,26,60,8,62,4,64,2,67
a4803b2abf2a8080 0 0 1835270,12,10,14,4,2,16,12,4,12,8,22,6,24,2,21,26,8,4,6,4,30,32,28,18,36,6,5,39,34,12,42,8,44,6,46,4,48,2,40,18,52,8,54,2,51,57,58,28,60,34,62,8,64,6,66,2,68
a558594a32406408 0 0 1835270,12,10,14,4,2,16,12,4,20,2,12,8,22,24,8,6,28,4,6,4,31,32,26,18,36,6,5,39,34,12,42,8,44,4,40,18,48,8,50,6,52,2,47,54,56,18,58,26,60,34,62,8,64,4,66,2,69
fd0555a227ace6c8 0 0 2031878,12,10,14,6,2,16,12,6,20,4,12,8,22,25,6,4,28,2,8,4,32,2,31,34,4,2,26,18,40,8,38,42,36,12,46,8,48,4,50,2,44,18,54,6,56,2,53,59,60,26,62,36,64,44,66,12,68,8,70,4,72,2,75
dbf7f53050922400 0 0 1966342,12,10,14,6,2,16,12,6,20,4,12,8,24,2,22,26,6,4,30,2,8,4,33,35,4,2,28,18,40,8,42,2,38,45,36,12,48,8,50,4,46,18,54,6,56,2,52,59,60,18,62,28,64,36,66,46,68,8,70,4,72
121f15e8bc820200 0 0 2031878,12,10,14,8,16,6,18,2,18,4,22,2,21,24,16,4,14,4,29,31,10,6,34,2,34,37,8,4,40,2,32,26,44,12,46,4,42,49,38,6,50,26,54,10,56,8,58,6,52,60,62,26,64,32,66,12,68,10,70,8,72,6,75
a1b6a030de00c660 0 0 2162950,12,10,14,6,16,4,16,19,14,8,15,23,10,6,26,4,28,2,28,31,8,4,34,2,24,20,38,12,40,8,42,4,36,44,32,6,48,2,46,20,52,10,54,8,56,6,58,4,60,2,50,63,64,20,66,24,68,32,70,12,72,10,74,8,76,2,79
603ee448b9603e40 0 0 2294022,12,10,14,6,16,4,18,2,12,6,22,4,24,2,21,26,12,4,12,8,32,4,30,34,6,4,38,2,38,41,10,8,44,2,36,28,48,12,50,8,52,2,46,54,42,6,56,28,60,8,62,6,64,4,66,2,59,69,70,36,72,56,74,12,76,8,78,6,80,2,83
e48767d6e5d61608 0 0 2359558,12,10,14,6,16,4,18,2,12,6,22,4,24,2,21,26,12,4,12,8,32,4,30,34,6,4,38,2,38,41,10,8,44,2,36,28,48,12,50,8,52,2,46,54,42,6,56,28,60,8,62,6,64,4,66,2,59,69,70,36,72,42,74,56,76,12,78,8,80,6,82,2,85
5541dd72a7089408 0 0 1376518,12,6,14,4,2,16,6,4,6,21,10,2,9,24,22,18,28,8,2,31,26,12,34,10,36,8,38,4,40,2,32,18,44,8,46,4,43,48,50,18,52,2,54
1144b0ba0744fce0 0 0 1638662,12,8,14,6,16,4,2,18,6,4,6,23,10,8,26,2,9,28,24,20,32,8,2,35,30,12,38,10,40,8,42,4,44,2,36,20,48,8,50,4,47,52,54,20,56,24,58,30,60,10,62
66962d14e888de28 0 0 1900806,10,4,14,2,12,10,18,6,20,4,17,22,12,4,26,2,2,29,10,8,32,4,7,34,30,24,38,6,15,41,36,12,44,8,46,2,42,24,50,12,52,6,54,4,49,56,58,24,60,30,62,10,64,6,66,4,68,2,71
829a688c90428668 0 0 1900806,10,4,14,2,12,10,18,6,20,4,17,22,12,4,26,2,2,29,10,8,32,4,7,34,30,24,38,6,15,41,36,12,44,8,46,2,42,24,50,12,52,6,54,4,49,56,58,24,60,30,62,36,64,8,66,6,68,2,71
228f6b76767e9a88 0 0 1704198,12,6,14,2,14,17,10,4,20,2,12,10,22,25,10,8,28,4,7,30,26,18,34,6,21,37,32,12,40,8,42,2,38,18,46,12,48,6,50,4,52,2,45,54,56,18,58,26,60,12,62,10,65
74e54ceeae6aea48 0 0 1835270,12,6,14,2,14,17,10,4,20,2,12,10,22,25,10,8,28,4,7,30,26,18,34,6,21,37,32,12,40,8,42,2,38,18,46,12,48,6,50,4,52,2,45,54,56,18,58,26,60,32,62,12,64,8,66,4,69
103050603e5a7400 0 0 1769734,12,6,14,2,15,16,10,4,20,2,12,10,24,2,22,27,10,8,30,4,7,32,28,18,36,6,21,39,34,12,42,8,44,2,40,18,48,12,50,6,52,4,46,54,56,28,58,40,60,10,62,6,64,4,67
a7d77088a5d87288 0 0 1769734,12,10,14,6,16,4,18,2,4,20,2,13,8,4,7,26,4,2,24,22,32,6,30,35,28,12,38,8,40,6,36,22,44,12,46,6,48,2,42,50,52,24,54,28,56,36,58,12,60,8,62,6,64,2,66
75f35f605128c000 0 0 1769734,12,8,14,4,16,2,2,18,12,4,12,10,24,4,23,27,6,2,5,30,10,2,28,20,36,4,34,39,32,8,42,6,44,4,40,20,48,10,50,4,46,53,54,20,56,28,58,12,60,10,62,8,64,4,67
adbef852f7820808 0 0 1966342,12,8,14,4,16,2,2,18,12,4,12,10,24,4,23,27,6,2,5,30,10,2,28,20,36,4,34,39,32,8,42,6,44,4,40,20,48,10,50,4,46,53,54,20,56,28,58,32,60,12,62,10,64,8,66,6,68,4,70,2,73
1db6b69eb6dede60 0 0 1769734,12,10,14,4,2,16,12,8,20,6,22,2,22,4,24,27,8,6,6,4,32,2,30,34,28,18,38,6,40,4,42,2,5,44,36,12,48,6,50,4,52,2,46,18,56,6,54,59,60,28,62,12,64,4,66
71251b5edafe1a20 0 0 1769734,12,10,14,4,2,16,12,8,20,4,22,2,20,25,8,6,28,4,6,4,30,33,26,18,36,6,38,4,5,41,34,12,44,4,42,18,48,6,50,2,46,52,54,26,56,42,58,12,60,8,62,6,64,4,67
df7210485d501048 0 0 1835270,12,10,14,4,2,16,12,8,20,4,22,2,20,25,8,6,28,4,6,4,30,33,26,18,36,6,38,4,5,41,34,12,44,4,42,18,48,6,50,2,46,52,54,18,56,26,58,42,60,12,62,8,64,6,66,4,69
96ba3cdc99ba00e0 0 0 2031878,8,4,14,2,10,8,16,18,12,10,22,8,24,6,26,2,8,29,4,2,18,4,32,34,12,6,38,2,30,20,42,8,44,6,41,47,36,6,50,4,48,20,54,12,56,10,58,4,60,2,53,62,64,20,66,30,68,10,70,6,72,4,75
8e35b9ce886626c8 0 0 1245446,12,10,14,8,7,16,14,6,7,21,2,4,8,6,22,18,28,10,27,30,24,6,32,18,36,12,38,6,35,41,42,22,44,32,46,12,48,8,50
009b44206ff4acc8 0 0 2097414,8,4,14,2,10,8,18,6,16,20,12,10,24,2,8,27,4,2,20,2,30,32,12,8,36,6,38,2,28,22,42,8,44,6,41,47,34,6,50,2,48,22,54,12,56,10,58,8,60,6,53,62,64,22,66,28,68,34,70,10,72,8,74,6,77
e52cafaabc1c60c0 0 0 1966342,10,8,14,2,8,6,18,2,16,20,12,10,24,6,26,2,15,28,18,4,3,32,24,8,30,22,38,10,40,8,42,6,36,44,34,6,48,4,50,2,46,22,54,12,56,8,58,4,53,60,62,30,64,46,66,6,68,4,70,2,72
ec3fc1e23e129448 0 0 1966342,10,8,14,2,8,6,18,2,16,20,12,10,24,6,26,2,15,28,18,4,32,2,3,35,24,8,30,22,40,10,42,8,44,6,38,46,36,6,50,4,48,22,54,12,56,8,58,4,60,2,52,63,64,30,66,36,68,48,70,2,72
df3bbf04d1604ea0 0 0 1704198,12,8,14,6,4,16,8,6,20,4,22,2,4,2,24,27,10,8,30,4,27,33,28,18,36,8,38,2,3,40,34,10,44,8,46,6,48,4,42,18,52,10,54,4,51,56,58,18,60,28,62,8,64
66c9da0295def440 0 0 1769734,10,8,4,14,6,2,4,2,18,21,6,4,8,6,26,2,25,28,22,16,32,12,34,8,36,2,3,38,30,12,42,4,44,2,40,16,48,12,50,6,52,2,46,55,56,16,58,22,60,12,62,6,64,4,66
4b6dab4eab4eae88 0 0 2097414,12,10,14,6,16,4,18,2,18,20,4,2,6,25,10,4,9,28,26,22,32,12,34,10,36,8,38,6,40,4,2,43,30,12,46,10,48,8,50,4,52,2,44,22,56,12,58,10,60,6,55,63,64,22,66,30,68,8,70,6,72,4,74,2,77
8d7ffc864df42e68 0 0 1376518,6,2,12,2,14,16,12,8,2,20,10,4,4,24,22,18,28,6,30,4,32,2,6,34,26,12,38,4,36,18,42,8,44,2,40,46,48,18,50,22,52,2,54
b2ce32283d723228 0 0 1966342,12,6,14,2,12,10,18,6,20,4,16,23,12,4,26,2,2,29,10,8,32,4,6,34,10,4,30,24,40,12,42,2,39,44,36,12,48,10,50,4,52,2,46,24,56,10,58,6,60,2,55,62,64,24,66,30,68,6,70,2,72
acf743ba45b40060 0 0 2031878,12,6,14,2,12,10,18,6,20,4,16,23,12,4,26,2,2,29,10,8,32,4,6,34,10,4,30,24,40,12,42,2,39,44,36,12,48,10,50,4,52,2,46,24,56,10,58,6,60,2,55,62,64,24,66,30,68,36,70,6,72,2,74
2453615a865e3ca8 0 0 1638662,12,8,14,4,16,2,16,18,12,10,22,8,24,2,12,26,6,2,4,30,10,8,28,20,36,12,38,8,40,2,34,42,32,8,44,20,48,10,50,4,52,2,46,54,56,20,58,28,60,4,62
4707e2c810d04ae0 0 0 1704198,12,8,14,4,16,2,16,18,12,10,22,8,24,2,12,26,6,2,4,30,10,8,28,20,36,12,38,8,40,2,34,42,32,8,44,20,48,10,50,4,52,2,46,54,56,20,58,28,60,32,62,4,64
3ded3c9c1494b040 0 0 2228486,12,10,14,8,16,2,17,19,12,8,22,4,24,2,14,4,28,2,27,31,6,2,4,34,10,8,38,2,32,20,42,12,44,10,46,8,48,4,50,2,40,53,36,8,56,2,54,20,60,10,62,4,64,2,58,66,68,32,70,54,72,12,74,10,76,8,78,4,81
202c3acce4188e88 0 0 2294022,12,10,14,8,16,2,17,19,12,8,22,4,24,2,14,4,28,2,27,31,6,2,4,34,10,8,38,2,32,20,42,12,44,10,46,8,48,4,50,2,40,53,36,8,56,2,54,20,60,10,62,4,64,2,58,66,68,32,70,36,72,54,74,12,76,10,78,8,80,4,83
7db90d9cf1ca0e60 0 0 1900806,12,10,14,4,16,2,3,19,14,8,22,4,24,2,10,26,6,2,4,30,10,2,28,20,36,12,38,10,40,2,35,43,32,8,46,4,44,20,50,12,52,4,54,2,49,57,58,20,60,28,62,12,64,10,66,4,68,2,71
5460ea3000de7848 0 0 1507590,12,6,3,15,12,10,10,4,20,2,18,22,10,8,26,4,6,28,24,16,32,12,21,35,30,12,38,10,40,4,42,2,36,16,46,10,48,6,45,51,52,16,54,12,56,2,59
a78b97bef55a42e8 0 0 1573126,12,6,3,15,12,10,10,4,20,2,18,22,10,8,26,4,6,28,24,16,32,12,21,35,30,12,38,10,40,4,42,2,36,16,46,10,48,6,45,51,52,16,54,30,56,12,58,2,61
66ec6e82d9acaee8 0 0 1704198,12,6,3,14,12,10,18,2,10,4,22,2,20,24,10,8,28,4,6,30,26,16,34,12,23,36,32,12,40,10,42,4,44,2,38,16,48,10,50,6,52,2,46,54,56,26,58,38,60,12,62,6,64
548422b8225854a8 0 0 1769734,12,6,3,14,12,10,18,2,10,4,22,2,20,24,10,8,28,4,6,30,26,16,34,12,23,36,32,12,40,10,42,4,44,2,38,16,48,10,50,6,52,2,46,54,56,26,58,32,60,38,62,12,64,6,66
d659d1aa5e2eac28 0 0 1966342,10,8,12,10,16,4,18,2,14,21,16,8,24,4,26,2,27,28,6,4,4,32,14,2,30,22,38,12,40,10,42,2,37,45,34,8,48,4,46,22,52,8,54,2,51,56,58,22,60,30,62,34,64,12,66,10,68,4,70,2,73
bbf440f0cd287a60 0 0 1442054,10,8,12,4,15,17,12,8,20,4,22,2,23,24,6,4,4,28,14,2,26,18,34,12,32,37,30,8,40,4,38,18,44,8,46,2,42,49,50,26,52,38,54,10,56
065102aae59822a0 0 0 1573126,10,8,12,4,15,17,12,8,20,4,22,2,23,24,6,4,4,28,14,2,26,18,34,12,32,37,30,8,40,4,38,18,44,8,46,2,42,49,50,26,52,30,54,38,56,10,58,4,60
5d41559c1c1e88a0 0 0 1900806,12,10,14,6,16,2,4,18,8,6,12,8,22,25,6,2,22,2,28,30,4,2,26,20,36,6,38,4,40,2,34,42,32,12,46,8,48,6,50,4,52,2,44,20,56,8,58,6,60,4,55,62,64,20,66,26,68,2,70
484ae2c078e0f048 0 0 1704198,12,10,14,6,16,4,4,18,8,6,12,8,24,4,26,2,22,28,8,2,22,2,33,34,4,2,30,20,40,8,42,4,44,2,38,47,36,12,48,20,52,8,54,6,56,4,51,58,60,30,62,48,64
ba74c4003a74cc88 0 0 2031878,12,10,14,6,16,4,4,18,8,6,22,4,12,8,26,6,28,4,24,30,8,4,34,2,24,2,37,38,4,2,32,20,44,8,46,2,42,49,40,12,52,6,54,4,56,2,50,20,60,8,62,6,59,64,66,20,68,32,70,50,72,4,74
cb682d06d00ebe60 0 0 1966342,12,10,14,6,16,2,4,18,8,6,22,4,24,2,12,8,28,6,30,4,32,2,27,35,8,4,25,38,4,2,36,20,44,8,42,46,40,12,50,6,52,4,54,2,48,20,58,8,60,6,62,2,57,65,66,36,68,40,70,48,72
ae6368e06b2e6868 0 0 2031878,12,10,14,6,16,4,4,18,12,8,22,6,24,4,26,2,9,29,8,6,32,2,8,2,34,37,4,2,30,20,42,8,44,6,46,4,48,2,40,50,38,12,52,20,56,8,58,4,55,61,62,20,64,30,66,38,68,52,70,6,72,2,74
30b23a1aaa220080 0 0 1966342,10,6,14,2,2,16,12,8,12,10,22,8,20,24,8,4,10,4,30,2,28,32,4,2,26,18,38,8,40,4,42,2,36,44,34,12,48,10,50,4,52,2,46,18,56,12,58,8,60,2,54,62,64,18,66,26,68,8,70,2,72
f1df039607924ee8 0 0 1507590,10,8,14,6,16,4,2,18,14,4,22,2,12,2,25,26,9,10,4,2,28,20,34,10,36,2,32,38,30,12,42,10,40,20,46,10,48,8,50,4,44,53,54,20,56,28,58
c22012009280e8a0 0 0 1114374,6,10,6,4,16,2,10,18,6,2,18,22,20,14,26,12,28,10,2,30,24,8,34,6,36,4,38,2,32,14,40,42,44,14,46
25be11aa2d8ada08 0 0 1704198,12,10,14,8,16,6,4,18,12,8,12,6,24,4,23,27,8,4,6,2,30,32,4,2,28,20,38,8,36,40,34,12,44,8,46,6,48,4,42,20,52,12,54,8,56,4,51,59,60,28,62,42,64
4bf37f92de00d608 0 0 917766,6,10,6,4,10,16,6,2,16,20,18,14,24,12,2,26,22,8,30,4,32,2,28,14,35,36,38,18,40
c042f0b218b25a48 0 0 1704198,12,10,14,6,16,4,4,18,12,2,12,8,24,6,26,4,22,28,8,4,6,32,4,2,30,20,38,8,36,40,34,12,44,6,46,4,42,20,50,12,52,4,54,2,48,56,58,30,60,34,62,42,64
ddfefe54f64c7080 0 0 1769734,12,8,14,4,16,2,3,18,12,4,11,22,6,2,4,26,10,2,24,20,32,12,34,8,30,37,28,8,40,4,42,2,38,20,46,12,48,10,50,8,52,4,54,2,44,57,58,20,60,24,62,4,64,2,66
91997bd8dd16c8a8 0 0 1835270,12,8,14,4,16,2,3,18,12,4,11,22,6,2,4,26,10,2,24,20,32,12,34,8,30,37,28,8,40,4,42,2,38,20,46,12,48,10,50,8,52,4,54,2,44,57,58,20,60,24,62,28,64,4,66,2,68
4462692a21389680 0 0 1835270,12,10,14,2,3,16,10,4,20,2,14,6,24,4,23,26,10,8,30,4,6,32,28,18,36,12,38,10,40,6,20,43,34,12,46,10,48,4,50,2,44,18,54,10,56,4,53,58,60,18,62,28,64,10,66,6,68
eb0bde6e0040b808 0 0 1900806,12,10,14,2,3,16,10,4,20,2,14,6,24,4,23,26,10,8,30,4,6,32,28,18,36,12,38,10,40,6,20,43,34,12,46,10,48,4,50,2,44,18,54,10,56,4,53,58,60,18,62,28,64,34,66,10,68,6,70
4d4ac840a8504400 0 0 1638662,12,10,14,4,4,16,12,6,20,2,20,22,8,4,26,2,6,28,4,2,24,18,34,12,32,36,30,12,40,4,42,2,38,18,46,12,48,6,50,4,44,52,54,24,56,30,58,6,60,4,62
9352e388dce2dc48 0 0 1966342,10,6,12,10,16,8,18,6,20,4,22,2,15,25,16,6,28,4,30,2,30,32,6,4,4,36,14,2,34,26,42,12,41,45,38,8,48,4,46,26,52,8,54,2,51,57,58,26,60,34,62,38,64,10,66,8,68,6,70,2,73
fbfed228e8fef228 0 0 1573126,12,10,4,14,12,6,18,2,18,20,8,4,24,2,6,26,4,2,22,16,32,12,34,4,30,36,28,12,40,4,42,2,38,16,46,12,48,6,50,4,44,52,54,22,56,28,58,6,60
0d1e067cc93c54c8 0 0 2031878,12,10,14,8,16,6,18,4,20,2,21,22,12,4,26,2,14,6,30,4,32,2,29,35,6,4,4,38,10,6,42,2,36,24,46,12,45,48,40,8,52,4,50,24,56,10,58,8,60,6,55,63,64,24,66,36,68,12,70,10,72,6,75
73bb4f267f740808 0 0 2162950,12,10,14,8,16,6,18,4,20,2,21,22,12,4,26,2,14,6,30,4,32,2,29,35,6,4,4,38,10,6,42,2,36,24,46,12,45,48,40,8,52,4,50,24,56,10,58,8,60,6,55,63,64,24,66,36,68,40,70,12,72,10,74,6,76,4,79
c31c26cae31606c0 0 0 1310982,4,6,12,2,3,16,10,2,8,20,18,14,24,12,26,8,28,2,3,30,22,12,34,8,36,4,38,2,32,14,42,4,44,2,40,47,48,14,50,18,52
42b6169e3e606a48 0 0 1310982,4,6,12,8,16,2,3,18,10,8,22,2,8,24,20,14,28,12,30,2,3,32,26,12,36,4,38,2,34,14,42,4,44,2,40,47,48,20,50,26,52
21d99b76ec725688 0 0 1573126,12,8,14,4,16,2,2,18,12,6,6,22,10,6,4,26,6,2,24,20,32,12,34,6,36,4,30,38,28,12,42,6,44,4,46,2,40,20,50,6,52,2,48,54,56,20,58,24,60
2987d79c78d67668 0 0 1376518,12,8,14,6,16,2,2,18,6,2,12,2,23,25,10,4,4,28,26,20,32,12,34,4,36,2,7,39,30,12,42,4,40,20,46,6,45,49,50,26,52,40,54
a7fce4fc05c8ecc8 0 0 1835270,12,10,14,6,16,4,2,18,12,2,4,23,6,2,8,4,27,28,4,2,24,20,34,12,36,6,32,38,30,12,42,6,44,2,40,20,48,4,50,2,46,52,54,20,56,24,58,30,60,40,62,8,64,4,66,2,68
a65d564cae4c54a8 0 0 1769734,12,10,14,6,16,4,2,18,12,2,12,4,22,25,8,6,28,4,30,2,6,32,26,20,36,6,38,4,40,2,5,43,34,12,46,6,48,4,50,2,44,20,54,12,53,56,58,20,60,26,62,44,64,12,66
d49b739e64b29648 0 0 2097414,12,10,14,8,16,4,2,18,12,8,22,6,24,4,24,26,6,2,8,4,32,2,30,34,4,2,28,20,40,6,42,4,44,2,38,46,36,12,50,8,52,4,48,20,56,12,58,8,60,6,62,2,54,64,66,20,68,28,70,36,72,48,74,6,76
e3ee0e002e3a00e8 0 0 1704198,10,8,14,6,16,4,4,18,14,4,12,8,24,4,22,26,10,2,14,2,30,32,4,2,28,20,38,12,40,2,36,42,34,12,46,10,48,8,50,2,44,20,54,10,56,8,52,58,60,28,62,4,64
696f477e71826ca0 0 0 1310982,6,10,6,4,16,2,10,18,6,2,18,22,20,14,26,12,28,10,2,30,24,8,34,6,36,4,38,2,32,14,40,42,44,14,46,24,48,6,50,2,52
6f3e0f921ddab440 0 0 1507590,10,6,14,2,6,17,6,4,17,20,6,2,20,24,22,18,28,12,30,8,32,6,34,2,2,36,26,8,40,4,42,2,38,18,45,46,48,18,50,22,52,26,54,6,56,4,58
b8bd7abc5a725440 0 0 1245446,10,6,6,15,6,4,15,18,6,2,4,22,20,16,26,12,28,8,30,4,32,2,2,34,24,8,38,4,36,16,40,42,44,20,46,24,48,4,50
af153a2a4454b8a8 0 0 1048838,6,2,10,14,6,4,10,18,18,2,14,22,20,16,26,12,2,28,24,8,32,6,34,4,36,2,30,16,38,40,42,16,44
4520ca0a45a86028 0 0 1245446,6,2,10,14,6,4,10,18,18,2,14,22,20,16,26,12,2,28,24,8,32,6,34,4,36,2,30,16,38,40,42,16,44,24,46,6,48,2,50
82c2e626028eccc0 0 0 1704198,10,8,14,6,16,4,4,18,14,4,12,8,24,4,22,26,10,2,14,2,30,32,4,2,28,20,38,12,40,2,36,42,34,12,46,10,48,8,50,2,44,20,54,10,56,8,52,58,60,20,62,28,64
408950dc04084e08 0 0 1900806,10,8,14,6,16,4,4,18,12,8,15,23,10,2,14,4,28,2,26,31,4,2,24,20,36,12,38,2,34,40,32,12,44,10,46,8,48,4,50,2,42,20,54,10,56,8,58,4,53,61,62,24,64,32,66,4,68,2,70
ff8bb3d87dfaa8c0 0 0 1900806,10,8,14,6,16,4,4,18,14,4,12,8,24,4,22,26,10,2,14,2,30,32,4,2,28,20,38,12,40,2,36,42,34,12,46,10,48,8,50,2,44,20,54,10,56,8,52,58,60,20,62,28,64,34,66,10,68,2,70
1defefae59545440 0 0 1507590,12,6,9,14,12,10,18,8,20,6,2,22,6,4,26,2,6,28,8,2,24,16,34,8,33,37,30,8,38,16,41,42,44,16,46,24,48,30,50,12,52,8,54,6,56,2,59
8868f188fe0888e8 0 0 1638662,12,4,14,2,12,6,18,4,16,21,12,10,24,6,4,26,8,6,30,4,6,32,4,2,28,22,38,12,40,4,42,2,37,44,34,12,48,4,50,2,46,22,52,54,56,22,58,28,60,12,62
7808888880007080 0 0 1114374,8,2,12,10,14,16,12,2,12,21,4,6,22,18,26,12,28,10,9,30,24,8,34,2,32,18,36,38,40,18,42,22,44,24,46
1ea234c4f0e6da80 0 0 1704198,3,10,10,8,16,6,18,2,16,21,4,2,3,24,8,4,28,2,22,14,32,10,34,8,36,2,30,39,26,6,42,4,40,14,46,12,48,8,50,6,52,4,45,54,56,14,58,22,60,12,62,8,64
33b902a80a802a80 0 0 983302,8,12,12,10,16,2,16,19,4,6,8,2,20,14,26,12,25,28,22,8,30,14,32,34,36,20,38,30,40,12,42
570a820a8a82a028 0 0 1048838,8,12,12,10,16,2,16,19,4,6,8,2,20,14,26,12,25,28,22,8,30,14,32,34,36,20,38,22,40,30,42,12,44
7ab236bea4a02460 0 0 1900806,10,6,3,14,8,6,18,4,8,4,22,2,20,24,4,2,3,28,10,8,32,6,26,16,36,10,38,8,40,4,34,42,30,6,46,4,44,16,50,12,52,10,54,8,56,6,58,4,48,60,62,26,64,44,66,8,68,4,70
e134ad5245f6ac60 0 0 1900806,12,10,14,6,16,2,2,18,8,6,22,4,24,2,12,8,26,29,22,2,7,32,4,2,30,20,38,12,40,4,42,2,36,44,34,12,48,8,50,6,52,2,46,20,56,8,58,6,60,4,54,62,64,20,66,30,68,4,70
5cc48842d41c1288 0 0 1966342,12,10,14,6,16,4,2,18,8,6,22,4,24,2,12,8,26,29,22,2,7,32,4,2,30,20,38,12,40,4,42,2,36,44,34,12,48,8,50,6,52,2,46,20,56,8,58,6,60,4,54,62,64,30,66,34,68,8,70,4,72
92a5af9098ac9ca0 0 0 1769734,12,10,14,6,16,4,2,18,12,8,8,23,8,4,7,26,4,2,24,20,32,12,34,6,30,36,28,12,40,8,42,6,44,2,38,20,48,8,50,2,46,52,54,20,56,24,58,28,60,8,62,4,64,2,66
0d4126e2fe3a04c0 0 0 1835270,12,10,14,6,16,4,2,18,8,6,22,4,24,2,12,8,28,4,30,2,26,32,22,2,8,36,4,2,34,20,42,12,44,8,46,6,40,48,38,12,52,4,50,20,56,8,58,6,60,4,54,62,64,34,66,50,68
71f801988810a820 0 0 1769734,12,8,14,4,16,2,14,6,18,20,4,2,12,10,26,4,28,2,24,31,6,4,8,6,36,4,38,2,34,40,32,22,44,12,46,10,4,49,42,12,52,8,54,4,56,2,50,22,58,60,62,22,64,32,66
bf06826617aee6a8 0 0 1769734,12,8,14,6,16,4,18,2,15,21,4,2,12,10,26,4,28,2,24,31,6,4,8,4,34,36,32,22,40,12,42,10,4,45,38,12,48,8,50,6,52,4,54,2,46,22,57,58,60,22,62,32,64,38,66
ab83c46efa5ae248 0 0 2097414,12,10,14,4,16,2,2,18,12,8,22,2,12,6,25,26,6,4,8,6,32,4,31,34,28,20,38,8,40,4,42,2,5,44,36,12,48,4,50,2,46,20,54,12,56,8,53,59,60,28,62,36,64,46,66,12,68,8,70,6,72,4,74,2,77
d38b75f45742a8a8 0 0 1966342,12,10,2,14,12,8,12,6,20,2,18,23,6,4,26,2,8,6,30,4,32,2,28,35,4,2,24,16,40,8,42,4,38,45,36,12,48,4,50,2,46,16,54,12,56,8,58,2,53,60,62,16,64,24,66,36,68,46,70,2,72
5bd690d67340b840 0 0 1310982,4,8,12,8,3,16,10,4,10,6,22,4,20,25,6,2,18,14,30,12,32,8,34,2,28,37,26,4,38,14,40,42,44,14,46,18,48,12,50,8,52
1d04bafe89ac12c0 0 0 1966342,12,10,14,4,2,16,12,8,20,6,22,4,24,2,23,26,8,4,30,2,6,4,32,35,28,18,38,6,40,4,5,43,36,12,46,4,48,2,44,18,52,6,54,2,51,56,58,28,60,36,62,44,64,12,66,6,68,4,70,2,72
f0d2c8ba02e0ba08 0 0 1835270,10,8,14,6,16,4,4,18,12,4,6,4,23,24,24,2,8,2,29,30,26,20,34,8,36,2,3,38,32,12,42,8,44,6,46,4,40,20,50,12,52,8,54,6,56,2,48,59,60,20,62,26,64,32,66,8,68
56abd288f0a89ac0 0 0 1835270,10,8,14,6,4,2,16,19,12,2,6,4,24,2,22,27,9,24,28,20,32,8,3,35,30,12,38,8,40,6,36,20,44,12,46,8,48,6,50,4,42,52,54,28,56,36,58,12,60,10,62,8,64,6,66,2,69
9555372aff428068 0 0 2162950,10,8,14,6,4,2,16,19,12,2,6,4,24,2,22,27,8,2,24,30,28,20,34,8,36,2,3,38,32,12,42,8,44,6,46,2,40,20,50,12,52,8,54,6,56,4,58,2,49,61,62,28,64,32,66,40,68,12,70,10,72,8,74,4,76,2,79
dfc860206030da88 0 0 1835270,12,10,14,8,4,2,16,19,12,8,22,6,24,4,26,2,8,6,30,4,29,32,32,2,6,4,38,2,36,40,34,20,44,6,46,4,48,2,5,50,42,12,54,6,52,20,58,12,60,6,62,4,56,65,66,34,68
20cd9f7a5ab4ae48 0 0 2097414,12,10,14,8,16,6,18,4,4,20,12,8,24,4,26,2,8,4,30,2,28,32,6,4,30,37,4,2,34,22,42,6,44,4,40,47,38,12,50,6,52,2,48,22,56,12,58,6,60,4,55,63,64,22,66,34,68,38,70,12,72,8,74,6,77
f9ea0fce808ae0c8 0 0 1704198,12,10,14,4,4,16,12,8,20,6,22,4,6,4,25,26,26,2,8,30,4,2,28,18,36,8,34,38,32,12,42,4,44,2,40,18,48,12,47,51,52,18,54,28,56,40,58,12,60,4,62,2,65
d6e9a37839ecb688 0 0 1835270,12,10,14,4,16,2,4,2,19,21,12,8,24,6,26,4,6,4,30,2,29,33,8,31,34,22,38,8,5,40,36,12,44,4,46,2,42,22,50,12,52,2,49,54,56,34,58,36,60,42,62,10,64,8,66,6,68
2c6f3cac9d0c2260 0 0 1769734,6,2,12,8,16,4,15,18,12,4,22,2,10,2,25,26,8,4,3,30,10,6,34,2,28,20,38,2,36,41,32,4,42,20,46,12,48,10,50,4,52,2,44,54,56,20,58,28,60,12,62,10,64,4,66
0a1a2f1a1468a4a8 0 0 1835270,6,2,12,8,16,4,15,18,12,4,22,2,10,2,25,26,8,4,3,30,10,6,34,2,28,20,38,2,36,41,32,4,42,20,46,12,48,10,50,4,52,2,44,54,56,20,58,28,60,32,62,12,64,10,66,8,68
823a61623c3a02c8 0 0 1769734,8,2,12,10,16,6,18,4,20,2,15,22,16,4,26,2,10,2,28,30,6,4,34,2,3,36,10,8,40,2,32,24,44,2,42,47,38,4,48,24,52,12,54,4,56,2,51,59,60,32,62,48,64,6,67
4f094bc03ab0f2e0 0 0 1835270,8,2,12,10,16,6,18,4,20,2,15,22,16,4,26,2,10,2,28,30,6,4,34,2,3,36,10,8,40,2,32,24,44,2,42,47,38,4,48,24,52,12,54,4,56,2,51,59,60,32,62,38,64,48,66,4,69
7582deea710adac8 0 0 1704198,12,10,4,14,12,6,18,4,20,2,6,2,22,25,7,8,4,2,26,16,32,6,30,35,28,12,38,8,40,2,36,16,44,12,46,6,48,4,43,50,52,16,54,26,56,28,58,12,60,8,62,6,64
2088309a6fc82a80 0 0 1835270,12,10,14,8,16,4,4,18,12,8,22,2,7,24,8,6,28,4,6,2,30,33,4,2,26,20,38,6,40,2,36,43,34,12,44,20,48,12,50,8,47,52,54,20,56,26,58,44,60,12,62,8,64,4,66,2,68
48a3480c23688cc8 0 0 1442054,8,6,4,14,12,10,18,8,20,4,22,2,18,24,10,4,8,28,4,2,26,16,34,8,32,36,30,12,40,8,38,16,44,4,46,2,42,48,50,26,52,12,54,10,56
3f7aeb32d9baa8a8 0 0 1835270,8,6,14,4,16,2,4,18,12,10,22,8,24,4,22,2,26,28,10,4,32,2,8,34,4,2,30,20,40,8,38,42,36,12,46,4,48,2,44,20,52,4,54,2,50,56,58,20,60,30,62,12,64,10,66,2,68
7aeefaaa2264a220 0 0 1704198,8,6,4,14,12,10,18,8,20,2,18,4,22,24,10,8,28,2,8,31,4,2,26,16,36,8,34,38,32,12,42,8,44,4,40,16,48,4,50,2,47,52,54,26,56,32,58,12,60,10,62,2,64
9da648268db64e20 0 0 1573126,8,6,4,14,12,10,18,8,20,4,22,2,18,24,10,4,8,28,4,2,26,16,34,8,32,36,30,12,40,8,38,16,44,4,46,2,42,48,50,16,52,26,54,30,56,12,58,10,60
f9fb41d2271aac00 0 0 1638662,8,6,2,14,12,10,18,4,18,8,22,2,20,24,10,2,8,28,4,2,26,16,34,8,32,36,30,12,40,8,42,4,38,16,46,4,48,2,44,50,52,26,54,38,56,12,58,10,60,4,62
e2018dd8188c2200 0 0 1966342,8,6,14,4,16,2,2,18,12,10,22,2,22,8,26,4,24,28,10,8,32,4,34,2,8,37,4,2,30,20,42,8,40,44,38,12,48,4,50,2,46,20,54,4,56,2,53,58,60,30,62,38,64,46,66,12,68,10,70,2,72
2ecd238ce69c7288 0 0 1573126,12,10,14,4,2,16,12,8,20,6,22,2,20,24,8,4,6,4,28,31,26,18,34,6,36,4,5,39,32,12,42,6,44,2,40,18,48,4,50,2,47,53,54,26,56,32,58,12,60
2b40852a9466f6c0 0 0 1900806,10,8,14,6,16,2,2,18,12,10,22,8,24,4,14,27,8,4,14,4,32,2,30,34,4,2,28,20,40,12,42,8,44,2,38,47,36,12,50,10,52,2,48,20,56,10,58,8,60,2,55,62,64,20,66,28,68,2,70
ddb3a79c916ee428 0 0 1638662,12,10,14,4,2,16,12,8,20,6,22,2,20,24,6,4,8,29,26,18,32,6,34,4,5,37,30,12,40,4,38,18,44,4,46,2,43,49,50,18,52,26,54,30,56,12,58,6,60,2,62
d2d3d7cc22322228 0 0 1442054,12,10,2,14,12,4,12,6,18,21,8,6,24,4,26,2,7,28,4,2,22,16,34,6,32,37,30,12,40,8,38,16,44,4,43,46,48,22,50,30,52,38,54,8,56
641eba00e41e3a00 0 0 1442054,8,4,10,15,4,2,12,8,20,6,18,22,8,6,26,4,3,28,24,16,32,6,5,35,30,6,38,4,36,16,42,12,44,2,40,46,48,16,50,24,52,30,54,36,57
60d648e2dee06a48 0 0 1900806,12,10,14,4,4,16,12,6,20,4,22,2,8,4,24,26,26,2,6,4,32,2,30,35,4,2,28,18,40,6,42,2,38,45,36,12,48,8,50,2,46,18,54,12,56,8,58,4,53,61,62,28,64,12,66,8,68,2,71
183252883232d288 0 0 2031878,12,10,14,8,16,6,4,18,12,4,6,4,24,2,23,26,8,6,30,4,32,2,24,34,4,2,28,20,40,8,42,6,44,2,38,46,36,12,50,8,52,2,48,20,56,12,58,8,60,4,55,63,64,28,66,36,68,12,70,8,72,6,75
6e167e7e1e6618e8 0 0 1835270,12,10,14,6,4,16,12,8,20,4,8,4,24,2,22,26,6,24,4,2,28,18,34,6,36,4,32,38,30,12,42,6,44,4,40,18,48,12,50,6,52,2,46,54,56,28,58,40,60,12,62,8,64,6,66,4,68
ccc83a080ca83a08 0 0 1704198,12,10,4,2,14,17,12,8,20,6,22,4,24,2,8,4,28,2,26,31,6,29,32,18,36,6,38,4,40,2,5,43,34,12,46,4,44,18,50,12,48,53,54,18,56,32,58,44,60,6,62,2,65
e582aad85b781e28 0 0 2228486,12,10,14,8,16,6,18,2,4,20,12,4,24,2,8,4,28,2,27,30,6,2,28,34,4,2,32,22,40,6,42,4,44,2,38,46,36,12,50,8,52,6,54,4,48,22,58,12,60,8,62,6,64,2,57,67,68,32,70,36,72,48,74,12,76,6,78,2,81
d4687c6a5ec2f6c0 0 0 1310982,12,10,14,8,16,4,2,18,2,12,6,4,24,2,6,26,8,2,22,20,30,32,28,8,36,2,34,20,40,4,42,2,38,44,46,20,48,22,50,2,52
580ea6860cf00e48 0 0 1704198,10,8,14,6,16,2,4,18,12,8,22,6,24,2,6,4,26,29,28,2,8,32,30,20,36,6,38,2,3,40,34,12,42,20,46,12,48,8,50,6,44,53,54,20,56,30,58,34,60,8,62,2,64
4dbc976443b23cc0 0 0 1769734,10,8,14,6,16,4,18,2,4,2,21,23,12,8,26,6,6,4,28,31,30,2,8,34,32,24,38,6,3,41,36,12,42,24,46,12,48,8,50,6,52,2,45,55,56,32,58,42,60,10,62,8,64,4,66
179bbfe63142ccc0 0 0 1835270,12,8,14,6,16,2,12,6,20,2,18,22,10,13,6,4,3,28,10,8,32,2,26,24,36,12,38,6,35,41,30,4,42,24,46,12,48,10,50,2,44,52,54,24,56,26,58,30,60,12,62,10,64,4,66,2,68
9e1e9a4096363868 0 0 1704198,12,10,14,6,14,8,18,6,17,21,18,2,10,25,6,4,3,28,10,8,32,2,26,22,36,12,38,10,40,8,42,6,44,2,35,46,30,4,48,22,52,12,54,8,51,56,58,26,60,48,62,10,65
edad6f0c80ac8080 0 0 1835270,12,4,14,2,6,17,12,8,20,4,12,10,24,8,26,4,22,28,8,4,3,32,10,6,36,2,30,18,40,12,42,4,39,44,34,4,46,18,50,10,52,2,48,55,56,18,58,30,60,12,62,8,64,6,66,4,68
926949e29a1e9c48 0 0 2031878,12,10,14,4,16,2,8,18,14,6,22,4,24,2,12,6,28,4,30,2,26,32,6,4,36,2,3,38,10,8,42,2,34,20,46,12,48,10,50,4,45,53,40,4,54,20,58,10,60,2,57,63,64,34,66,54,68,12,70,10,72,4,75
be35801ad4b4aea8 0 0 2097414,12,10,14,4,16,2,8,18,14,6,22,4,24,2,12,6,28,4,30,2,26,32,6,4,36,2,3,38,10,8,42,2,34,20,46,12,48,10,50,4,45,53,40,4,54,20,58,10,60,2,57,63,64,34,66,40,68,54,70,12,72,10,74,6,77
9a406a6268689240 0 0 1835270,12,10,14,4,2,16,12,8,20,4,20,6,24,4,23,26,8,4,30,2,6,4,34,2,33,36,28,18,40,6,42,4,5,44,38,12,48,6,50,4,52,2,46,18,56,4,58,2,54,61,62,28,64,38,66,12,68
e8e04048a8200088 0 0 1507590,8,6,14,2,4,16,12,6,20,2,3,22,10,6,26,4,10,4,30,2,28,32,24,18,36,12,38,6,7,41,34,4,42,18,44,46,48,24,50,34,52,12,54,6,56,4,58
6c406e62cee2ccc0 0 0 1638662,8,6,4,14,12,10,18,8,3,20,10,6,10,4,24,26,6,4,30,2,22,16,34,12,36,10,38,8,40,2,33,43,28,4,44,16,46,48,50,16,52,22,54,28,56,12,58,10,60,8,62
393b082a0a082a08 0 0 1704198,10,4,6,14,12,8,3,18,8,6,22,2,8,4,26,2,24,28,6,4,32,2,20,16,36,12,38,8,40,2,35,43,30,6,44,16,46,48,50,20,52,30,54,44,56,12,58,8,60,6,62,4,65
c6e6ecccdceaf6c0 0 0 1114374,8,10,12,4,16,2,12,19,4,6,20,14,3,24,22,2,26,14,30,12,32,8,29,34,36,14,38,20,40,26,42,12,44,8,46
77ae86a29d785048 0 0 1507590,12,10,14,6,16,2,6,18,10,8,10,22,8,4,3,26,6,2,24,20,32,12,34,10,36,2,31,38,28,4,40,20,44,10,46,6,42,48,50,20,52,24,54,10,56,6,58
1053eade519adce8 0 0 1704198,12,10,14,8,6,16,10,6,10,8,22,6,20,24,8,4,3,28,6,2,26,18,34,12,36,10,38,8,40,6,33,42,30,4,44,18,48,10,46,50,52,18,54,26,56,30,58,10,60,6,62,4,64
00d5c4c4fa20b620 0 0 2162950,12,4,14,2,8,16,12,10,20,8,22,4,24,2,22,26,8,6,30,4,5,32,8,2,28,18,38,12,40,8,42,4,44,2,37,46,34,8,50,6,52,2,48,18,56,12,58,10,60,4,62,2,54,64,66,18,68,28,70,12,72,10,74,8,76,2,78
44cd08a849c0a000 0 0 1966342,12,2,8,14,12,10,18,8,20,4,20,2,22,24,8,6,28,4,5,30,8,2,26,16,36,12,38,8,40,2,35,42,32,8,46,6,48,2,44,16,52,12,54,10,56,4,50,58,60,16,62,26,64,32,66,12,68,10,70,6,72
652602a24254a2a8 0 0 1442054,12,4,2,14,12,10,18,8,19,20,6,4,4,24,8,2,22,16,30,4,29,32,26,8,36,4,34,16,40,10,42,8,44,4,39,46,48,16,50,22,52,10,54,8,56
42b0070e131e56a0 0 0 1442054,12,8,14,6,16,4,12,18,12,10,22,6,24,4,22,26,4,2,2,30,28,20,34,2,8,36,32,6,40,4,42,2,38,20,46,10,44,48,50,20,52,28,54,10,56
175ea54a5ef4ece0 0 0 1573126,12,10,14,6,16,4,14,4,18,20,10,8,10,24,8,4,28,2,3,31,6,2,26,22,36,8,38,4,40,2,35,43,32,4,46,2,44,22,50,12,52,4,49,54,56,26,58,10,60
36171e3ce948c260 0 0 1966342,12,10,14,8,16,6,18,4,16,4,20,22,10,6,10,8,28,6,26,30,8,4,3,34,6,2,32,24,40,8,42,4,39,44,36,4,46,24,50,12,52,8,54,6,56,4,48,58,60,24,62,32,64,12,66,8,68,6,70,4,72
a4420ceaa6c00e68 0 0 1769734,12,10,14,4,6,2,16,18,14,8,22,6,24,4,6,26,4,2,2,30,10,6,34,4,28,20,38,12,40,6,42,4,36,44,32,2,46,20,50,10,52,6,54,4,56,2,48,58,60,20,62,28,64,6,66
5cea982e7a4cbe88 0 0 1245446,4,8,12,4,3,16,10,6,20,2,10,22,18,14,26,12,28,4,30,2,7,33,24,4,34,14,38,10,40,6,42,2,36,44,46,18,48,12,50
6a80d966d34660a0 0 0 1835270,12,10,14,4,16,2,14,6,20,4,22,2,18,24,10,8,10,28,8,4,3,32,6,2,30,26,38,8,40,4,37,42,34,4,44,26,48,12,50,6,52,4,54,2,46,56,58,26,60,30,62,34,64,12,66,2,68
e24a4cecae0600a0 0 0 1769734,8,6,4,14,12,10,18,8,3,20,10,6,10,4,24,26,6,4,30,2,22,16,34,12,36,10,38,8,40,2,33,43,28,4,44,16,48,10,50,4,46,52,54,16,56,22,58,12,60,10,62,8,64,4,66
1b1004405b504400 0 0 1310982,12,8,6,14,12,10,18,8,20,6,18,6,24,4,22,26,3,8,8,6,32,4,34,2,28,16,38,8,37,40,30,4,42,16,46,10,48,6,44,50,52
e57bf4841a0cb0c0 0 0 1376518,12,6,4,14,12,10,18,6,18,8,20,22,8,2,3,27,8,6,30,4,32,2,24,16,36,8,38,2,35,41,28,6,44,2,42,16,48,10,47,50,52,16,54
23e0e05aad4a4ae8 0 0 1507590,12,8,14,6,16,4,6,18,12,10,22,8,24,4,22,26,3,8,8,6,32,4,34,2,28,20,38,8,37,40,30,4,42,20,46,10,48,6,44,50,52,28,54,12,56,10,58
a0df7d82f50228a0 0 0 1835270,12,10,14,6,4,2,16,19,12,6,12,8,24,4,22,26,8,2,3,30,8,6,28,20,36,8,38,2,34,40,32,6,44,4,46,2,42,20,50,12,52,6,54,4,56,2,48,59,60,20,62,28,64,10,66,6,68
27e33cb82db66c48 0 0 1900806,12,6,14,2,12,8,18,6,17,20,12,10,24,8,26,6,28,2,28,4,30,32,8,6,36,4,5,38,34,22,42,8,44,6,46,4,8,48,40,8,52,6,54,2,50,22,58,10,60,2,56,62,64,22,66,8,68,2,70
49476c7856587c68 0 0 2490630,12,8,14,6,16,4,18,2,12,6,22,4,24,2,20,26,12,10,30,8,32,4,34,2,32,36,8,6,5,41,8,2,38,28,46,8,48,6,45,51,42,8,54,6,56,4,58,2,52,28,62,10,64,8,66,6,68,4,70,2,61,72,74,28,76,38,78,10,80,8,82,6,84,4,86,2,88
ab557e50b846ae80 0 0 2097414,12,6,12,8,16,6,14,18,12,10,22,2,22,4,24,26,8,6,30,4,5,32,8,2,28,20,38,8,40,6,42,4,37,44,34,8,48,6,50,2,46,20,54,10,56,8,58,6,60,2,52,62,64,20,66,28,68,34,70,10,72,8,74,2,76
25f870709ac43080 0 0 1638662,12,8,14,4,16,2,7,18,10,6,10,8,24,6,26,4,28,2,22,31,8,2,8,34,6,2,32,20,40,8,39,42,36,4,46,2,44,20,50,10,49,53,54,20,56,32,58,12,60,10,63
d5de90fc6f022a20 0 0 1900806,12,10,4,14,8,2,12,8,20,6,22,4,24,2,19,26,8,6,30,4,30,2,32,34,28,16,38,12,40,6,42,4,9,45,36,4,46,16,50,8,52,6,54,2,48,56,58,16,60,28,62,36,64,46,66,12,68,8,71
34eb6ae22f5a48c0 0 0 1114374,12,10,14,6,8,16,12,4,2,20,4,6,8,2,22,18,28,4,26,30,24,8,32,18,36,6,34,38,40,22,42,24,44,32,46
0831fff2f79e0008 0 0 1507590,12,10,6,2,14,16,10,8,10,20,8,4,24,2,24,26,22,18,30,8,32,4,6,34,28,4,36,18,40,10,42,6,44,2,38,46,48,22,50,28,52,10,54,8,56,4,58
fa0254ac40aeee00 0 0 1769734,12,8,14,4,16,2,7,18,10,6,10,8,24,6,26,4,28,2,22,31,8,2,8,34,6,2,32,20,40,8,39,42,36,4,46,2,44,20,50,10,49,53,54,20,56,32,58,36,60,12,62,10,64,8,67
efb2802a037ca028 0 0 2162950,12,8,14,6,16,4,9,19,12,10,22,8,24,4,26,2,27,28,8,6,32,4,33,35,8,4,38,2,30,20,42,8,44,6,40,47,36,8,50,6,52,2,48,20,56,12,58,10,60,4,62,2,54,65,66,20,68,30,70,12,72,10,74,4,76,2,79
a58fc0a6f0f80c48 0 0 2162950,12,8,14,6,9,17,12,10,20,8,22,4,24,2,24,27,8,6,30,4,31,33,8,4,36,2,28,18,40,8,42,6,38,45,34,8,48,6,50,2,46,18,54,12,56,10,58,4,52,61,62,18,64,28,66,34,68,12,70,10,72,8,74,6,76,4,78
d8680dc281c25468 0 0 1835270,12,10,14,8,9,16,12,4,12,6,20,22,4,2,2,26,8,6,30,4,24,18,34,12,36,10,38,8,40,2,33,42,28,6,46,4,48,2,44,18,52,10,54,8,56,4,50,58,60,18,62,24,64,10,66,4,68
dd51fb8af7842ea0 0 0 1966342,12,10,14,8,9,16,12,4,12,6,20,22,4,2,2,26,8,6,30,4,24,18,34,12,36,10,38,8,40,2,33,42,28,6,46,4,48,2,44,18,52,10,54,8,56,4,50,58,60,18,62,24,64,28,66,10,68,4,70,2,72
fdc8e8e2ff4aea60 0 0 2162950,12,8,14,4,16,2,6,18,10,6,10,8,24,6,26,4,28,2,22,31,8,2,3,35,6,2,32,20,40,12,42,6,44,4,39,47,36,4,48,20,52,12,54,10,56,8,58,6,60,4,62,2,50,64,66,20,68,32,70,10,72,8,74,4,76,2,79
091ae3f0f2a21848 0 0 2097414,12,8,14,4,16,2,6,18,10,6,10,8,24,6,26,4,28,2,22,31,8,2,3,35,6,2,32,20,40,12,42,6,44,4,39,47,36,4,48,20,52,12,54,10,56,8,58,6,60,4,62,2,50,64,66,20,68,32,70,36,72,10,74,4,76
5094a6eabefa4488 0 0 2031878,12,10,14,4,2,16,12,8,20,4,22,2,20,6,26,4,28,2,24,31,8,4,6,4,36,2,34,38,32,18,42,6,44,4,5,46,40,12,50,6,52,4,54,2,48,18,58,4,60,2,56,63,64,18,66,32,68,40,70,12,72,4,74
3cc410e84cc490e8 0 0 1835270,12,10,14,4,2,16,12,4,20,2,12,6,23,25,8,6,28,4,30,2,7,32,26,18,36,6,38,2,5,41,34,12,44,8,46,2,42,18,50,4,52,2,48,55,56,18,58,26,60,34,62,42,64,8,66,6,69
9a08660e29a26ee0 0 0 2097414,12,10,14,4,4,2,16,19,12,4,22,2,12,8,26,4,28,2,24,30,8,2,8,6,36,4,34,39,32,20,42,12,44,8,46,6,48,2,5,51,40,12,54,6,56,4,58,2,52,20,62,6,64,4,60,67,68,32,70,40,72,12,74,4,76
c11d483e595a7ae0 0 0 1900806,12,10,14,4,4,2,16,19,12,2,12,8,22,25,6,4,9,28,26,20,32,12,34,6,36,4,38,2,5,40,30,12,44,8,46,6,42,20,50,8,52,6,54,4,56,2,48,59,60,26,62,42,64,10,66,6,68,2,70
d693b3b2fc6ccce8 0 0 2162950,12,10,14,4,4,2,16,19,12,2,12,8,24,2,22,26,8,2,6,4,30,32,28,20,36,12,38,6,40,4,42,2,5,44,34,12,48,8,50,6,52,2,46,20,56,8,58,6,60,4,55,62,64,20,66,28,68,46,70,12,72,6,74,4,76,2,78
b994d27896e48288 0 0 1966342,12,10,14,4,4,2,16,19,12,6,22,4,12,8,26,6,28,2,24,31,8,4,6,4,35,36,32,20,40,12,5,42,38,12,46,8,48,2,44,20,52,8,54,6,56,2,50,59,60,32,62,38,64,44,66,10,68,6,70,4,72
431ec08869348c08 0 0 2031878,12,10,14,4,4,2,16,19,12,6,22,4,12,8,26,6,28,2,24,31,8,4,6,4,35,36,32,20,40,12,5,42,38,12,46,8,48,2,44,20,52,8,54,6,56,2,50,59,60,20,62,32,64,38,66,44,68,12,70,6,72,4,74
b29d99065c46b2e8 0 0 1769734,8,6,14,2,4,16,12,2,8,2,20,22,10,4,9,26,24,18,30,12,32,8,34,2,3,37,28,12,40,10,42,8,44,2,38,18,48,12,47,51,52,24,54,28,56,38,58,12,60,10,62,8,64,4,67
73e28426d10c8cc8 0 0 1638662,12,8,14,6,6,2,16,19,12,6,22,4,24,2,22,27,5,10,28,20,32,12,34,6,36,2,7,38,30,12,42,10,40,20,46,2,45,48,50,28,52,30,54,40,56,10,58,8,60,2,62
94996812e16cb248 0 0 2031878,4,10,12,4,16,2,12,6,20,4,22,2,19,24,6,2,8,4,28,30,26,14,34,12,36,8,38,4,40,2,3,43,32,12,46,8,48,6,50,4,44,14,54,8,56,6,58,4,53,61,62,14,64,26,66,44,68,12,70,8,72,4,75
ef509d84dfa00448 0 0 1769734,12,10,14,6,4,16,12,8,20,2,12,6,23,24,8,6,8,2,29,30,4,2,26,18,36,12,38,4,34,41,32,12,44,8,46,6,48,4,42,18,52,6,50,55,56,26,58,12,60,8,62,6,64,4,66
eb5e3858a114d848 0 0 2031878,12,10,14,4,16,2,4,2,19,21,12,8,24,2,13,26,6,2,9,31,28,22,34,12,36,8,38,6,40,4,42,2,5,44,32,12,48,6,50,4,52,2,46,22,56,8,58,6,55,60,62,28,64,46,66,12,68,10,70,6,72,4,75
8ff0e238a5da3040 0 0 2097414,12,10,14,4,4,2,16,19,12,8,13,23,8,2,6,2,26,29,24,20,32,12,34,8,36,6,38,4,5,41,30,12,44,6,46,4,48,2,42,20,52,8,54,6,56,2,51,59,60,24,62,30,64,42,66,12,68,10,70,8,72,4,74,2,76
d91d6f54906a26e0 0 0 1507590,12,10,2,14,12,4,18,2,6,4,22,2,20,24,8,4,7,28,26,16,32,12,34,6,36,4,5,39,30,12,42,8,44,6,40,16,48,12,47,51,52,26,54,30,56,8,58
123db69262e8c648 0 0 1704198,12,10,14,4,2,16,12,6,6,4,22,2,21,24,7,8,26,18,30,12,32,2,5,34,28,12,38,8,40,2,36,18,44,12,46,6,48,4,50,2,42,52,54,18,56,26,58,36,60,12,62,4,64
6dccf6c0d886bc20 0 0 1704198,12,10,14,4,4,2,16,19,12,8,22,6,24,4,22,26,6,4,30,2,8,32,28,20,36,12,38,8,40,4,5,43,34,12,46,4,44,20,50,2,49,52,54,28,56,34,58,8,60,4,62,2,65
7ddf19ce020a0028 0 0 1573126,12,10,14,2,2,16,12,4,6,4,22,2,20,24,8,4,7,28,26,18,32,12,34,2,5,37,30,12,40,8,42,6,44,2,38,18,48,12,50,2,47,53,54,26,56,38,58,12,61
fd6800fe42e8fec0 0 0 1704198,12,10,14,4,2,16,12,4,6,4,22,2,20,24,8,4,7,28,26,18,32,12,34,2,5,37,30,12,40,8,42,6,44,2,38,18,48,12,50,2,47,53,54,18,56,26,58,38,60,12,62,2,65
e40e820ee44ea0a0 0 0 1573126,8,6,14,4,2,16,12,8,20,4,22,2,12,25,10,8,9,28,4,2,26,18,34,4,36,2,32,38,30,12,42,10,44,2,40,18,48,4,50,2,47,52,54,26,56,30,58,10,60
2e62d1e23748c8c8 0 0 2031878,8,6,14,2,2,16,12,8,12,4,22,2,20,25,10,8,28,4,9,30,4,2,26,18,36,4,38,2,34,40,32,12,44,10,46,8,48,4,50,2,42,18,54,4,56,2,53,58,60,18,62,26,64,32,66,10,68,8,70,4,72,2,74
bacca3e6ebe2f2c8 0 0 1638662,12,10,14,8,16,6,18,4,20,2,6,22,10,6,10,8,28,6,26,30,8,4,3,34,6,2,32,24,40,12,42,10,44,2,39,46,36,4,48,24,52,10,50,54,56,24,58,32,60,10,62
859e6b9ee242e2e8 0 0 1769734,12,10,14,8,16,6,4,18,8,2,12,6,24,2,22,26,8,6,30,2,4,2,32,35,28,20,38,8,40,6,42,2,9,44,36,4,46,20,50,4,52,2,48,55,56,28,58,46,60,8,62,6,64,2,66
c30d5236e5e83860 0 0 1835270,8,6,14,4,16,2,4,18,12,4,8,4,24,2,23,27,10,4,9,30,4,2,28,20,36,12,38,4,40,2,34,43,32,12,46,10,48,8,50,4,44,20,54,12,56,2,52,59,60,20,62,28,64,12,66,2,69
a248932c990ca868 0 0 1573126,12,10,14,4,6,16,10,8,10,20,8,4,3,24,6,2,22,18,30,12,32,10,34,8,36,6,29,38,26,4,40,18,44,10,46,6,42,48,50,18,52,22,54,26,56,10,58,4,60
16fa22eeba56ac60 0 0 1900806,4,2,12,10,16,8,18,4,14,20,12,4,12,8,26,6,28,4,30,2,24,32,8,2,8,36,8,6,40,4,42,2,34,22,46,12,48,10,44,50,38,6,52,22,56,10,58,8,54,60,62,22,64,34,66,12,68,8,70
0742639a22984640 0 0 1769734,12,8,14,4,6,4,16,18,12,10,22,6,24,4,22,8,28,4,26,30,8,2,8,34,8,4,38,2,32,20,42,12,44,6,40,46,36,6,48,20,52,12,54,10,50,56,58,20,60,32,62,12,64,10,66
e15b67b4231a5aa0 0 0 1835270,12,10,14,6,16,4,18,2,2,20,12,6,24,4,6,4,28,2,26,30,8,4,34,2,7,36,32,22,40,12,42,6,5,45,38,12,48,8,46,22,52,12,54,6,56,2,51,59,60,32,62,46,64,12,66,2,69
18e8c81a4a1a1a68 0 0 1376518,12,8,14,6,2,16,12,4,12,6,22,2,20,24,4,2,10,28,6,2,26,18,34,6,36,2,32,38,30,12,42,10,40,18,46,6,44,48,50,26,52,12,54
6a3230c862bab0c8 0 0 1376518,12,8,14,2,2,16,12,4,12,6,20,23,4,2,10,26,24,18,30,6,7,33,28,12,36,10,34,18,40,6,42,2,38,45,46,18,48,24,50,4,52,2,54
0c29df2a26fcfa00 0 0 1638662,12,10,14,4,2,16,12,6,12,4,22,2,20,24,8,6,28,2,7,30,26,18,34,4,5,37,32,12,40,8,42,6,38,18,46,4,48,2,45,51,52,26,54,32,56,12,58,8,60,2,62
ee55428e7b4824e8 0 0 1704198,12,10,14,8,16,4,4,18,8,2,12,6,24,4,22,26,8,6,30,4,4,2,32,35,28,20,38,8,40,6,42,4,9,44,36,4,46,20,50,4,52,2,48,55,56,28,58,36,60,46,62,4,64
1581abe297de5448 0 0 1573126,12,10,14,2,2,16,12,6,12,4,20,23,7,8,4,2,24,18,30,4,32,2,28,34,26,12,38,8,40,2,36,18,44,4,43,46,48,18,50,24,52,26,54,8,56,6,58,2,60
f87e2a2422b2f0e8 0 0 1310982,12,10,14,8,16,6,18,4,4,20,6,4,24,2,25,26,8,2,10,31,28,22,4,34,32,12,38,4,36,22,42,8,41,44,46,22,48,8,50,4,52
d462e560a7eedaa0 0 0 1507590,10,8,14,2,13,17,12,10,2,21,6,4,5,24,22,18,15,28,26,8,32,6,34,2,30,18,38,12,40,10,42,4,44,2,36,46,48,18,50,22,52,12,54,10,56,8,59
14ed79ccec767ea8 0 0 1638662,10,8,14,2,13,17,12,10,2,21,6,4,5,24,22,18,15,28,26,8,32,6,34,2,30,18,38,12,40,10,42,4,44,2,36,46,48,18,50,22,52,26,54,12,56,10,58,8,60,6,63
70afd1c25a7a8468 0 0 1376518,10,8,12,10,15,17,2,13,6,4,5,22,14,2,20,18,27,28,24,8,32,6,30,18,36,12,38,4,40,2,34,42,44,20,46,30,48,12,50,10,52,8,55
bc0febd81e52ec20 0 0 1507590,10,8,12,10,15,17,2,13,6,4,5,22,14,2,20,18,27,28,24,8,32,6,30,18,36,12,38,4,40,2,34,42,44,20,46,24,48,30,50,12,52,10,54,8,56,6,59
ae4b677805f69660 0 0 1376518,12,10,2,14,14,8,18,2,12,8,22,2,20,25,6,4,5,28,10,2,26,16,33,34,30,8,38,6,36,16,42,10,44,4,41,46,48,16,50,26,52,4,54
c06de39ee0443c48 0 0 1507590,12,10,2,14,14,8,18,2,12,8,22,2,20,25,6,4,5,28,10,2,26,16,33,34,30,8,38,6,36,16,42,10,44,4,41,46,48,16,50,26,52,30,54,6,56,4,58
465636d846562ec0 0 0 1179910,12,6,14,4,16,2,12,18,10,8,22,6,10,6,24,27,3,23,6,4,28,20,33,34,30,4,36,20,40,10,38,42,44,28,46,8,48
d1f726802e08ae08 0 0 1507590,12,10,14,6,14,16,8,6,20,2,10,8,24,6,26,2,23,28,8,4,3,32,6,2,30,18,37,38,34,4,40,18,44,10,46,8,48,4,42,51,52,18,54,30,56,12,58
8ce12e3c87ea16c8 0 0 1376518,12,8,14,6,14,2,16,18,12,10,22,6,12,6,24,27,10,2,4,30,28,20,7,34,32,12,38,4,36,20,42,10,44,4,40,47,48,28,50,12,52,10,54
87e2d2d8370232c8 0 0 1638662,12,10,14,2,14,4,18,2,16,21,12,8,24,4,12,4,28,2,26,30,6,9,4,2,32,22,36,38,34,12,42,6,40,22,46,8,48,6,50,2,44,52,54,22,56,32,58,12,60,4,62
5b2ec0e0712e40e0 0 0 1769734,12,8,14,6,14,2,16,18,12,10,22,6,24,2,12,6,28,2,27,30,10,2,4,34,32,20,7,38,36,12,42,4,44,2,40,20,48,10,50,4,47,53,54,32,56,36,58,12,60,10,62,4,64,2,67
4f1e56d2e644aa88 0 0 1769734,12,10,14,2,14,4,18,2,16,21,12,8,24,4,12,4,28,2,26,30,6,9,4,2,32,22,36,38,34,12,42,6,40,22,46,8,48,6,50,2,44,52,54,22,56,32,58,34,60,12,62,6,64,4,66
02da2878d4aa7e88 0 0 1769734,12,10,14,6,16,4,18,2,16,2,20,23,12,4,12,6,28,4,30,2,27,33,7,9,4,2,34,24,38,40,36,12,44,8,46,6,42,24,50,8,52,6,54,2,48,57,58,34,60,36,62,42,64,6,67
0f2f0ca648c26ac0 0 0 1769734,12,10,14,2,14,4,18,2,16,21,12,6,24,4,12,4,28,2,26,30,8,6,34,2,7,36,4,2,32,22,40,42,38,12,46,8,48,6,50,2,44,22,54,2,52,57,58,22,60,32,62,6,64,4,66
e86286048404c840 0 0 1442054,12,8,14,6,14,2,16,18,12,6,22,4,24,2,23,27,5,10,28,20,7,32,30,12,36,10,34,20,40,2,38,43,44,28,46,30,48,10,50,6,52,4,54,2,57
226df27e2350b000 0 0 1442054,12,2,3,14,12,8,10,8,19,21,6,4,5,24,20,2,22,16,30,12,32,2,28,34,26,8,38,6,36,16,42,12,44,10,46,4,41,49,50,16,52,22,54,4,56
57cf85c0f0b288e8 0 0 1573126,12,2,3,14,12,8,10,8,19,21,6,4,5,24,20,2,22,16,30,12,32,2,28,34,26,8,38,6,36,16,42,12,44,10,46,4,41,49,50,16,52,22,54,26,56,6,58,4,60
886d10a097f2f0c0 0 0 1573126,12,10,10,8,15,16,12,2,13,20,6,4,5,24,16,2,22,18,30,12,32,10,29,35,26,8,38,6,36,18,42,4,44,2,41,46,48,18,50,22,52,12,54,10,56,4,58,2,61
a226359c61927e28 0 0 1704198,12,10,10,8,15,16,12,2,13,20,6,4,5,24,16,2,22,18,30,12,32,10,29,35,26,8,38,6,36,18,42,4,44,2,41,46,48,18,50,22,52,26,54,12,56,10,58,6,60,4,62,2,65
c39ce2a605fa84c0 0 0 1769734,12,2,10,8,16,2,15,18,12,10,22,6,24,2,25,26,6,4,30,2,4,2,33,34,28,20,38,12,40,2,17,43,36,8,44,20,48,4,47,51,52,28,54,36,56,44,58,10,60,8,62,4,64,2,67
ac16ab1ed590a2e8 0 0 1573126,12,10,14,8,16,2,3,19,14,2,11,23,6,4,5,26,10,2,24,20,32,12,34,10,36,8,30,38,28,8,42,6,44,2,40,20,48,12,50,4,52,2,46,55,56,20,58,24,60
ed006bb0a2b06440 0 0 1704198,12,10,14,8,16,2,3,19,14,2,11,23,6,4,5,26,10,2,24,20,32,12,34,10,36,8,30,38,28,8,42,6,44,2,40,20,48,12,50,4,52,2,46,55,56,20,58,24,60,28,62,6,64
d44343c27cbebec0 0 0 1900806,12,10,14,4,16,2,16,19,12,6,22,4,22,2,24,26,8,4,30,2,7,32,28,20,36,12,38,6,40,4,5,42,34,12,46,8,44,20,50,6,52,4,54,2,48,57,58,28,60,34,62,8,64,6,66,4,68,2,70
753cff0a4e102ca8 0 0 1769734,10,4,10,15,12,8,18,2,18,6,22,2,20,24,6,2,8,4,29,30,26,16,34,12,36,8,38,2,3,40,32,12,44,6,42,16,48,8,50,6,52,4,46,54,56,26,58,12,60,6,62,4,64,2,66
3633d818f4ee38e8 0 0 1900806,10,4,14,2,10,2,16,19,12,8,22,2,22,6,26,2,24,28,6,2,8,4,33,34,30,20,38,12,40,8,42,2,3,44,36,12,48,6,46,20,52,8,54,6,56,4,50,58,60,20,62,30,64,12,66,6,68,2,70
f3e507161a0c1e00 0 0 1900806,10,4,10,15,12,8,18,2,18,6,22,2,20,24,6,2,8,4,29,30,26,16,34,12,36,8,38,2,3,40,32,12,44,6,42,16,48,8,50,6,52,4,46,54,56,16,58,26,60,32,62,12,64,8,66,6,68,2,70
47baf344db049a00 0 0 1507590,10,4,10,15,12,8,18,6,19,21,6,2,8,4,25,27,22,16,30,12,32,8,34,6,3,37,28,12,40,2,38,16,44,8,46,6,48,4,42,51,52,22,54,38,56,4,58
0fe9341edffa7aa0 0 0 1900806,10,4,14,2,10,2,16,19,12,8,22,6,23,25,6,2,8,4,29,31,26,20,34,12,36,8,38,6,3,41,32,12,44,2,42,20,48,8,50,6,52,4,46,55,56,26,58,32,60,42,62,8,64,6,66,4,68,2,71
aa082b682f58aec8 0 0 1769734,12,10,14,2,14,4,18,2,16,21,12,6,24,4,6,2,26,28,7,8,4,2,30,22,36,12,38,6,40,4,34,42,32,12,46,8,44,22,50,12,52,6,54,4,56,2,48,59,60,22,62,30,64,6,66
6ad6a7c268b296c0 0 0 1900806,12,10,14,2,14,4,18,2,16,21,12,6,24,4,6,2,26,28,7,8,4,2,30,22,36,12,38,6,40,4,34,42,32,12,46,8,44,22,50,12,52,6,54,4,56,2,48,59,60,22,62,30,64,32,66,8,68,6,70
240bf12e4fba3060 0 0 1573126,12,10,14,4,16,2,14,18,12,2,6,2,23,24,8,4,7,28,26,20,32,12,34,2,5,37,30,12,40,8,42,6,38,20,46,12,44,48,50,20,52,26,54,38,56,4,58,2,61
10220072f4d84428 0 0 1900806,12,10,14,4,16,2,14,2,18,21,12,2,6,2,25,26,8,6,30,4,32,2,7,34,4,2,28,22,40,12,42,2,38,45,36,12,48,8,46,22,52,12,51,54,56,28,58,36,60,46,62,8,64,6,66,4,68,2,70
fdf04e70780a3420 0 0 1442054,10,4,14,2,10,2,16,19,12,6,22,2,12,24,8,4,28,2,7,30,26,20,34,12,36,6,38,2,3,40,32,12,44,8,42,20,48,2,46,51,52,20,54,26,56
99b962b2e6b6b8e8 0 0 1638662,10,4,14,2,10,16,12,6,20,2,12,22,8,6,26,4,7,28,24,18,32,12,34,6,36,2,3,38,30,12,42,8,44,6,40,18,48,2,47,51,52,24,54,30,56,8,58,6,60,2,63
671078700f88e0e8 0 0 1704198,10,4,14,2,10,2,16,19,12,6,22,2,12,24,8,4,28,2,7,30,26,20,34,12,36,6,38,2,3,40,32,12,44,8,42,20,48,2,46,51,52,20,54,26,56,32,58,8,60,4,62,2,64
567c7c7ceac06ac0 0 0 1966342,12,4,14,2,14,17,12,10,20,6,20,4,24,2,22,26,10,8,30,6,6,2,32,34,6,4,28,18,40,12,42,10,44,6,46,2,39,49,36,12,52,8,54,6,50,18,58,4,57,60,62,28,64,36,66,10,68,8,70,2,73
624276de5ef6c860 0 0 1900806,12,8,14,6,16,2,16,19,12,6,22,2,12,24,10,4,5,28,26,20,32,12,34,2,7,37,30,12,40,10,42,2,38,20,46,6,48,4,50,2,44,53,54,20,56,26,58,30,60,38,62,12,64,10,66,6,68,2,71
d639b3b2fcc6cce8 0 0 1769734,12,10,14,4,14,2,16,18,12,8,22,4,22,6,26,2,24,28,6,4,8,6,33,35,30,20,38,6,5,40,36,12,44,4,46,2,42,20,50,8,52,4,54,2,48,57,58,30,60,6,62,4,64,2,67
7e004f7e0f787048 0 0 1900806,12,10,14,6,16,4,18,2,16,2,20,23,12,8,26,6,28,4,30,2,27,33,6,4,9,37,4,2,34,24,42,6,44,2,40,47,38,12,50,6,48,24,54,8,56,6,58,4,60,2,52,63,64,24,66,34,68,4,70
88eab554ea8814a0 0 0 1769734,12,10,14,4,14,2,16,18,12,8,22,4,22,6,26,2,24,28,6,4,8,6,33,35,30,20,38,6,5,40,36,12,44,4,46,2,42,20,50,8,52,4,54,2,48,57,58,30,60,36,62,8,64,2,66
051574ecacf8cc68 0 0 2031878,12,10,14,6,16,4,18,2,16,2,20,23,12,8,26,6,28,4,30,2,27,33,6,4,9,37,4,2,34,24,42,6,44,2,40,47,38,12,50,6,48,24,54,8,56,6,58,4,60,2,52,63,64,24,66,34,68,38,70,8,72,6,75
c79ea630837a7ce0 0 0 1966342,12,10,14,4,16,2,14,2,18,21,12,8,24,6,26,4,28,2,12,6,32,2,31,34,8,4,38,2,6,40,4,2,36,22,46,8,44,48,42,12,52,4,50,22,56,8,58,6,60,4,54,63,64,36,66,50,68,12,70,4,72
44c8c0363b42c4c8 0 0 1900806,12,10,14,4,14,17,12,8,20,6,22,2,12,25,8,6,6,4,30,2,28,33,4,2,26,18,38,8,40,6,42,4,44,2,36,46,34,12,50,8,52,2,48,18,56,8,58,4,54,60,62,18,64,26,66,48,68,4,70
5fc14c9e3ea01e00 0 0 2031878,12,10,14,4,16,2,14,2,18,21,12,8,24,4,26,2,12,6,30,2,28,32,8,6,36,4,38,2,6,41,4,2,34,22,46,8,48,6,44,51,42,12,54,4,52,22,58,8,60,4,56,62,64,34,66,42,68,52,70,12,72,2,74
0fe44e288fc46e08 0 0 2162950,12,10,14,4,14,17,12,6,20,4,22,2,12,8,26,6,28,2,24,31,8,4,34,2,6,4,38,2,36,41,4,2,32,18,46,8,44,48,42,12,52,8,54,2,50,18,58,8,60,6,62,2,56,64,66,18,68,32,70,42,72,50,74,8,76,2,78
337fe90e08881e60 0 0 1704198,12,10,14,4,16,2,14,18,12,6,22,4,24,2,6,2,26,28,7,8,30,20,34,12,36,2,5,38,32,12,42,8,40,20,46,12,48,6,50,4,45,53,54,20,56,30,58,40,60,4,62,2,65
2653344455a07888 0 0 1966342,12,10,14,6,16,4,18,2,16,2,20,23,12,4,26,2,6,2,28,30,8,2,7,34,4,2,32,24,40,12,42,6,38,45,36,12,48,8,50,6,46,24,54,12,56,4,52,59,60,32,62,36,64,46,66,8,68,6,70,2,72
9439680ead966e08 0 0 1900806,12,10,14,4,14,2,16,18,12,8,22,4,22,6,26,2,24,28,8,4,6,4,32,35,30,20,38,6,5,40,36,12,44,6,46,2,42,20,50,2,49,53,54,20,56,30,58,36,60,12,62,10,64,8,66,6,68,2,71
74193892990462c8 0 0 1638662,12,10,14,4,14,17,12,6,20,4,22,2,12,4,24,26,7,8,4,2,28,18,34,6,36,4,38,2,32,41,30,12,44,8,46,2,42,18,50,2,48,53,54,28,56,30,58,42,60,8,62
71b02b040e4c04a8 0 0 1835270,12,10,14,4,14,17,12,8,20,6,22,4,21,24,6,4,28,2,8,30,4,2,26,18,36,6,34,38,32,12,42,4,44,2,40,18,48,2,47,51,52,18,54,26,56,32,58,40,60,12,62,6,64,4,66,2,69
a9ecf8fe57120600 0 0 1442054,12,6,14,2,12,17,8,6,20,4,10,4,22,25,8,2,8,29,26,18,32,8,6,34,30,8,38,4,36,18,42,10,44,6,46,2,40,48,50,26,52,8,54,6,56
a80314e8c16a3cc0 0 0 2294022,12,10,14,8,16,4,18,2,16,6,22,4,24,2,20,26,8,6,10,8,32,2,30,34,8,4,38,2,38,41,6,2,36,28,46,8,48,4,50,2,45,53,42,8,56,2,54,28,60,10,62,8,64,6,66,4,68,2,59,70,72,28,74,36,76,12,78,8,80,4,83
3d9bb794c2684868 0 0 1769734,12,10,14,8,16,4,16,6,20,4,22,2,18,25,8,6,11,28,8,4,32,2,32,35,30,26,38,8,40,4,6,42,36,8,44,26,48,10,50,6,52,4,54,2,46,56,58,30,60,36,62,8,64,6,66
a6ec1604c78ecc88 0 0 1507590,10,8,14,4,15,16,12,8,20,6,22,2,6,4,26,2,25,28,8,4,27,33,30,18,36,6,3,38,34,12,42,4,44,2,40,18,48,12,46,50,52,18,54,30,56,4,58
d2e287d8c432ce08 0 0 1704198,10,8,14,2,14,4,18,2,16,21,12,8,24,4,26,2,6,4,30,2,28,32,8,6,31,37,34,22,40,6,3,42,38,12,46,4,48,2,44,22,52,12,51,55,56,34,58,44,60,8,62,6,64
1cff29fa2dd83a00 0 0 1835270,10,8,14,4,14,2,16,18,12,8,22,6,6,4,26,2,25,28,8,4,27,33,30,20,36,6,38,2,3,41,34,12,44,4,46,2,42,20,50,12,52,2,49,54,56,20,58,30,60,42,62,8,64,6,66,2,69
30392246cc9c44e0 0 0 1835270,10,8,14,4,14,2,16,18,12,8,22,6,6,4,26,2,25,28,8,4,27,33,30,20,36,6,38,2,3,41,34,12,44,4,46,2,42,20,50,12,52,2,49,54,56,20,58,30,60,34,62,42,64,4,66,2,68
2b200880aba08800 0 0 1704198,12,10,14,8,16,6,18,2,16,21,8,6,11,24,8,4,28,2,28,31,26,22,34,8,36,6,38,4,40,2,6,43,32,8,44,22,48,10,50,6,52,4,54,2,46,56,58,26,60,8,62,6,64
289b24d253a45ae8 0 0 1769734,10,8,14,6,16,4,16,19,12,8,22,6,24,4,6,4,28,2,26,30,8,29,32,20,36,6,3,38,34,12,42,4,40,20,46,12,48,8,50,6,52,4,54,2,44,57,58,32,60,40,62,6,64,4,66
ef08f978db784288 0 0 1638662,10,4,11,14,12,2,12,6,18,20,8,6,24,4,26,2,7,28,22,16,32,12,34,6,36,4,38,2,3,40,30,12,44,8,42,16,48,2,46,51,52,16,54,22,56,30,58,8,60,2,62
6ac240e8eac2c0e8 0 0 1704198,12,10,14,8,8,16,12,6,2,20,8,6,24,4,8,4,28,2,26,30,22,18,34,8,36,6,38,4,24,40,32,8,42,18,46,8,48,4,50,2,44,52,54,18,56,22,58,32,60,42,62,6,64
01288d285482faa0 0 0 1769734,12,8,14,4,6,2,16,18,12,10,22,2,8,24,4,2,2,29,8,6,32,2,26,20,36,12,38,8,40,4,42,2,34,44,30,6,48,2,46,20,52,4,54,2,50,57,58,20,60,26,62,6,64,2,66
3a127a88f0224048 0 0 1704198,12,10,14,8,16,6,8,2,18,20,12,8,24,6,26,4,28,2,28,31,6,4,4,35,32,22,38,12,40,10,42,8,44,4,9,47,36,8,50,2,48,22,54,4,52,56,58,22,60,32,62,2,64
53e07ab60fbc4c80 0 0 1900806,12,6,14,4,16,2,8,6,20,4,18,22,4,2,12,10,28,4,27,30,8,2,2,34,32,24,38,12,40,8,42,6,44,4,21,46,36,8,50,6,52,4,48,24,56,2,54,58,60,24,62,32,64,12,66,10,68,2,70
6d400f227270eae8 0 0 2097414,10,6,8,4,16,2,14,19,12,8,22,6,24,4,26,2,22,4,30,2,29,33,8,2,2,37,6,2,34,20,42,10,44,8,46,6,48,2,40,51,38,8,54,4,56,2,52,20,60,2,59,62,64,20,66,34,68,12,70,8,72,4,74,2,77
6b8b7e7476968288 0 0 1835270,12,10,3,14,12,6,18,4,12,8,22,6,24,4,20,26,8,6,30,4,4,32,8,4,36,2,28,16,40,12,42,10,44,8,46,6,48,4,39,50,34,2,52,16,56,4,55,58,60,16,62,28,64,6,66,4,68
b8f8f808e252a208 0 0 1900806,12,10,14,2,3,16,12,6,12,8,22,6,20,24,8,6,28,4,4,30,8,4,34,2,26,18,38,12,40,10,42,8,44,6,46,4,48,2,37,50,32,2,52,18,56,4,55,58,60,18,62,26,64,32,66,6,68,4,70
46824084608e6688 0 0 1769734,10,8,8,14,12,8,18,6,6,2,20,22,3,4,24,16,28,12,30,6,7,32,26,6,36,4,34,16,40,12,42,8,44,4,46,2,39,48,50,16,52,24,54,34,56,12,58,8,60,6,62,4,64,2,66
5121565afe8e2428 0 0 2162950,12,6,14,4,16,2,9,18,12,10,22,8,24,4,26,2,2,28,8,6,32,4,32,35,8,4,38,2,30,20,42,8,44,6,46,4,40,49,36,4,52,2,50,20,56,12,58,10,60,6,62,4,55,64,66,20,68,30,70,12,72,10,74,6,76,4,78
b8f2bfbae2f2eae0 0 0 2162950,12,6,14,2,9,16,12,10,20,8,22,4,2,24,8,6,28,4,28,31,8,4,34,2,26,18,38,8,40,6,42,4,36,45,32,4,48,2,46,18,52,12,54,10,56,6,58,4,60,2,51,62,64,18,66,26,68,32,70,12,72,10,74,6,76,2,78
7ad83fb8f2503048 0 0 2097414,12,8,14,6,16,2,3,18,12,10,22,6,24,2,8,26,5,7,8,2,28,20,34,12,36,8,38,2,33,41,30,8,44,6,46,4,42,20,50,12,52,10,54,8,56,6,58,4,60,2,48,63,64,20,66,28,68,12,70,10,72,8,74,4,76
ea188474be4cd020 0 0 1573126,10,8,14,6,16,4,2,18,12,8,22,6,22,24,6,8,6,4,26,20,32,8,34,6,36,4,30,38,28,6,42,4,44,2,40,20,48,8,46,50,52,26,54,40,56,12,58,8,60
cae062484ae0e248 0 0 1442054,6,10,12,8,16,6,2,18,6,4,22,2,8,24,20,14,28,8,30,6,22,32,26,6,34,14,38,6,40,4,42,2,36,44,46,14,48,20,50,26,52,34,54,6,56
7f2880a0082880a0 0 0 983302,12,2,12,4,14,17,8,10,5,6,20,18,2,24,22,6,26,18,30,12,32,8,34,4,28,37,38,18,40,26,42
864e2ca00e4e2ca0 0 0 1573126,10,8,8,14,12,2,7,18,8,4,22,2,8,2,24,27,6,4,20,16,32,4,34,2,30,36,28,8,38,16,42,8,44,2,40,47,48,16,50,20,52,28,54,38,56,12,58,2,60
c0a4c2860c682c68 0 0 1507590,6,10,12,8,16,4,18,2,18,21,8,6,24,4,8,2,26,29,6,4,22,14,34,8,36,4,32,38,30,6,40,14,44,8,46,2,42,49,50,14,52,22,54,40,56,4,58
3e94dfceee44eca8 0 0 1048838,12,4,12,14,10,6,18,2,8,20,4,2,6,24,22,16,2,28,26,6,30,16,34,12,36,8,32,38,40,22,42,30,44
1708c8c4bd4c6280 0 0 1442054,2,10,5,12,10,8,18,4,18,6,20,22,16,14,26,12,28,10,30,8,7,33,24,2,34,14,38,10,40,8,42,6,36,44,46,14,48,16,50,24,52,12,54,2,56
5058f8f054e0fc48 0 0 1048838,12,2,12,4,14,17,8,10,5,6,20,18,2,24,22,6,26,18,30,12,32,8,34,4,28,37,38,18,40,20,42,26,44
fa08498000084c80 0 0 852230,8,4,14,2,12,17,12,10,4,20,3,6,22,18,8,26,24,6,28,18,32,10,30,34,36,28,38
257ac08cc39c2c60 0 0 1179910,8,4,12,14,12,10,4,18,6,4,22,2,3,24,8,2,20,16,29,30,26,6,34,4,36,2,32,16,40,10,38,42,44,16,46,32,48
1cced20050520200 0 0 1179910,8,4,12,14,12,10,4,18,6,4,22,2,3,24,8,2,20,16,29,30,26,6,34,4,36,2,32,16,40,10,38,42,44,20,46,32,48
d52fdd503e80be00 0 0 983302,8,4,12,10,15,16,4,2,12,21,3,6,22,18,9,26,24,6,28,18,32,10,30,34,36,18,38,22,40,28,42
700e280ca0e296e8 0 0 1442054,8,4,12,2,14,17,12,10,20,2,4,23,6,4,26,2,3,28,8,2,24,18,33,34,30,6,38,4,40,2,36,18,44,10,42,46,48,24,50,30,52,36,54,6,56
d296fa3674b8e428 0 0 1769734,12,10,14,6,16,4,4,18,8,2,12,8,24,4,23,26,8,6,30,2,30,4,32,34,28,20,38,12,40,8,42,6,44,4,9,47,36,4,48,20,52,8,54,6,56,4,50,58,60,28,62,48,64,12,67
486240c86a6262c8 0 0 1507590,10,8,14,6,2,16,12,6,20,4,22,2,12,24,6,4,28,2,8,30,6,2,26,18,36,8,38,6,40,2,34,42,32,6,44,18,48,8,46,50,52,32,54,44,56,2,58
541760fcb7f47ce0 0 0 2031878,12,6,14,4,16,2,12,8,18,20,12,10,24,8,26,6,28,4,6,4,32,2,30,34,3,5,36,22,40,12,42,6,44,4,8,47,38,6,48,22,52,12,54,10,56,8,58,4,60,2,50,63,64,22,66,36,68,12,70,10,72,2,75
415a612a1e5a3480 0 0 1769734,12,10,14,6,16,4,18,2,6,2,20,23,8,2,10,26,8,4,30,2,31,32,28,24,36,12,38,10,40,8,42,6,44,2,6,47,34,8,48,24,52,10,54,4,51,56,58,24,60,28,62,10,64,4,66
e2b06dc00dd082a0 0 0 2162950,12,8,14,6,16,4,6,4,18,20,12,10,24,6,26,4,8,6,28,31,8,2,9,34,8,4,38,2,32,22,42,12,44,6,46,4,40,49,36,8,52,6,54,2,50,22,58,12,60,10,62,4,64,2,56,67,68,22,70,32,72,12,74,10,76,6,78
c5384230a31c1828 0 0 2097414,12,6,14,2,12,8,18,6,20,2,16,23,12,10,26,4,28,2,4,2,30,33,8,6,36,4,36,39,8,2,34,24,44,12,46,8,48,2,43,50,40,2,52,24,56,12,58,10,60,8,62,6,64,4,54,66,68,24,70,34,72,12,74,10,76
4cac56361afa0060 0 0 1638662,10,6,10,8,14,16,8,6,20,4,16,6,24,4,23,27,2,5,14,2,28,18,32,34,30,6,38,2,36,18,42,12,44,8,46,6,48,2,40,50,52,28,54,36,56,8,58,4,60,2,63
1eecd836fe0c26c8 0 0 2031878,12,6,14,2,8,16,12,10,20,2,4,2,22,24,8,6,28,4,28,31,8,2,26,18,36,10,38,4,35,41,32,2,42,18,46,12,48,10,50,8,52,6,54,4,45,56,58,26,60,42,62,12,64,10,66,8,68,6,70,4,72,2,74
b87cd6924a8e2460 0 0 1638662,10,8,14,6,16,4,2,18,12,8,22,6,22,24,6,8,6,4,26,20,32,8,34,6,36,4,30,38,28,6,42,4,44,2,40,20,48,8,46,50,52,26,54,28,56,40,58,12,60,8,62
6856ac926c52be80 0 0 1376518,4,2,12,4,16,2,14,18,8,10,6,4,4,24,22,20,28,6,30,4,2,32,26,4,34,20,38,12,40,8,42,4,44,2,36,46,48,20,50,34,52,4,54
ade9482c3c782c48 0 0 1245446,4,2,12,8,14,16,10,2,8,20,6,2,4,24,22,18,28,6,30,2,2,32,26,4,34,18,38,12,36,40,42,18,44,22,46,34,48,2,50
ea4e406c6a82c0a0 0 0 1966342,12,10,14,8,3,16,4,2,10,20,10,8,24,6,26,4,6,2,28,31,22,18,34,12,36,8,38,4,40,2,6,42,32,6,46,4,44,18,50,12,52,6,54,2,49,56,58,22,60,32,62,44,64,10,66,8,68,4,70,2,72
6f584088efd84088 0 0 1442054,12,8,14,6,16,4,8,6,20,4,18,23,12,10,6,4,26,29,3,4,30,24,34,2,8,37,32,6,38,24,42,12,44,8,46,2,41,48,50,38,52,8,54,2,56
6e6406aca2086ac0 0 0 1442054,12,2,9,14,12,10,18,8,20,6,22,2,6,24,3,4,8,6,26,16,32,2,31,35,28,6,38,4,36,16,42,12,44,6,40,47,48,26,50,36,52,12,54,8,57
7f75717e39ccb848 0 0 1573126,12,2,9,14,12,10,18,8,20,6,22,2,6,24,3,4,8,6,26,16,32,2,31,35,28,6,38,4,36,16,42,12,44,6,40,47,48,26,50,28,52,36,54,12,56,8,58,4,61
25423b56ccd4d2c0 0 0 1573126,12,6,14,2,4,2,16,18,8,10,8,6,24,4,26,2,2,28,22,20,32,8,34,6,36,4,38,2,4,40,30,8,44,2,42,20,48,12,50,4,46,52,54,22,56,42,58,4,60
ba27a04e4514c628 0 0 1310982,12,6,4,2,15,16,8,10,8,6,2,22,20,18,26,8,28,6,4,30,24,8,34,2,32,18,38,12,36,41,42,20,44,24,46,32,48,8,50,4,52
213bb05a041eea00 0 0 2097414,12,8,14,4,4,16,12,10,20,4,8,6,22,25,8,2,2,28,24,4,32,2,26,18,36,8,38,2,35,40,30,8,44,6,46,2,42,18,50,12,52,8,54,6,56,4,58,2,49,61,62,26,64,42,66,10,68,8,70,6,72,4,74,2,77
1a0cff8888a254e0 0 0 2228486,12,8,14,4,4,16,12,10,20,8,22,6,24,4,26,2,8,6,29,31,8,2,2,34,30,4,38,2,32,18,42,8,44,2,41,46,36,8,50,6,52,2,48,18,56,12,58,8,60,6,62,4,64,2,55,67,68,32,70,36,72,48,74,10,76,4,78,2,80
54d46ac07efeea40 0 0 1507590,12,10,14,6,16,4,2,18,12,8,2,22,6,4,26,2,6,28,8,2,24,20,32,34,30,8,38,2,36,20,42,4,44,2,40,46,48,20,50,24,52,30,54,6,56,2,58
5f0d51407d3e4040 0 0 1442054,12,2,12,14,12,10,2,18,6,4,22,2,6,2,24,27,10,8,30,4,20,16,34,12,36,4,32,39,28,8,42,4,40,16,46,4,44,49,50,16,52,20,54,12,56
2f14d5eed8fa2200 0 0 1245446,12,8,14,6,16,2,14,18,10,8,22,2,8,24,6,4,2,28,26,20,32,6,34,4,6,36,30,2,38,20,42,12,40,44,46,38,48,6,50
02824b78fdfab400 0 0 1573126,12,2,12,14,12,10,2,18,6,4,22,2,6,2,24,27,10,8,30,4,20,16,34,12,36,4,32,39,28,8,42,4,40,16,46,4,44,49,50,16,52,20,54,28,56,12,58,4,60
41f4cb0eba5a30a0 0 0 1310982,12,10,14,2,14,16,2,12,6,4,6,23,10,8,20,18,28,12,30,10,32,4,26,35,24,8,36,18,40,4,38,43,44,20,46,36,48,10,50,8,52
1c3407a0cb345288 0 0 1769734,12,10,14,6,4,16,12,8,20,6,22,4,24,2,8,4,26,28,6,4,2,32,8,2,30,18,38,6,40,4,36,42,34,2,44,18,48,10,50,8,52,4,54,2,46,56,58,18,60,44,62,8,64,2,66
d2f45ab0a76458a8 0 0 1638662,12,10,14,8,16,4,4,18,12,8,22,4,24,2,8,4,26,28,6,4,2,32,8,2,30,20,38,6,40,4,36,42,34,2,44,20,48,10,50,2,46,52,54,30,56,44,58,4,60,2,62
fc511508b8040408 0 0 1179910,12,10,4,14,8,4,18,2,12,21,2,7,22,16,26,6,9,29,24,2,30,16,34,10,32,36,38,16,40,22,42,30,44,8,46,6,49
aef9228a7b2c8820 0 0 1966342,12,10,14,6,16,4,18,2,8,20,12,8,24,4,6,4,28,2,26,30,4,2,3,34,8,6,38,4,40,2,32,22,44,2,42,47,36,6,50,2,48,22,54,12,56,8,58,6,53,61,62,22,64,32,66,12,68,6,70,2,73
406ae8e2e2c84a40 0 0 1442054,12,6,3,14,6,10,8,6,6,4,22,2,20,24,18,16,28,12,30,8,23,32,26,4,36,2,34,16,40,12,42,8,44,6,38,46,48,26,50,34,52,8,54,6,56
24c2a6c08e682e48 0 0 1573126,12,6,3,14,10,6,18,4,6,20,8,6,6,4,26,2,24,28,22,16,32,12,34,8,27,36,30,4,40,2,38,16,44,12,46,8,48,6,42,50,52,22,54,30,56,38,58,8,60
662aa2a220a0e428 0 0 1966342,12,8,14,4,16,2,16,19,12,10,22,8,24,6,26,2,8,28,6,4,5,32,8,2,30,20,38,4,37,41,34,8,44,6,42,20,48,12,50,10,52,6,54,4,56,2,47,59,60,20,62,30,64,12,66,10,68,8,70,6,72
ad3f618470c0f848 0 0 1442054,10,4,8,6,16,4,14,19,12,8,2,22,2,8,24,20,28,10,30,8,32,6,34,4,7,37,26,8,40,4,38,20,44,8,42,46,48,20,50,24,52,10,54,8,56
f329f4e65d1e9648 0 0 1966342,8,4,14,2,12,8,18,6,20,4,16,23,12,10,26,6,4,28,8,2,6,4,32,34,4,2,30,24,40,8,42,6,44,4,39,47,36,12,50,8,52,6,54,2,48,24,58,6,60,4,56,62,64,24,66,30,68,12,70,6,72
ade27a565b223288 0 0 2031878,8,6,14,4,12,8,18,4,16,20,12,10,24,6,26,4,28,2,4,30,6,4,14,34,4,2,32,22,40,8,42,4,44,2,39,47,36,12,50,8,52,2,48,22,56,6,58,4,55,60,62,22,64,32,66,36,68,12,70,4,72,2,75
77c713029222ace8 0 0 2031878,12,8,14,2,9,17,12,10,20,6,22,4,24,2,4,26,8,4,8,6,32,2,31,35,4,2,28,18,40,6,42,4,39,45,36,12,48,8,50,4,46,18,54,8,56,6,58,2,52,61,62,28,64,36,66,46,68,12,70,8,72,2,75
db1cc38e17545cc0 0 0 1835270,12,8,12,6,16,2,15,19,4,2,12,10,23,24,8,6,28,4,8,4,31,32,26,20,36,12,4,39,34,12,42,6,44,4,46,2,40,20,50,8,52,4,49,54,56,26,58,40,60,10,62,6,64,4,66,2,69
03febfe89740e8c0 0 0 1966342,12,8,14,6,12,6,18,2,16,21,4,2,12,10,25,26,8,4,8,6,32,4,30,35,28,22,38,12,4,41,36,12,44,6,46,4,48,2,42,22,52,8,54,6,56,4,51,59,60,28,62,36,64,42,66,10,68,6,70,2,73
b8680202744ace20 0 0 1900806,10,8,14,6,16,2,3,18,12,10,22,2,22,6,26,2,24,28,10,6,6,33,6,4,30,20,38,8,40,6,42,4,44,2,36,47,34,6,50,4,52,2,48,20,56,10,58,6,55,61,62,20,64,30,66,12,68,4,71
a5a77d6af3f43a28 0 0 1900806,8,4,14,2,12,16,12,10,20,6,22,4,24,2,25,26,8,6,30,4,15,32,4,2,28,18,38,6,40,4,37,43,34,12,46,4,48,2,44,18,52,8,54,6,56,4,51,58,60,28,62,44,64,12,66,8,68,2,70
8c28e95ce73c8248 0 0 2228486,12,10,14,6,16,2,8,4,18,20,12,8,24,6,26,4,28,2,12,6,32,4,34,2,31,37,8,6,4,41,20,2,38,22,46,12,48,10,50,4,45,52,42,2,54,22,58,8,60,6,57,63,64,22,66,38,68,12,70,10,72,8,74,6,76,4,78,2,81
8e07f2485bd2f248 0 0 1966342,12,10,14,6,8,4,16,18,12,6,12,8,24,6,22,26,8,6,30,4,4,32,18,2,28,20,38,12,40,10,42,2,37,45,34,2,46,20,50,8,52,6,54,4,49,56,58,20,60,28,62,34,64,12,66,10,68,6,70,2,73
eaf0c278a4220e88 0 0 2097414,12,6,14,4,12,8,16,19,12,10,22,8,24,6,26,4,28,2,29,30,8,6,34,4,36,2,6,2,38,40,4,2,32,20,46,12,45,49,42,12,52,8,54,4,56,2,50,20,60,6,62,2,58,64,66,20,68,32,70,8,72,6,74,2,76
d699db6c2ba82608 0 0 1966342,12,4,12,8,14,17,12,10,20,8,22,6,24,4,26,2,27,28,8,4,32,2,6,2,34,36,30,18,40,12,42,6,44,2,4,46,38,12,50,8,52,4,48,18,56,6,58,2,55,60,62,18,64,30,66,38,68,6,70,4,72
87ff8ea64400d4c0 0 0 1245446,10,8,6,14,10,6,18,4,6,20,3,20,22,16,26,12,3,28,24,6,32,4,34,2,30,16,38,10,40,6,42,4,36,44,46,16,48,10,50
5d74d60008747c00 0 0 1573126,10,8,14,6,16,4,5,18,10,6,5,22,8,4,3,26,24,20,30,12,32,8,3,34,28,10,38,8,40,4,42,2,36,20,46,10,48,6,44,50,52,20,54,10,56,8,58,6,60
6074d4480014b428 0 0 1638662,10,8,14,6,16,4,4,2,18,20,10,6,24,4,20,26,3,8,28,22,32,12,34,10,36,8,38,6,40,4,3,42,30,10,46,8,44,22,50,10,52,6,54,4,48,56,58,22,60,28,62
4aceb3080ece0808 0 0 1442054,10,8,14,6,6,16,6,4,16,20,6,2,20,24,22,18,28,12,30,8,32,4,34,2,2,36,26,8,40,4,42,2,38,18,46,6,48,4,45,50,52,18,54,6,56
9e1674a632b6be60 0 0 1310982,10,8,6,14,6,4,14,18,6,2,18,22,20,16,26,12,28,4,30,2,2,32,24,8,36,4,38,2,34,16,42,6,44,4,41,46,48,16,50,20,52
dc5013067f6a4000 0 0 1507590,10,8,6,15,6,4,15,19,6,2,5,22,20,16,26,12,28,10,30,8,2,32,24,8,36,6,38,4,40,2,34,16,44,6,46,4,42,49,50,20,52,10,54,6,56,4,59
0181df0aa22240c0 0 0 1573126,6,2,10,6,16,2,14,18,6,4,18,23,22,2,14,27,24,20,30,12,32,10,34,8,36,4,2,38,28,8,42,4,40,20,46,6,48,4,44,51,52,20,54,8,56,6,58,2,60
1ac240c832c2c8c8 0 0 1179910,8,4,10,14,4,2,12,18,8,6,22,4,3,24,20,16,28,10,5,30,26,6,32,16,36,12,38,10,34,40,42,20,44,32,46,10,48
6c67b288784c66a0 0 0 1638662,8,4,10,8,14,16,12,8,4,2,20,22,8,6,26,2,3,28,24,18,32,10,34,8,5,36,30,6,40,4,42,2,38,18,46,12,48,10,44,50,52,24,54,30,56,38,58,10,60,6,62
008aa22a2aa08800 0 0 1638662,3,12,6,10,8,4,6,4,20,2,18,22,16,14,26,12,28,8,30,4,32,2,21,35,24,4,38,2,36,14,42,12,44,8,46,6,48,4,40,50,52,24,54,36,56,8,58,6,60,2,63
7f9e52f83fde1248 0 0 1638662,12,6,8,14,12,4,12,10,20,4,18,22,4,2,6,4,26,28,20,8,32,2,24,16,36,8,38,4,40,2,34,42,30,4,44,16,48,12,50,10,52,8,54,2,46,56,58,30,60,4,62
94cf7f249bc03460 0 0 1245446,4,10,12,6,9,16,6,4,10,8,21,23,18,14,26,6,13,29,24,2,30,14,34,12,32,37,38,14,40,24,42,10,44,8,46,6,48,4,51
e54870888f887088 0 0 2228486,10,6,14,4,16,2,12,10,20,4,18,22,10,4,20,2,26,28,20,8,32,6,34,2,6,2,37,38,34,4,30,24,44,8,46,6,48,4,50,2,43,53,40,12,56,8,54,24,60,12,62,10,64,8,66,6,68,4,58,71,72,24,74,30,76,40,78,4,80
d3d2c2329cdad2c0 0 0 983302,2,10,4,6,10,8,10,18,16,14,22,8,24,2,2,26,20,12,30,10,28,14,34,8,36,4,32,38,40,14,42
31f6825ac43a4ea0 0 0 1048838,2,10,4,6,10,8,10,18,16,14,22,8,24,2,2,26,20,12,30,10,28,14,34,8,36,4,32,38,40,14,42,16,44
ebae5040e326d040 0 0 1114374,2,10,4,6,10,8,10,18,16,14,22,8,24,2,2,26,20,12,30,10,28,14,34,8,36,4,32,38,40,14,42,20,44,10,46
db7a242073708620 0 0 1179910,2,10,4,6,10,8,10,18,16,14,22,8,24,2,2,26,20,12,30,10,28,14,34,8,36,4,32,38,40,14,42,16,44,20,46,10,48
a8ec06e80264ac60 0 0 1900806,4,2,12,10,16,6,14,18,10,8,22,6,3,24,12,8,28,6,30,4,5,32,26,20,36,10,38,8,40,2,14,42,34,12,46,6,48,4,44,20,52,6,54,4,50,56,58,20,60,26,62,10,64,8,66,6,68,4,70
d8cb3ed2b526acc0 0 0 2031878,12,6,14,4,16,2,12,8,18,20,12,10,24,8,26,6,28,4,6,4,32,2,30,34,4,2,3,38,36,22,42,12,44,6,46,4,8,49,40,6,52,2,50,22,56,12,58,10,60,8,55,63,64,22,66,36,68,12,70,10,72,2,75
3ebee6aad0504c00 0 0 1638662,12,10,5,14,3,10,12,6,20,4,4,2,22,24,18,16,28,10,30,6,5,33,26,12,36,8,38,6,40,4,34,16,44,6,46,4,42,48,50,16,52,18,54,26,56,8,58,6,60,4,62
b1ef3bae7f74a060 0 0 1179910,10,6,2,14,6,4,6,18,10,8,10,22,20,16,26,8,28,6,30,2,2,32,24,12,36,10,34,16,40,8,42,4,38,44,46,16,48
f65be55e6ab02ce0 0 0 1310982,10,6,2,14,6,4,6,18,10,8,10,22,20,16,26,8,28,6,30,2,2,32,24,12,36,10,34,16,40,8,42,4,38,44,46,16,48,24,50,10,52
6c4f82960a86e4a0 0 0 1573126,10,8,14,4,16,2,2,18,6,4,22,2,4,24,10,4,28,2,18,31,26,20,34,8,36,2,2,39,32,12,42,8,44,4,46,2,40,20,50,10,48,53,54,20,56,26,58,12,60
0eeaf4b0f6120c48 0 0 1900806,12,8,14,4,2,16,12,10,20,6,4,2,22,24,8,6,28,2,24,31,26,18,34,12,36,6,38,4,2,41,32,6,44,2,42,18,48,8,50,6,52,4,54,2,47,57,58,18,60,26,62,8,64,6,66,4,68,2,71
1072dc38ce420208 0 0 1310982,4,2,6,4,14,16,3,10,10,8,10,23,20,18,26,10,28,8,30,6,32,2,3,35,24,12,36,18,40,8,42,6,44,4,38,47,48,20,50,10,52
9b16531a3c6cf460 0 0 1179910,4,12,4,2,10,17,8,6,7,20,6,4,18,14,25,26,22,8,30,6,32,2,28,14,36,6,38,2,35,40,42,18,44,28,46,10,48
9bec4e209b644ea8 0 0 1376518,4,2,12,15,4,10,6,2,8,6,20,22,6,4,18,16,27,28,24,8,32,6,34,2,30,16,38,6,37,41,42,16,44,18,46,24,48,30,50,8,52,2,55
789a30f022aa6ac0 0 0 1048838,8,10,12,6,2,16,8,6,20,2,4,22,18,14,4,26,24,8,30,4,32,2,28,14,36,6,34,38,40,18,42,28,44
924283ac0b8e1a60 0 0 1310982,10,8,14,6,2,16,12,10,20,8,22,6,4,24,6,2,2,28,4,2,26,18,34,10,32,36,30,2,38,18,42,6,44,4,40,46,48,26,50,38,52
5457880cdffe2e00 0 0 2031878,10,8,14,6,16,4,8,6,20,4,22,2,18,24,14,4,14,29,6,4,32,2,7,35,30,26,38,12,40,10,42,8,44,2,3,47,36,8,50,6,52,4,54,2,48,26,58,10,60,4,56,62,64,30,66,12,68,8,70,4,72,2,75
8f80727277720a00 0 0 2097414,10,8,14,4,8,6,18,4,20,2,16,22,14,6,26,4,26,29,6,4,32,2,7,35,30,24,38,12,40,10,42,6,44,2,3,47,36,8,50,6,52,4,54,2,48,24,58,10,60,6,62,4,56,64,66,30,68,36,70,12,72,8,74,6,76
c5b71c6e668826c8 0 0 1442054,12,6,14,4,8,6,18,2,16,21,14,19,8,4,2,26,24,22,30,10,32,6,8,34,28,8,38,6,40,2,36,22,44,8,46,4,48,2,43,50,52,24,54,36,56
dd08f888d5085028 0 0 1704198,10,8,14,6,16,4,18,2,9,20,14,2,14,4,26,2,24,28,6,4,32,2,4,35,30,22,38,12,40,10,42,4,3,44,36,8,46,22,50,10,52,6,49,54,56,30,58,46,60,10,62,4,64
114e500a5ba4bae0 0 0 2031878,10,4,8,6,16,2,14,18,10,6,22,4,24,2,4,26,4,2,6,2,31,32,28,20,36,12,38,6,40,4,42,2,3,45,34,8,48,6,50,2,46,20,54,8,56,6,52,59,60,20,62,28,64,34,66,46,68,12,70,8,72,4,75
d978c64251f044c0 0 0 1769734,4,2,10,15,8,4,18,2,10,2,21,22,6,4,15,26,24,16,30,12,32,8,34,4,36,2,2,38,28,8,42,4,44,2,40,16,48,10,50,6,47,53,54,16,56,24,58,28,60,8,62,4,64,2,67
3b1bb9083b0a0208 0 0 1769734,10,8,14,2,14,4,18,2,16,21,8,4,24,2,14,27,6,4,4,2,30,33,28,22,36,12,38,10,2,40,34,8,44,4,46,2,42,22,50,6,52,2,49,55,56,22,58,8,60,6,62,4,64,2,67
97e1409c688840a0 0 0 1638662,10,8,14,4,8,16,12,6,20,4,22,2,2,24,8,6,28,4,4,30,26,18,4,34,32,8,38,4,40,2,36,18,44,6,46,4,48,2,42,50,52,26,54,32,56,36,58,8,60,4,62
2cfc12c206563868 0 0 1638662,10,8,14,6,16,4,6,18,12,10,22,6,24,4,4,26,6,4,30,2,10,32,6,2,28,20,36,38,34,2,40,20,44,10,46,6,48,4,42,50,52,20,54,28,56,34,58,6,60,4,62
444a866eaa0e4a08 0 0 1442054,6,4,4,14,10,6,3,18,10,8,22,4,10,4,25,26,20,16,30,10,32,8,34,6,36,4,3,39,28,12,42,8,40,16,46,8,44,49,50,20,52,10,54,6,56
e1328f90f472eaa0 0 0 1900806,10,8,14,4,16,2,3,18,14,6,22,2,4,24,8,2,18,28,4,2,26,20,34,10,36,4,38,2,33,41,30,12,44,10,46,6,48,4,42,20,52,10,54,6,56,2,51,59,60,20,62,26,64,10,66,8,68,4,70
9a5bd7aae27c0a28 0 0 1966342,10,8,14,2,3,17,14,6,20,4,4,23,8,2,14,4,28,2,26,31,4,2,24,18,36,10,38,2,35,40,32,12,44,10,46,8,48,6,50,4,52,2,42,18,56,10,58,6,60,4,55,62,64,18,66,10,68,8,70,2,73
315cccf43998b440 0 0 1835270,8,6,14,4,16,2,5,19,4,2,8,2,22,25,10,4,25,29,26,20,32,10,34,8,36,6,38,4,40,2,3,43,30,12,46,6,44,20,50,10,52,8,54,2,48,57,58,20,60,26,62,8,64,6,66,2,69
025decf84b280028 0 0 1769734,12,10,14,4,3,17,10,2,14,20,6,2,5,25,22,18,28,12,30,10,32,6,34,4,11,37,26,8,40,6,42,2,38,18,46,12,48,10,50,6,45,52,54,18,56,22,58,12,60,8,62,4,64,2,67
0ae1e9121e003ec0 0 0 1769734,8,6,14,2,5,16,4,2,8,4,22,2,20,24,10,4,8,2,29,31,26,18,34,10,36,8,38,6,40,2,3,42,32,12,46,6,44,18,50,10,52,8,54,4,56,2,48,58,60,26,62,4,64,2,66
32c4efc4e2c6e2a0 0 0 1900806,12,10,14,8,16,2,4,18,8,2,12,4,23,24,8,6,28,2,28,4,30,32,26,20,36,12,38,6,40,4,9,43,34,4,44,20,48,8,50,6,52,4,46,54,56,26,58,34,60,44,62,12,64,8,66,6,68,4,71
33a7e32a151890c0 0 0 2294022,8,6,14,4,16,2,5,18,8,2,4,2,22,24,10,4,22,28,26,20,32,10,34,8,36,6,38,4,40,2,3,43,30,12,46,10,48,8,50,4,52,2,44,20,56,10,58,8,60,6,62,4,55,64,66,20,68,26,70,30,72,12,74,10,76,6,78,4,80,2,83
275099d2e19c3688 0 0 1704198,12,10,14,6,16,4,3,18,14,8,22,4,4,24,10,6,28,4,3,30,4,2,26,20,36,12,38,2,35,41,32,6,44,4,46,2,42,20,50,10,52,6,54,2,48,57,58,26,60,10,62,4,64
f6c993c68ccc2a00 0 0 1835270,8,6,14,2,4,2,16,18,8,2,5,23,10,8,26,4,28,2,23,30,24,20,34,10,36,6,38,2,3,40,32,12,44,8,46,6,48,2,42,20,52,10,54,8,56,4,51,59,60,20,62,24,64,8,66,4,69
24dc5e1ad0e40088 0 0 2294022,8,6,14,4,16,2,4,2,18,20,8,2,5,24,10,8,28,4,30,2,24,33,26,22,36,10,38,6,40,4,42,2,3,45,34,12,48,10,50,8,52,6,54,4,56,2,46,22,60,10,62,8,64,4,59,66,68,22,70,26,72,34,74,12,76,10,78,6,80,2,83
d6845922a1f6dea0 0 0 1835270,8,6,14,2,4,2,16,18,8,4,5,23,10,8,26,4,28,2,8,2,30,33,24,20,36,10,38,6,40,2,3,42,34,12,46,8,48,6,50,2,44,20,54,10,56,8,58,4,53,61,62,24,64,8,66,4,69
f4c69a28d6c6b828 0 0 1900806,12,10,14,8,4,16,8,6,8,4,22,2,20,25,6,4,10,8,30,6,28,32,26,18,6,36,34,10,40,8,42,6,44,4,46,2,38,18,50,10,52,8,54,4,56,2,49,59,60,26,62,10,64,8,66,4,68,2,71
b624eefa24b67c68 0 0 1507590,8,4,14,2,10,8,18,6,20,4,16,22,12,8,26,6,2,28,8,2,8,32,6,4,30,24,36,38,34,4,42,2,40,24,46,10,48,8,50,4,44,52,54,30,56,40,58
a570dada97248ee8 0 0 1573126,8,6,14,2,12,2,17,18,12,10,22,2,15,24,6,4,28,2,28,30,14,4,26,20,34,36,32,6,40,4,42,2,38,20,46,12,48,6,44,51,52,26,54,38,56,12,58,10,60
c5ea2f3c3e9ed448 0 0 1769734,8,6,14,2,12,2,17,18,12,10,22,2,15,24,6,4,28,2,28,30,14,4,26,20,34,36,32,6,40,4,42,2,38,20,46,12,48,6,44,51,52,26,54,32,56,38,58,12,60,10,62,6,64,4,66
8a008a8aa8aaa820 0 0 1704198,10,8,6,14,12,8,2,18,8,6,22,2,6,4,26,2,24,28,20,16,32,6,34,4,36,2,26,38,30,6,40,16,44,6,46,4,48,2,42,50,52,16,54,20,56,40,58,6,60,4,62,2,64
c2262808ccc626e8 0 0 1638662,12,8,14,2,2,16,10,8,20,6,22,2,20,24,6,4,10,4,28,30,28,2,26,18,34,36,32,10,38,18,42,10,44,6,46,4,48,2,40,50,52,18,54,26,56,32,58,8,60,2,62
d624b0cafc8e9a60 0 0 1376518,12,8,4,14,10,6,18,2,18,21,6,4,8,24,22,16,6,28,26,8,32,6,34,2,30,16,38,8,40,2,37,43,44,22,46,30,48,8,50,6,52,2,55
ecc3ea60cbe462e8 0 0 1769734,12,10,4,14,8,6,18,4,18,2,20,23,12,8,26,2,4,28,24,16,32,10,34,8,36,4,38,2,3,40,30,8,44,2,42,16,48,10,50,6,47,53,54,16,56,24,58,8,60,6,62,4,64,2,67
d7905a9aa8ba2a40 0 0 1769734,10,2,12,10,14,17,16,4,20,2,20,22,6,4,26,2,5,28,24,18,32,12,34,6,36,4,10,39,30,8,42,6,44,4,46,2,40,18,50,6,48,53,54,18,56,24,58,12,60,10,62,8,64,2,66
58ca1cd489282c28 0 0 1835270,10,2,12,10,14,17,16,4,20,2,20,22,6,4,26,2,5,28,24,18,32,12,34,6,36,4,10,39,30,8,42,6,44,4,46,2,40,18,50,6,48,53,54,18,56,24,58,30,60,12,62,10,64,8,66,6,68
7948dba6a42e06c0 0 0 1769734,10,8,14,4,3,16,12,10,20,8,22,4,7,24,8,6,28,4,7,30,6,4,26,18,36,10,38,8,40,4,34,42,32,8,46,4,48,2,44,18,52,10,54,4,56,2,50,59,60,18,62,26,64,12,66
e8eaec6e6e6c6ae8 0 0 1769734,10,8,6,14,12,8,3,18,8,6,22,2,8,4,26,2,24,28,6,4,32,2,20,16,36,12,38,8,40,2,35,43,30,6,44,16,46,48,50,16,52,20,54,30,56,44,58,12,60,8,62,6,64,4,67
7126ca2617c824c8 0 0 1900806,10,8,14,6,5,16,12,10,20,8,22,4,7,24,10,6,28,4,7,30,6,2,26,18,36,10,38,8,40,6,34,42,32,10,44,18,48,8,50,6,52,2,46,55,56,18,58,26,60,32,62,12,64,10,66,6,68,4,70
df5007881ac09248 0 0 1835270,12,10,14,8,16,6,18,4,4,20,12,6,24,2,25,26,6,2,4,30,4,2,28,22,36,12,38,10,40,8,42,2,35,44,32,8,48,4,50,2,46,22,54,12,56,4,58,2,52,61,62,22,64,28,66,2,68
5595417e471242e8 0 0 1507590,10,2,12,15,12,4,18,2,18,21,6,2,4,2,25,27,22,16,30,12,32,10,34,6,10,36,28,8,38,16,42,12,44,10,46,6,48,4,40,50,52,16,54,22,56,12,58
45f1210c8502d200 0 0 2228486,12,8,14,4,16,2,7,18,10,8,22,6,24,4,10,6,28,4,30,2,27,33,4,2,22,4,36,38,34,20,42,12,44,8,46,6,36,49,40,6,52,2,50,20,56,12,58,10,60,8,62,6,64,4,66,2,55,69,70,20,72,34,74,12,76,4,78,2,80
1661349ed16aa6c0 0 0 2097414,12,8,14,4,16,2,7,18,10,8,22,6,24,4,10,6,27,28,4,2,22,4,32,34,30,20,38,12,40,8,42,6,32,45,36,6,48,2,46,20,52,12,54,10,56,8,58,6,51,60,62,20,64,30,66,36,68,12,70,10,72,8,74,2,76
b0d8cfa839b846c8 0 0 1900806,12,8,14,4,16,2,14,18,8,4,10,2,23,24,8,6,28,2,2,30,26,20,34,12,36,8,38,4,40,2,4,42,32,8,46,4,44,20,50,8,52,6,54,2,49,56,58,20,60,26,62,10,64,8,66,6,68,2,70
9f0d6be017d03ee0 0 0 1507590,12,4,14,2,12,16,8,4,10,21,8,6,24,4,2,26,22,18,30,12,4,32,28,8,36,4,34,18,40,8,42,6,44,4,39,46,48,18,50,22,52,28,54,10,56,6,58
3aae45aeef489048 0 0 1179910,12,4,12,2,14,16,8,10,8,6,22,4,2,24,20,18,28,12,30,8,32,6,4,34,26,8,36,18,40,2,38,42,44,20,46,36,48
1522f6a0a3024080 0 0 1442054,12,4,14,2,13,17,8,10,8,6,22,4,2,24,20,18,28,12,30,8,32,6,34,2,4,37,26,8,38,18,42,2,40,44,46,20,48,26,50,38,52,8,54,4,56
d6a69a6a3c4c7080 0 0 1704198,10,8,14,4,4,16,12,10,20,6,20,22,6,10,6,2,24,18,30,10,32,6,34,4,36,2,28,38,26,6,42,4,44,2,40,18,48,10,46,50,52,24,54,26,56,40,58,12,60,10,62,4,64
f496769cd6aa7c00 0 0 1966342,8,4,14,2,12,6,18,2,16,21,12,10,24,4,26,2,2,28,8,6,32,4,14,35,30,22,38,12,40,4,4,42,36,12,46,6,48,4,50,2,44,22,54,8,56,6,58,4,53,61,62,30,64,44,66,12,68,6,70,4,73
3370c7ce86f6d848 0 0 1900806,8,6,14,4,16,2,12,6,20,2,19,23,12,10,26,4,28,2,2,30,8,4,17,34,32,24,38,12,40,4,4,42,36,12,46,6,48,4,50,2,44,24,54,8,56,4,53,58,60,32,62,36,64,44,66,12,68,6,71
9a0be886a9380668 0 0 1114374,8,10,4,12,4,2,8,6,20,2,19,22,16,14,19,26,24,8,30,4,28,14,34,8,36,6,38,2,32,40,42,14,44,6,46
23f613c67a9c46a0 0 0 1179910,8,10,4,12,4,2,8,6,20,2,19,22,16,14,19,26,24,8,30,4,28,14,34,8,36,6,38,2,32,40,42,14,44,16,46,6,48
ad4bea0c1afce600 0 0 1376518,8,10,12,6,16,4,4,18,4,2,8,6,24,4,23,26,20,14,23,30,28,8,34,4,32,14,38,8,40,6,42,4,36,44,46,14,48,20,50,28,52,8,54
8efebac204743048 0 0 1507590,10,8,14,6,4,16,12,2,12,21,6,2,8,6,26,2,24,28,22,18,7,32,30,8,36,4,38,2,34,18,42,8,44,6,41,47,48,22,50,34,52,8,54,6,56,4,59
1a6a3048b0e29ac0 0 0 1573126,10,8,4,14,12,8,18,6,20,2,20,23,6,4,8,26,26,2,24,16,31,32,28,8,36,6,38,2,34,16,42,8,44,2,41,47,48,24,50,28,52,34,54,8,56,6,58,2,61
82a21b2a3108a880 0 0 1704198,12,10,14,6,2,16,10,6,20,2,10,4,24,2,22,26,10,8,30,6,32,4,7,34,6,2,28,18,39,40,36,10,44,8,46,6,48,2,42,18,52,4,51,55,56,18,58,28,60,6,62,4,65
8b9c57f4a7169268 0 0 1769734,12,6,14,4,12,8,18,6,20,4,22,2,17,24,12,10,28,6,2,30,6,4,9,34,4,2,32,26,40,8,42,6,39,44,36,12,48,8,50,6,46,26,54,6,56,4,53,58,60,26,62,32,64,8,66
1193ab12b92aa008 0 0 2097414,12,2,12,8,16,4,15,18,12,10,22,6,24,4,26,2,2,28,8,4,6,4,33,34,4,2,30,20,40,8,42,6,44,4,39,46,36,12,50,8,52,2,48,20,56,6,58,4,55,60,62,20,64,30,66,36,68,8,70,6,72,4,74,2,76
a32a81a2b3800808 0 0 1507590,12,10,14,6,5,16,12,6,4,2,20,23,6,2,6,26,24,18,30,12,32,10,34,6,9,36,28,6,38,18,42,12,44,10,46,8,48,4,50,2,40,52,54,24,56,38,58
31de2a6c559ac6a0 0 0 2162950,12,6,14,2,10,2,16,18,12,10,12,23,10,6,26,4,28,2,3,31,10,8,34,6,36,2,24,20,40,12,42,10,44,6,38,46,32,10,50,4,48,20,54,12,56,10,58,8,60,6,62,4,53,65,66,20,68,24,70,32,72,10,74,4,76,2,79
1e32903448d078e0 0 0 2162950,12,6,14,2,12,8,18,6,20,2,16,22,12,10,26,6,28,4,30,2,2,32,8,2,8,6,38,4,36,40,4,2,34,24,46,6,48,2,45,51,42,12,54,8,56,6,58,4,52,24,62,8,64,6,66,4,61,68,70,34,72,52,74,8,76,6,78
6d7860f0352038a8 0 0 1638662,6,4,8,14,12,10,18,8,20,2,20,6,24,2,22,26,10,2,6,30,14,2,28,16,36,10,38,8,35,41,32,2,42,16,46,10,48,2,45,50,52,28,54,42,56,12,58,8,60,2,62
29849e4cef609868 0 0 1769734,12,8,8,15,12,10,18,8,20,6,22,4,22,25,8,4,6,2,29,30,4,2,26,16,36,12,38,6,40,4,35,42,32,12,46,8,48,4,50,2,44,16,54,6,56,2,52,58,60,16,62,26,64,12,66
2a00aefc57a038c0 0 0 2162950,8,6,12,8,16,6,15,18,12,10,22,8,24,2,24,4,28,2,26,31,14,4,6,2,34,36,4,2,32,20,42,12,44,6,46,4,41,48,38,12,52,8,54,6,56,4,58,2,50,20,62,6,64,2,61,66,68,20,70,32,72,38,74,12,76,6,78
c8f2edfa071af048 0 0 1900806,8,6,12,15,12,10,18,6,20,4,22,2,20,2,24,27,14,4,8,4,30,33,4,2,28,16,38,12,40,6,42,2,37,45,34,12,48,4,50,2,46,16,54,8,56,4,53,59,60,28,62,46,64,8,66,6,68,2,71
f340e2c0e26e8400 0 0 2162950,8,2,12,6,16,2,14,19,12,10,22,4,24,2,22,2,26,29,8,4,32,2,8,6,36,4,38,2,35,40,4,2,30,20,46,12,45,48,42,12,52,6,54,4,50,20,58,8,60,6,62,4,64,2,56,66,68,30,70,42,72,50,74,8,76,6,78
7f0301d2f2129888 0 0 2031878,12,8,14,6,16,2,12,6,20,4,22,2,18,24,12,10,28,6,30,4,32,2,30,2,34,37,8,6,9,40,4,2,38,26,46,6,48,2,45,51,42,12,54,6,52,26,58,8,60,6,57,62,64,38,66,52,68,8,70,4,72,2,74
a2e48046acea8e48 0 0 1704198,8,6,6,2,14,17,12,10,20,8,22,4,24,2,6,26,10,4,6,30,6,4,34,2,28,18,38,12,40,8,42,4,37,45,32,4,46,18,50,10,52,4,48,54,56,18,58,28,60,8,62,4,64
9cb610ba6e44e248 0 0 1310982,10,6,4,14,12,8,18,4,6,20,6,8,6,4,26,2,22,16,30,12,32,2,29,35,24,6,38,2,36,16,42,8,41,44,46,22,48,36,50,8,52
f854fc5a423c9ce8 0 0 2031878,8,6,14,4,12,8,18,4,17,21,12,10,24,2,3,26,16,2,6,4,32,2,30,35,28,22,38,12,40,10,42,6,44,2,4,46,36,12,50,8,48,22,54,6,56,4,58,2,53,61,62,28,64,48,66,12,68,10,70,8,72,2,74
a1b8ee444f5c00a0 0 0 1900806,4,2,12,8,16,4,14,18,12,10,22,8,24,2,4,26,6,4,30,2,30,32,28,20,36,12,38,8,40,2,8,42,34,6,46,4,48,2,44,20,52,12,54,6,56,4,58,2,50,60,62,28,64,44,66,8,68,2,70
804040eaaa6a6ac0 0 0 1310982,12,10,14,8,7,16,14,6,7,21,2,4,8,6,22,18,28,10,27,30,24,6,32,18,36,12,38,6,35,41,42,22,44,24,46,32,48,12,50,8,52
9398b312ecc2cc48 0 0 1704198,8,4,14,2,10,4,17,18,4,18,4,2,6,4,25,26,22,20,30,12,32,10,34,8,36,4,38,2,3,40,28,8,44,4,46,2,42,20,50,12,52,10,54,8,56,2,49,58,60,22,62,4,64
0c263726f3c8c8c8 0 0 1638662,12,10,14,4,2,16,10,8,20,6,22,2,6,4,24,27,6,2,10,4,30,32,28,18,36,2,6,38,34,10,42,6,44,2,40,18,48,4,47,51,52,28,54,34,56,8,58,6,60,4,63
5151d222a404d888 0 0 1114374,8,10,12,6,2,16,8,6,20,2,4,22,18,14,26,8,4,28,24,8,32,4,34,2,30,14,38,6,36,40,42,18,44,30,46
7aaa94c47eae90c0 0 0 1245446,12,8,4,14,10,6,6,18,8,6,8,4,24,2,22,27,6,2,20,16,32,4,31,34,28,6,38,4,36,16,40,42,44,20,46,28,48,4,50
fbe804041524eac8 0 0 2031878,10,6,14,4,4,16,12,8,20,6,22,4,3,24,6,4,8,6,28,30,28,2,26,18,36,12,38,8,40,6,35,42,32,8,46,6,48,4,50,2,44,18,54,6,56,2,53,59,60,18,62,26,64,32,66,12,68,6,70,4,72,2,75
46d6125cc04a94c0 0 0 1376518,7,10,12,8,16,2,2,18,6,4,8,4,23,24,22,2,20,14,30,10,32,6,29,35,26,4,36,14,40,10,42,8,38,44,46,14,48,20,50,10,52,2,54
1a1808aab83aaa88 0 0 1835270,4,2,12,4,16,2,14,19,12,10,4,22,6,4,26,2,26,28,24,20,32,12,8,35,30,6,38,4,40,2,36,20,44,12,46,8,48,6,50,4,42,53,54,24,56,30,58,36,60,8,62,6,64,4,66,2,68
a143d81669f61ca0 0 0 2097414,12,8,14,4,16,2,9,18,8,2,14,6,24,4,26,2,22,28,6,4,32,2,3,35,10,8,30,20,40,12,42,6,44,4,38,46,36,4,50,2,48,20,54,12,56,10,58,8,60,6,53,62,64,20,66,30,68,12,70,8,72,6,74,4,76
b78afd3080f26048 0 0 1966342,12,10,14,8,16,2,8,6,20,2,18,22,16,6,21,27,6,4,3,31,10,8,34,6,36,4,28,24,40,12,42,10,39,44,32,4,48,2,46,24,52,12,54,8,56,6,50,58,60,28,62,46,64,10,66,8,68,6,70,2,73
3235d6d4dbd4aaa0 0 0 2097414,12,10,14,8,16,2,8,6,20,2,18,22,16,6,21,27,6,4,30,2,3,32,10,8,36,6,38,4,28,24,42,12,44,10,41,46,34,4,48,24,52,12,54,8,56,6,58,2,51,61,62,28,64,34,66,48,68,10,70,8,72,6,74,4,76
4764890054cefc00 0 0 1507590,12,8,14,6,16,4,18,2,16,20,5,14,10,6,3,26,8,6,30,4,24,22,34,12,36,8,38,4,32,41,28,10,42,22,46,10,48,8,50,2,44,52,54,22,56,24,58
1f122a20efee4640 0 0 1638662,12,2,12,4,14,16,12,6,5,20,10,6,24,2,3,26,8,6,30,4,22,18,34,12,36,6,38,4,32,41,28,10,42,18,46,10,48,8,44,50,52,18,54,22,56,28,58,10,60,6,62
d9b21dfa3248f600 0 0 1769734,8,4,14,2,10,4,18,2,17,20,4,20,4,2,6,4,27,28,24,22,32,12,34,10,36,2,3,38,30,8,42,4,44,2,40,22,48,12,50,10,52,4,54,2,47,56,58,24,60,30,62,6,64,4,66
076cc328166cd228 0 0 1704198,12,8,4,14,6,4,10,18,10,8,22,6,24,4,26,2,23,28,6,2,20,16,34,10,36,6,38,4,33,40,30,6,42,16,44,46,48,16,50,20,52,30,54,42,56,10,58,6,60,4,62,2,64
f7ffc8a66eaaaec0 0 0 1442054,8,2,4,14,12,8,18,6,20,4,6,22,10,4,4,2,26,29,24,16,29,32,30,10,36,6,34,16,40,10,42,8,44,4,38,47,48,24,50,30,52,34,54,10,56
d42a7ea2fe805408 0 0 1507590,5,12,10,8,16,6,6,18,6,4,22,2,10,24,6,2,20,14,30,12,32,10,29,34,26,2,36,14,40,12,42,10,44,6,46,2,39,49,50,20,52,36,54,10,56,2,59
04ea23baa1b02640 0 0 1442054,12,10,14,8,2,16,4,16,8,6,22,2,4,24,20,18,28,10,30,8,32,4,34,2,2,36,26,8,40,4,38,18,44,8,46,6,48,2,42,50,52,18,54,8,56
5a362474220a5c48 0 0 1442054,12,10,3,14,4,2,14,19,8,4,22,2,3,25,20,16,28,12,30,10,32,6,4,34,26,10,38,8,40,4,36,16,44,8,46,4,48,2,43,51,52,16,54,20,56
045d5fac8a862e88 0 0 1245446,12,8,14,2,14,16,14,4,20,2,14,22,2,8,24,18,28,12,30,8,32,6,4,34,26,10,36,18,40,10,38,42,44,18,46,24,48,10,50
02ea622a4a2a8040 0 0 1900806,10,6,14,4,6,16,6,4,20,2,16,22,6,2,22,26,24,18,30,12,32,10,34,8,36,6,38,4,2,40,28,8,44,6,46,4,48,2,42,18,52,8,54,6,56,4,58,2,50,60,62,18,64,8,66,6,68,4,70
8e40ae4024ea26c8 0 0 1573126,10,8,4,14,12,4,2,18,10,6,22,4,6,24,6,2,20,16,30,6,32,4,28,34,26,6,38,4,40,2,36,16,44,10,46,6,48,2,42,50,52,20,54,26,56,36,58,2,60
fe52e888ae08e288 0 0 1966342,10,6,14,4,6,16,6,4,20,2,16,22,6,2,22,26,24,18,30,12,32,10,34,8,36,6,38,4,2,40,28,8,44,6,46,4,48,2,42,18,52,8,54,6,56,4,58,2,50,60,62,18,64,28,66,8,68,4,70,2,72
5dd6ee6a2a1a00c0 0 0 1769734,10,8,14,4,16,2,14,6,20,4,22,2,18,25,6,4,18,28,6,2,28,33,30,26,36,12,2,38,34,8,42,6,44,2,40,26,48,8,50,6,52,2,47,55,56,26,58,8,60,6,62,4,64,2,67
ce0b6c5e5894faa8 0 0 1835270,8,4,14,2,10,8,16,18,12,8,22,4,3,24,8,2,3,28,6,4,26,20,34,12,36,8,38,4,40,2,32,43,30,4,46,2,44,20,50,10,52,8,54,6,49,56,58,20,60,26,62,12,64,10,66,4,68
00a802fe16fc56e8 0 0 1966342,8,6,14,2,12,8,18,6,20,2,17,22,12,10,26,8,28,6,14,31,6,4,3,34,14,4,32,24,40,12,42,10,38,45,36,6,48,4,50,2,46,24,54,12,56,8,53,59,60,24,62,32,64,12,66,6,68,4,70,2,73
5aa4852e074ad8c0 0 0 1900806,8,6,14,2,12,8,18,6,20,2,17,22,12,10,26,8,28,6,14,31,6,4,3,34,14,4,32,24,40,12,42,10,38,45,36,6,48,4,50,2,46,24,54,12,56,8,53,59,60,24,62,32,64,36,66,12,68,2,71
a414a524729840a8 0 0 1835270,12,4,10,2,14,16,12,6,20,4,22,2,10,24,6,4,28,2,29,31,10,8,34,6,36,2,26,18,40,12,42,10,44,6,46,4,48,2,38,50,32,4,54,2,52,18,58,12,60,8,57,63,64,18,66,26,68
c1ca9ccc2b20ba40 0 0 1900806,12,10,10,4,16,2,14,19,14,6,17,23,6,4,26,2,26,28,10,8,32,4,34,2,24,20,38,12,40,6,42,4,36,44,30,4,46,20,50,12,52,10,54,8,56,6,58,4,49,61,62,24,64,46,66,12,68,8,70
f221780c7898f2e0 0 0 2162950,12,10,10,4,16,2,14,19,14,6,17,23,6,4,26,2,27,29,10,8,32,4,34,2,24,20,38,12,40,6,42,4,36,44,30,4,48,2,46,20,52,12,54,10,56,8,58,6,60,4,62,2,50,64,66,24,68,30,70,46,72,12,74,8,76,4,78
03d55c8033dc5c80 0 0 1573126,12,2,12,6,15,16,12,8,7,21,8,4,24,2,24,26,10,6,30,4,22,18,34,12,36,8,38,6,32,40,28,4,42,18,46,10,48,8,44,51,52,18,54,22,56,12,58,8,61
2b1fdaa43db20060 0 0 2162950,12,10,14,4,14,6,18,4,20,2,16,23,14,8,26,4,7,29,8,4,32,2,32,34,10,6,38,4,30,24,42,12,44,10,46,8,48,6,50,4,40,52,36,4,54,24,58,10,60,8,62,2,57,65,66,30,68,54,70,12,72,6,74,4,76,2,78
6aae5b8a4164d0e0 0 0 2097414,12,10,14,8,16,4,10,4,20,2,18,23,16,6,26,4,28,2,20,30,6,4,34,2,3,36,10,8,40,6,42,4,44,2,32,24,48,6,47,51,38,4,52,24,56,12,58,10,60,2,54,62,64,24,66,32,68,12,70,10,72,8,74,4,76
40053310778e04a8 0 0 1769734,12,10,14,8,16,4,8,6,18,20,20,2,14,4,24,26,10,8,30,2,30,32,30,6,36,4,38,2,28,22,42,8,44,2,41,46,34,10,48,22,52,12,54,10,56,2,50,59,60,22,62,28,64,8,66
fe1b714e8b080408 0 0 2031878,12,8,14,6,16,2,8,6,20,2,18,22,12,6,26,2,20,29,10,8,32,2,32,34,32,6,38,4,40,2,30,24,44,8,46,2,42,49,36,10,50,24,54,12,56,6,58,4,60,2,53,62,64,30,66,50,68,12,70,8,72,4,74
3e07a2089b080808 0 0 2162950,8,6,14,4,16,2,8,4,19,20,10,8,24,4,26,2,10,6,30,4,32,2,28,34,4,2,5,39,10,4,42,2,36,22,46,10,48,8,50,6,52,4,54,2,45,57,40,4,60,2,58,22,64,12,66,10,63,68,70,36,72,58,74,8,76,6,79
ed6438826de49228 0 0 2097414,12,10,14,8,16,4,18,2,2,20,12,8,24,4,24,2,26,28,8,6,32,4,32,34,8,4,38,2,30,22,41,42,36,8,46,6,48,4,50,2,44,22,54,12,56,10,58,8,60,6,62,2,52,65,66,30,68,44,70,8,72,4,74,2,76
db0e138aec6c24e8 0 0 2162950,12,10,14,8,16,4,18,2,2,20,12,4,12,2,24,26,8,6,30,4,30,32,8,4,36,2,28,22,39,40,34,8,44,6,46,4,48,2,42,22,52,12,54,10,56,8,58,6,60,2,50,63,64,28,66,34,68,42,70,8,72,6,74,4,76,2,78
1bfe0eba51444400 0 0 2031878,12,10,14,4,16,2,2,18,12,8,22,4,24,2,23,27,8,6,30,4,30,32,8,4,36,2,28,20,40,4,42,2,39,44,34,8,48,6,50,4,52,2,46,20,56,12,58,10,60,6,62,2,54,65,66,28,68,46,70,4,72,2,74
120e8cbaa8880a00 0 0 2097414,12,10,14,4,16,2,2,18,12,4,22,2,13,25,8,6,28,4,28,30,8,4,34,2,26,20,38,4,40,2,37,42,32,8,46,6,48,4,50,2,44,20,54,12,56,10,58,6,60,2,52,63,64,26,66,32,68,44,70,6,72,4,74,2,76
84e36984483e3cc0 0 0 2490630,12,10,14,8,16,4,18,2,2,20,12,8,24,6,26,4,26,2,28,30,8,6,34,4,34,36,8,4,40,2,32,22,44,8,46,6,48,4,50,2,43,52,38,8,56,6,58,4,60,2,54,22,64,12,66,10,68,8,70,6,72,2,62,75,76,32,78,54,80,8,82,6,84,4,86,2,88
4c7e7e66e2ececc8 0 0 2425094,12,10,14,8,16,4,18,2,2,20,12,6,24,4,24,2,26,28,8,6,32,4,32,34,8,4,38,2,30,22,42,8,44,6,46,4,48,2,41,50,36,8,54,6,56,4,58,2,52,22,62,12,64,10,66,8,68,6,70,2,60,73,74,30,76,36,78,52,80,8,82,4,84,2,86
789e7070a6aeae40 0 0 1638662,8,4,12,10,16,4,18,2,15,20,12,8,24,2,9,27,6,4,4,31,8,2,28,22,34,36,32,8,40,2,38,22,44,12,46,10,48,6,50,4,42,52,54,22,56,28,58,10,60,8,63
d0f1f05e129ac8c0 0 0 1573126,8,4,12,10,16,6,15,18,12,8,9,23,6,4,4,27,8,2,24,20,30,32,28,8,36,2,34,20,40,12,42,10,44,2,38,46,48,20,50,24,52,28,54,10,56,8,58,6,61
5c40ba2676a690c0 0 0 1442054,12,10,14,4,14,17,12,6,20,2,2,22,6,4,26,2,4,2,28,31,8,2,24,18,34,36,32,8,40,2,38,18,44,8,46,6,42,49,50,18,52,24,54,2,56
4e4638b05e5628a0 0 0 1442054,4,12,10,2,10,17,6,2,8,20,6,4,24,2,18,14,26,28,22,8,32,6,34,4,30,14,38,6,37,41,42,14,44,18,46,22,48,30,50,8,52,6,54,4,57
3b00b1aa828a0820 0 0 1704198,12,10,14,6,16,4,17,18,12,6,22,2,2,24,6,4,28,2,4,2,30,33,8,2,26,20,36,38,34,8,42,2,40,20,46,8,48,6,44,51,52,20,54,26,56,34,58,6,60,4,62,2,64
82d968667328e6e8 0 0 1704198,4,2,12,10,16,8,18,6,20,2,15,22,12,8,26,2,27,28,4,6,8,2,30,24,34,36,32,8,40,2,38,24,44,12,46,10,48,4,50,2,42,53,54,24,56,30,58,12,60,10,62,6,64
d5d255527816ee80 0 0 1769734,4,2,12,10,16,8,18,6,20,2,15,22,12,8,26,2,27,28,4,6,8,2,30,24,34,36,32,8,40,2,38,24,44,12,46,10,48,4,50,2,42,53,54,24,56,30,58,32,60,12,62,10,64,6,66
6dca7bac73069a60 0 0 1507590,12,10,14,4,5,16,2,12,4,2,6,23,20,18,26,12,28,10,9,31,24,8,32,18,36,12,38,10,40,8,42,6,35,44,46,18,48,20,50,12,52,10,54,8,56,6,59
7378160c1d3c7848 0 0 1507590,8,4,12,10,16,8,18,4,15,20,9,12,4,6,8,2,24,22,30,6,28,32,26,8,36,2,34,22,40,12,42,10,44,8,46,6,48,2,38,51,52,22,54,24,56,10,58
1e40d61e5e400088 0 0 1704198,8,4,12,10,16,8,18,6,20,2,15,22,12,2,9,26,4,6,8,2,28,24,34,6,32,36,30,8,40,2,38,24,44,12,46,10,48,8,50,4,42,53,54,24,56,28,58,30,60,10,62,6,64
24dcdcdce8681068 0 0 1638662,4,2,12,10,16,4,18,2,15,20,12,2,12,25,4,6,8,2,26,22,32,6,30,34,28,8,38,2,36,22,42,12,44,10,46,8,48,6,50,2,40,53,54,22,56,26,58,12,60,10,62
2752dc16b966e888 0 0 1704198,4,2,12,10,16,4,18,2,15,20,12,2,12,25,4,6,8,2,26,22,32,6,30,34,28,8,38,2,36,22,42,12,44,10,46,8,48,6,50,2,40,53,54,22,56,26,58,28,60,12,62,10,64
dcff485817b4b020 0 0 1638662,8,4,12,10,16,4,15,18,8,12,6,4,6,25,8,2,22,20,30,12,32,8,34,6,28,36,26,8,40,2,38,20,44,12,46,10,48,6,50,2,42,53,54,20,56,22,58,12,60,10,62
57006a683fe80280 0 0 1966342,8,4,12,10,16,6,18,2,15,20,12,2,8,24,6,4,6,29,8,2,26,22,34,12,36,8,38,6,40,2,32,42,30,8,46,2,44,22,50,12,52,10,54,4,48,57,58,22,60,26,62,30,64,12,66,10,68,6,70,2,72
6aea7bea84ea4840 0 0 1769734,10,8,14,6,16,2,9,18,12,10,22,4,24,2,2,26,8,4,2,30,6,2,28,20,34,36,32,8,40,6,42,2,38,20,46,10,48,8,50,4,45,53,54,20,56,28,58,10,60,8,62,4,64,2,67
742a1d1223904aa8 0 0 1376518,10,6,8,2,14,16,12,10,20,8,22,6,24,4,2,26,10,4,2,30,6,2,28,18,34,36,32,10,40,2,38,18,44,8,46,4,42,48,50,28,52,38,54
3d710a0aefd48800 0 0 1900806,12,8,14,6,8,6,18,2,16,20,12,10,24,2,24,27,8,4,30,2,19,33,4,2,28,22,37,38,34,12,42,8,44,6,46,4,48,2,40,22,52,12,54,8,56,2,51,58,60,22,62,28,64,12,66,8,68,6,70
70da077084a648c0 0 0 1769734,10,8,14,6,16,2,9,18,12,8,22,2,2,24,8,4,28,2,2,30,26,20,34,10,36,8,38,6,40,2,7,42,32,8,46,6,44,20,50,10,52,8,54,4,48,56,58,26,60,44,62,8,64,6,66
0984e8304be4fa00 0 0 1638662,8,6,14,4,12,4,16,19,12,10,22,4,24,2,8,26,10,2,5,31,28,20,34,12,36,8,38,6,40,4,5,42,32,12,46,2,44,20,50,12,52,8,48,54,56,20,58,28,60,8,62
fe9585d2a1608028 0 0 1376518,6,2,12,6,16,4,14,18,8,4,10,22,6,4,26,2,10,29,24,20,32,12,34,6,5,37,30,6,38,20,42,12,44,8,46,4,48,2,40,51,52,20,54
d65e79109a12f660 0 0 1376518,6,4,12,8,14,16,10,6,8,2,20,22,14,2,20,27,24,18,30,12,32,8,34,2,3,37,28,6,38,18,42,12,44,6,46,4,40,49,50,24,52,6,54
82ff606a875a6ac0 0 0 1835270,6,2,12,10,16,6,18,4,14,20,10,8,24,6,26,4,10,29,6,4,32,2,10,35,30,22,38,12,40,10,42,6,5,45,36,6,46,22,50,12,52,8,54,6,56,4,58,2,48,60,62,22,64,36,66,10,68
41fe3fd2ca4a7800 0 0 1573126,6,2,8,2,15,16,10,4,20,2,4,2,22,25,10,8,28,4,7,30,26,18,34,8,2,36,32,12,40,8,42,2,38,18,46,8,48,6,50,4,45,52,54,18,56,8,58,6,60
2d093df8fd4004a8 0 0 1704198,6,2,8,2,15,16,10,2,4,2,21,23,10,8,7,27,24,18,30,8,2,32,28,12,36,8,38,2,34,18,42,8,44,6,46,4,41,48,50,18,52,24,54,10,56,8,58,6,60,4,62,2,65
1475c1508334c088 0 0 1704198,6,2,8,2,15,16,10,4,20,2,4,2,22,25,10,8,28,4,7,30,26,18,34,8,2,36,32,12,40,8,42,2,38,18,46,8,48,6,50,4,45,52,54,18,56,32,58,10,60,6,62,4,64
2b8fa470a7fcd8c0 0 0 1704198,6,2,8,6,15,17,10,4,4,2,21,23,10,8,26,6,28,4,7,30,24,18,34,8,36,6,38,2,2,41,32,12,44,8,46,2,42,18,50,8,52,4,54,2,49,57,58,18,60,24,62,32,64
c2adf39cfd52f0a0 0 0 1376518,12,10,8,4,14,17,8,6,20,2,12,23,9,23,24,18,28,12,30,10,32,4,4,34,26,8,38,2,36,18,42,12,44,4,41,46,48,18,50,12,52,10,54
10713400a8fa38c0 0 0 1442054,8,6,14,4,12,16,12,10,8,20,14,2,8,24,4,2,22,18,30,12,32,4,34,2,28,36,26,8,40,6,38,18,44,12,46,10,48,4,50,2,42,52,54,22,56
de804dd0f0624ee0 0 0 1507590,8,6,14,4,12,16,12,10,8,20,14,2,8,24,4,2,22,18,30,12,32,4,34,2,28,36,26,8,40,6,38,18,44,12,46,10,48,4,50,2,42,52,54,18,56,22,58
1ced434261060860 0 0 2097414,12,10,14,8,16,4,8,4,19,21,8,6,24,2,12,8,28,6,30,4,32,2,27,35,9,27,36,22,40,12,42,10,44,8,4,47,38,8,50,2,48,22,54,12,56,8,58,6,60,2,53,63,64,22,66,38,68,12,70,10,72,4,74,2,76
8d33fce2142256c0 0 0 2097414,12,6,14,4,16,2,8,6,20,4,19,22,12,10,26,8,28,6,30,4,8,32,20,2,8,36,4,2,34,24,42,12,44,6,40,47,38,8,50,6,48,24,54,12,56,10,58,8,60,6,62,2,52,64,66,24,68,34,70,38,72,8,74,6,76
c2ee0e8884e80a00 0 0 1573126,8,2,6,2,14,17,10,4,20,2,10,2,22,25,10,8,28,4,7,30,26,18,34,8,2,36,32,12,40,8,42,2,38,18,46,10,45,49,50,18,52,12,54,10,56,4,58,2,61
88c6e0eeb8fa0200 0 0 1573126,8,2,6,2,14,17,10,4,20,2,10,2,22,25,10,8,28,4,7,30,26,18,34,8,2,36,32,12,40,8,42,2,38,18,46,10,45,49,50,18,52,26,54,12,56,10,58,2,61
1341e41c3388a280 0 0 1638662,6,2,8,15,10,4,10,19,10,8,22,4,7,25,20,16,28,8,30,2,2,32,26,12,36,8,38,6,40,2,34,16,44,10,46,2,42,48,50,16,52,26,54,10,56,8,58,6,60,4,63
2910b4ee03187800 0 0 1704198,6,2,8,15,10,4,10,19,10,8,22,4,7,25,20,16,28,8,30,2,2,32,26,12,36,8,38,6,40,2,34,16,44,10,46,2,42,48,50,16,52,20,54,26,56,10,58,8,60,6,62,4,65
0bdd40f0c142d060 0 0 1573126,8,6,14,4,16,2,12,19,8,4,12,10,22,24,14,2,6,2,28,31,26,20,34,12,36,4,5,39,32,8,42,6,40,20,46,12,48,10,50,4,44,53,54,20,56,26,58,12,60
95cdb6c4badeaa28 0 0 1442054,8,2,6,2,14,17,10,4,10,2,21,23,10,8,26,6,28,4,7,30,24,18,34,8,2,36,32,12,40,8,42,2,38,18,46,10,45,49,50,18,52,24,54,12,56
0dd0daf2afc634a8 0 0 1769734,6,2,8,15,10,4,18,2,10,20,10,8,24,6,26,4,7,29,22,16,32,8,34,2,2,36,30,12,40,8,42,6,44,2,38,16,48,10,50,2,46,52,54,16,56,22,58,30,60,8,62,6,64,4,67
4efa7700eb727228 0 0 2228486,12,10,14,8,16,6,18,4,20,2,8,4,22,25,8,6,28,4,30,2,12,8,34,4,36,2,32,39,28,2,6,2,42,45,40,26,48,12,50,10,52,8,4,55,46,8,58,6,56,26,62,12,64,8,66,6,60,68,70,26,72,40,74,12,76,10,78,2,80
a9d06dd897d26228 0 0 1835270,10,4,11,14,6,2,8,6,18,20,10,8,24,6,26,4,7,28,22,16,32,6,34,4,3,36,30,12,40,8,42,2,38,16,46,10,48,8,50,4,45,53,54,16,56,22,58,12,60,10,62,8,64,6,66,2,69
c9d73da489383e08 0 0 2031878,10,2,10,4,16,2,14,19,6,2,8,6,24,2,22,26,10,8,30,6,32,4,7,35,28,20,38,6,40,4,3,42,36,12,46,8,48,6,50,2,44,20,54,10,56,8,58,4,52,60,62,20,64,28,66,36,68,10,70,4,72,2,75
4bee6f74f0880ec8 0 0 1900806,10,4,14,2,11,17,6,2,8,6,20,22,10,8,26,4,7,29,24,18,32,6,34,4,36,2,3,39,30,12,42,8,44,6,46,2,40,18,50,10,52,8,54,4,56,2,48,58,60,18,62,24,64,12,66,8,68,6,70
df8a48300e208620 0 0 1966342,10,2,10,4,14,16,6,2,8,6,22,2,20,24,10,8,28,4,7,30,26,18,34,6,36,4,38,2,3,41,32,12,44,8,46,2,42,18,50,10,52,8,54,4,56,2,49,59,60,18,62,26,64,32,66,6,68,4,70,2,72
8a5ff7ee20504c00 0 0 1376518,10,8,14,6,12,10,18,4,16,20,18,2,12,25,8,4,4,2,28,31,18,6,34,4,26,22,38,12,40,6,36,42,32,8,44,22,48,8,50,2,46,53,54
e0a6581e5ee86e28 0 0 1835270,8,2,10,8,16,6,18,2,15,20,12,10,24,6,26,2,16,4,30,2,29,33,12,6,36,4,6,4,39,41,34,22,44,12,46,10,48,4,31,50,42,12,54,4,52,22,58,12,57,60,62,22,64,10,66,6,68
ce25b196b9166c00 0 0 2294022,10,4,14,2,8,6,18,4,20,2,16,22,12,8,26,4,28,2,18,31,12,10,34,6,36,2,4,2,39,40,18,2,32,24,46,12,48,8,50,2,44,53,42,12,56,10,58,4,54,24,62,12,64,10,66,6,68,4,60,71,72,24,74,32,76,6,78,4,80,2,82
496c8066a8146428 0 0 2031878,10,6,10,8,16,6,18,2,14,20,12,8,24,6,26,4,16,4,30,2,28,33,6,4,13,37,34,22,40,12,42,8,44,2,31,47,38,12,50,4,48,22,54,12,56,6,58,4,53,60,62,22,64,38,66,12,68,10,70,6,72,4,75
c8b4fed84000d600 0 0 2294022,12,8,14,4,16,2,8,6,18,21,10,4,24,2,20,4,28,2,27,31,12,10,34,6,36,2,4,2,38,40,20,2,32,22,46,10,48,4,45,51,42,12,54,10,56,2,52,22,60,12,62,10,64,6,66,4,58,68,70,22,72,32,74,42,76,8,78,6,80,2,83
f45f8c72cd660e00 0 0 2097414,8,6,14,2,8,2,17,19,12,10,22,6,24,2,12,6,26,29,10,8,32,6,34,4,32,36,28,4,30,20,42,10,44,8,46,4,41,48,38,6,52,4,54,2,50,20,58,12,60,10,62,4,64,2,57,66,68,20,70,8,72,6,74,2,77
2fbb68fc58f098c0 0 0 1900806,12,8,14,6,16,4,18,2,18,20,10,6,10,8,26,6,28,2,25,31,12,2,12,6,36,4,38,2,35,40,26,4,32,22,46,12,44,49,42,6,50,22,54,10,56,4,52,58,60,22,62,32,64,12,66,10,68,2,71
10b15e003dc6f400 0 0 2162950,12,10,14,6,16,2,16,18,8,2,10,8,24,6,26,2,22,29,12,6,32,4,13,34,24,4,30,20,40,12,42,6,44,4,46,2,38,48,36,4,50,20,54,8,56,6,58,4,60,2,52,63,64,20,66,30,68,36,70,12,72,10,74,6,76,4,78
50945b607994d860 0 0 1507590,8,6,14,2,6,16,10,4,10,20,10,8,24,6,6,26,22,18,30,10,32,6,34,2,2,36,28,12,40,10,42,2,38,18,46,4,48,2,44,50,52,18,54,22,56,10,58
ad082d284bf044a0 0 0 1835270,8,6,14,2,6,16,10,4,11,21,10,8,24,6,26,4,6,29,22,18,32,10,34,6,36,4,38,2,2,41,30,12,44,10,46,4,48,2,42,18,52,4,54,2,51,56,58,18,60,22,62,30,64,10,66,4,69
6aa69b02f9426e80 0 0 2097414,8,4,12,10,16,4,14,18,12,4,22,2,12,8,26,6,28,2,25,30,10,4,34,2,10,2,37,39,32,20,42,12,44,8,46,4,48,2,4,51,40,12,52,20,56,8,58,6,55,61,62,20,64,32,66,12,68,10,70,8,72,6,74,2,76
1f9fc77485fa4c00 0 0 1966342,12,10,14,4,8,16,12,4,20,2,12,8,24,6,26,2,23,28,10,4,32,2,10,2,35,37,30,18,40,12,42,8,44,2,4,47,38,12,48,18,52,8,54,6,51,57,58,18,60,30,62,38,64,12,66,8,68,6,70,4,73
61b944a026109a60 0 0 1638662,12,8,14,2,6,16,10,4,10,20,12,10,24,8,26,6,28,4,28,2,30,32,6,2,22,18,38,10,40,4,42,2,36,44,34,8,48,6,46,18,52,6,54,4,56,2,50,58,60,18,62
63cd09020092b880 0 0 2031878,10,8,14,6,16,4,18,2,6,20,12,4,12,6,26,2,24,29,12,10,32,8,34,4,36,2,34,6,40,4,38,43,6,4,30,22,48,12,46,50,44,12,54,8,56,6,52,22,60,2,59,63,64,22,66,30,68,12,70,8,72,2,75
ee00571c30c0bae0 0 0 1835270,12,6,9,14,12,4,10,4,18,21,12,10,24,8,26,6,28,2,28,4,30,32,26,4,36,2,22,16,40,10,42,2,38,45,34,8,48,6,46,16,52,8,54,4,56,2,50,59,60,16,62,34,64,12,66,8,68
364866f64b6a1828 0 0 2359558,8,6,12,6,14,16,12,4,12,8,22,6,24,2,20,27,12,10,30,8,32,4,34,2,6,2,36,39,32,6,42,2,28,18,46,10,48,4,50,2,44,52,40,10,56,6,58,4,60,2,54,18,64,12,66,10,68,4,63,71,72,18,74,28,76,40,78,10,80,4,82,2,85
259552483b845248 0 0 1507590,12,8,14,6,8,16,10,8,20,4,22,2,10,25,6,2,4,2,28,31,12,10,34,8,36,2,26,18,40,12,42,2,38,44,32,6,46,18,50,12,52,10,54,4,48,57,58
d37565969b3ed288 0 0 1573126,8,6,6,14,12,10,18,4,18,20,10,8,24,6,26,4,6,4,28,30,22,16,34,10,36,6,38,4,12,40,32,10,44,8,46,2,42,16,50,12,52,4,49,54,56,16,58,6,60
583be92afaaab488 0 0 1966342,12,8,14,6,6,16,12,10,20,4,20,22,20,8,26,2,6,4,28,30,12,6,34,4,36,2,24,18,40,10,42,2,38,44,32,10,48,8,50,6,52,2,46,18,56,12,58,6,60,2,54,62,64,18,66,24,68,12,70,10,72
4ce757fcb318ec48 0 0 1966342,10,6,14,2,4,16,12,8,20,6,20,22,10,8,26,4,6,4,29,30,12,6,34,4,36,2,24,18,40,8,42,6,44,2,39,47,32,10,50,8,52,6,54,2,48,18,58,12,60,4,62,2,56,65,66,18,68,32,70,6,72
926197982de24e28 0 0 1966342,8,2,10,6,15,17,12,10,20,6,3,23,12,6,26,4,12,28,10,8,32,4,24,18,36,12,38,10,40,8,42,4,44,2,35,46,30,12,50,6,48,18,54,12,56,10,58,4,60,2,52,62,64,18,66,24,68,12,70,8,72
08f3b3b87a7eece8 0 0 2294022,10,8,14,6,16,4,8,2,18,20,12,6,24,4,26,2,3,29,12,8,32,4,34,2,32,6,38,4,36,41,10,4,44,2,30,22,48,12,50,10,52,8,54,6,46,56,42,12,60,8,62,6,58,22,66,12,68,4,70,2,65,73,74,22,76,30,78,42,80,2,82
2cdc635098c82888 0 0 1704198,8,6,14,4,6,16,12,10,20,6,22,4,5,25,10,8,28,4,6,4,30,33,26,18,36,10,12,38,34,2,40,18,44,10,46,8,48,6,42,51,52,18,54,26,56,12,58,10,60,4,62,2,65
48cfc30c8bd68268 0 0 1900806,8,6,14,2,6,16,4,2,10,2,20,22,10,8,26,6,28,4,6,30,24,18,34,10,36,6,38,4,40,2,2,42,32,12,46,10,48,6,50,4,52,2,44,18,56,4,55,58,60,18,62,24,64,32,66,6,68,2,70
175e037650bc0020 0 0 1769734,12,8,14,6,6,16,6,4,20,2,10,6,24,2,22,27,12,10,30,8,32,4,34,2,4,2,37,38,6,2,28,18,44,10,46,4,48,2,42,51,40,12,54,10,52,18,58,4,57,60,62,18,64,28,66
00d7b970440cbee8 0 0 1573126,10,2,4,14,6,2,8,2,19,21,10,8,24,6,25,27,22,16,30,8,32,6,34,4,36,2,3,39,28,12,42,8,44,2,40,16,48,6,47,50,52,16,54,22,56,8,58,2,61
7915c9880a96f648 0 0 1900806,10,4,14,2,4,17,6,2,8,2,21,23,10,8,26,6,28,4,26,4,30,32,24,18,36,8,38,6,40,4,42,2,3,45,34,12,48,8,50,2,46,18,54,6,53,56,58,18,60,24,62,34,64,10,66,4,68,2,71
4ae7ba18c2604ae8 0 0 2031878,12,8,14,6,2,16,10,6,20,2,8,6,22,24,12,10,28,8,30,4,32,2,12,2,34,36,24,4,26,18,42,10,44,6,46,4,40,48,38,10,52,4,50,18,56,10,58,8,60,4,62,2,55,64,66,18,68,26,70,8,72,6,74
e67a13d0ad0258a8 0 0 1769734,12,10,14,8,16,4,6,18,6,2,8,6,24,4,23,26,10,2,3,30,28,20,34,10,36,6,6,39,32,6,42,4,40,20,46,12,48,6,50,2,45,52,54,20,56,28,58,12,60,8,62,4,64,2,66
a2033f88227c4008 0 0 917766,4,10,4,2,6,17,10,8,20,2,10,23,18,14,4,26,24,12,30,10,28,14,34,8,32,36,38,14,40
2a9c43e055dc3ca0 0 0 1048838,4,10,4,2,6,17,10,8,20,2,10,23,18,14,4,26,24,12,30,10,28,14,34,8,32,36,38,14,40,18,42,6,44
6faeba8ca9627c40 0 0 983302,10,4,4,14,2,6,10,8,20,2,10,22,18,16,4,26,24,12,28,16,32,8,30,34,36,16,38,18,40,4,42
6537ed40c5c218e0 0 0 1179910,10,8,14,6,6,16,6,2,8,21,12,10,3,24,22,18,6,28,26,4,32,2,30,18,36,12,35,38,40,18,42,22,44,8,46,6,48
441a79c455f44a08 0 0 983302,10,6,4,14,6,4,18,2,6,20,10,8,24,2,10,26,22,16,4,30,28,12,32,16,36,8,34,38,40,16,42
f24b34fa7f28a800 0 0 1376518,6,4,8,14,8,6,18,2,2,21,10,4,24,2,8,26,14,2,22,16,30,32,28,12,36,4,34,16,40,10,39,43,44,16,46,22,48,12,50,10,52,4,55
658f0aaa1ed642c0 0 0 1573126,6,4,8,6,16,4,14,18,8,4,2,23,10,4,26,2,8,28,14,2,24,20,32,34,30,12,38,4,36,20,42,10,44,2,41,47,48,20,50,24,52,12,54,10,56,6,58,2,61
1d43ace4acf8e2a0 0 0 1507590,6,4,14,2,8,2,17,18,8,6,2,23,10,4,26,2,8,29,24,20,15,32,30,12,36,8,38,4,34,20,42,10,44,2,41,47,48,20,50,12,52,10,54,8,56,4,59
45b8fba6838438c0 0 0 1573126,6,4,8,6,15,17,2,9,10,4,22,2,9,24,14,2,20,18,29,30,26,12,34,10,36,2,32,18,40,10,42,2,39,45,46,18,48,20,50,12,52,10,54,8,56,6,58,2,60
52b7195602d4b660 0 0 1376518,10,6,14,2,12,10,18,8,16,20,20,4,2,24,10,4,4,28,26,22,14,32,30,12,36,10,38,4,34,22,42,6,44,2,40,46,48,22,50,26,52,10,54
c8845e1283fceac0 0 0 1245446,12,8,14,2,12,2,16,19,8,4,2,22,10,6,26,4,5,28,24,20,14,32,30,6,34,20,38,10,40,6,36,43,44,20,46,24,48,8,50
12977bfe0376c0e0 0 0 1704198,6,4,6,2,14,17,10,6,20,4,22,2,7,24,12,8,28,6,5,30,26,18,21,34,32,12,38,6,40,4,36,18,44,12,46,8,48,4,50,2,42,52,54,18,56,26,58,10,60,8,62,2,64
1d7ad576320cfa00 0 0 2031878,12,10,14,8,16,6,18,4,20,2,18,2,22,24,4,2,12,8,28,30,8,6,34,4,36,2,2,38,32,26,42,10,9,45,40,8,48,4,50,2,46,26,54,12,56,10,58,6,60,4,53,63,64,26,66,32,68,10,70,8,72,2,74
d0281c6c94e4d0a0 0 0 1900806,12,10,14,4,16,2,16,18,6,2,12,4,22,24,8,6,6,28,28,4,32,2,26,20,36,10,38,4,40,2,34,42,30,8,46,4,44,20,50,12,52,10,54,8,56,2,48,58,60,26,62,44,64,8,66,4,68,2,70
988a1d4a0a188a88 0 0 1769734,10,8,14,4,16,2,14,19,12,6,9,22,6,4,26,2,9,28,24,20,32,10,34,6,36,4,3,38,30,12,42,6,44,2,40,20,48,12,50,10,52,8,54,6,56,4,47,58,60,24,62,12,64,8,66
7a145f58147ac6a8 0 0 2162950,10,8,14,6,16,4,16,2,18,21,12,4,8,4,26,2,25,28,6,4,32,2,28,34,30,22,38,10,40,4,42,2,3,45,36,12,48,4,50,2,46,22,54,12,56,10,58,8,60,6,62,4,52,65,66,22,68,30,70,12,72,8,74,4,76,2,78
a9e27ee22f208020 0 0 2294022,10,8,14,6,16,4,16,2,18,21,12,4,24,2,8,4,28,2,26,30,6,4,34,2,30,36,32,22,40,10,42,4,44,2,3,47,38,12,50,4,48,22,54,12,56,10,58,8,60,6,62,4,64,2,53,66,68,22,70,32,72,38,74,12,76,8,78,6,80,2,83
faae8054e6b29c48 0 0 1900806,12,10,14,8,16,4,16,6,20,4,18,23,6,4,26,2,8,6,29,30,10,6,11,34,32,24,38,12,40,6,27,43,36,2,44,24,48,12,50,10,52,8,54,6,56,4,58,2,46,61,62,24,64,32,66,8,68,2,70
70c01ff001ee9888 0 0 1704198,12,10,14,8,16,2,4,18,8,6,12,22,6,4,22,4,27,28,4,2,24,20,34,8,36,4,38,2,32,41,30,12,44,4,46,2,42,20,50,12,52,2,48,54,56,20,58,24,60,12,62,2,64
2e7020c4ffba10e0 0 0 1900806,12,10,4,14,12,8,8,6,20,2,19,22,20,4,26,2,8,28,4,2,24,16,34,6,32,36,30,12,40,8,42,4,44,2,38,16,48,12,50,8,52,2,47,55,56,24,58,38,60,12,62,8,64,6,66,4,68,2,71
cc42d4e4302e8888 0 0 1966342,12,2,3,15,12,8,18,4,10,8,22,6,24,4,21,27,24,2,26,2,31,32,6,4,36,2,28,16,40,12,42,6,38,44,34,12,48,8,50,6,52,2,46,16,56,12,58,8,60,6,55,62,64,16,66,28,68,12,70,10,73
731261c20010b260 0 0 2097414,12,2,3,15,12,8,18,4,10,8,22,6,24,4,21,27,24,2,26,2,31,32,6,4,36,2,28,16,40,12,42,6,38,44,34,12,48,8,50,6,52,2,46,16,56,12,58,8,60,6,55,62,64,16,66,28,68,34,70,12,72,10,74,4,77
0df1550cd0541ec0 0 0 917766,6,12,12,8,16,2,6,18,2,4,20,14,24,10,8,26,22,6,28,14,30,32,34,20,36,22,38,28,40
4028972a0302d400 0 0 1442054,12,6,14,4,16,2,2,18,10,8,22,4,8,24,8,6,2,28,26,20,4,32,30,8,36,4,38,2,34,20,42,12,44,8,46,6,48,2,40,50,52,26,54,34,56
5541dd726b085808 0 0 1573126,12,6,2,14,8,10,8,6,20,4,22,2,2,24,18,16,4,28,26,8,32,4,34,2,30,16,38,12,40,8,42,6,44,4,36,46,48,18,50,26,52,30,54,8,56,4,58,2,60
6181fe1ea8486888 0 0 1442054,8,10,12,6,16,2,2,18,8,6,22,4,24,2,4,26,20,14,4,30,28,8,34,2,32,14,38,8,40,6,42,4,44,2,36,46,48,20,50,32,52,8,54,4,56
b5d29ce2bf509660 0 0 1507590,4,2,10,2,14,16,8,4,20,2,16,22,6,2,4,26,24,18,30,12,32,10,34,8,36,4,38,2,2,40,28,8,44,4,46,2,42,18,48,50,52,18,54,28,56,2,58
3e14c848e0608000 0 0 1048838,10,8,14,2,8,16,14,6,8,20,4,2,2,24,22,18,28,12,6,30,26,6,34,2,32,18,36,38,40,18,42,22,44
161d9d66b5d8a860 0 0 1179910,10,8,14,2,8,16,14,6,8,20,4,2,2,24,22,18,28,12,6,30,26,6,34,2,32,18,36,38,40,18,42,22,44,26,46,2,48
86e804ea0c40ac60 0 0 1507590,10,6,10,8,16,6,14,18,12,10,22,8,24,2,2,26,10,4,30,2,2,32,6,2,28,20,36,38,34,10,40,20,44,10,46,8,42,48,50,28,52,34,54,40,56,6,58
62ff367250980440 0 0 1704198,12,4,14,2,6,4,16,18,12,10,22,4,4,24,8,4,28,2,6,30,4,2,26,20,35,36,32,12,40,4,38,20,44,6,46,4,48,2,43,51,52,20,54,26,56,12,58,6,60,4,62,2,65
77616956bb160c88 0 0 1704198,12,6,14,2,12,16,12,10,20,4,22,2,2,24,8,6,28,4,6,30,26,18,4,34,32,12,38,4,40,2,36,18,44,12,46,6,48,4,42,50,52,18,54,26,56,32,58,12,60,4,62,2,64
79a67e92a0960208 0 0 1376518,8,4,14,2,6,17,12,6,20,2,4,23,4,10,24,18,3,28,26,12,30,18,34,12,36,8,38,6,40,4,42,2,32,45,46,18,48,24,50,6,52,4,54
8794b66eb46e8668 0 0 1442054,8,4,14,2,6,17,12,6,20,2,4,23,4,10,24,18,3,28,26,12,30,18,34,12,36,8,38,6,40,4,42,2,32,45,46,18,48,24,50,26,52,6,54,4,56
f0f4f104e0282228 0 0 1376518,6,2,8,4,15,16,12,6,4,21,4,10,22,18,3,26,24,12,28,18,32,12,34,8,36,6,38,4,40,2,31,42,44,22,46,28,48,6,50,4,52,2,54
2b204f340400ac28 0 0 1442054,12,8,14,6,16,4,18,2,6,20,12,2,6,4,24,26,4,10,6,2,28,22,32,34,30,12,36,22,40,8,42,4,44,2,38,46,48,22,50,28,52,30,54,6,56
3cc289c2b948fc48 0 0 1638662,10,8,14,6,12,10,18,2,17,20,12,8,14,4,26,2,24,28,8,6,6,4,34,2,32,37,16,2,30,22,41,42,38,12,46,8,48,2,44,22,52,6,50,55,56,30,58,44,60,8,62
ee612aaa3bb4d0a0 0 0 1769734,10,8,14,6,16,4,18,2,12,10,22,4,24,2,21,27,12,8,30,2,14,33,8,6,6,4,38,2,36,41,34,28,19,44,42,12,48,8,46,28,52,6,51,55,56,34,58,42,60,46,62,4,64,2,66
1c987456882cc2c0 0 0 1769734,12,8,14,4,16,2,6,2,18,21,12,10,24,4,26,2,7,28,8,6,32,4,34,2,2,36,10,6,30,22,41,42,38,8,46,6,44,22,50,12,52,4,49,54,56,22,58,30,60,10,62,8,64,2,66
47018f62628e0048 0 0 1900806,12,8,14,4,16,2,6,2,18,21,12,10,24,4,7,27,8,6,30,4,32,2,2,34,10,6,38,2,28,22,40,42,36,8,46,6,44,22,50,12,52,4,49,54,56,22,58,28,60,36,62,10,64,8,66,6,68,2,71
c95ba61a25f44ae0 0 0 2097414,12,10,14,8,16,6,18,2,8,6,21,22,12,6,26,4,28,2,22,2,31,32,6,4,36,2,2,38,10,8,42,6,44,4,46,2,34,24,49,50,40,6,54,2,52,24,58,12,60,10,62,6,57,64,66,34,68,52,70,12,72,10,74,8,76
1bdaaf7ea0da72e8 0 0 2228486,12,10,14,8,16,6,18,2,8,6,21,22,12,6,26,4,28,2,22,2,31,32,6,4,36,2,2,38,10,8,42,6,44,4,46,2,34,24,49,50,40,6,54,2,52,24,58,12,60,10,62,6,57,64,66,34,68,40,70,52,72,12,74,10,76,8,78,2,80
d511827e8d8ada40 0 0 1638662,12,10,14,6,16,2,12,6,19,21,12,8,10,25,10,6,28,4,30,2,2,32,10,8,36,2,26,22,39,40,34,6,42,22,46,10,48,6,50,2,45,53,54,26,56,42,58,12,60,10,62
ef56aa56d8a2c808 0 0 1704198,8,2,4,15,12,8,18,6,20,4,12,6,24,4,23,27,10,4,8,30,6,4,34,2,28,16,37,38,32,12,42,8,44,4,46,2,40,16,50,12,48,53,54,16,56,28,58,12,60,6,62,2,65
622c3c2822e4fc60 0 0 1704198,8,2,4,15,12,8,18,6,12,6,20,22,10,4,8,26,6,2,24,16,30,32,28,12,36,8,38,4,40,2,34,16,44,12,42,47,48,16,50,24,52,28,54,12,56,8,58,6,60,4,62,2,64
b7f4090e784cd820 0 0 1638662,6,4,8,6,15,17,12,8,20,2,12,2,23,25,10,8,28,4,30,2,8,32,6,2,26,18,36,38,34,12,42,8,44,4,40,18,48,12,46,50,52,26,54,40,56,12,58,8,60,6,63
9b8e785e8892be68 0 0 1835270,6,2,8,6,16,4,18,2,15,21,12,8,24,2,12,2,27,29,10,8,32,4,34,2,8,36,6,4,30,22,40,42,38,12,46,8,48,4,44,22,52,12,50,54,56,30,58,38,60,44,62,12,64,6,66,2,69
39a875fe675cd4a0 0 0 1573126,12,4,14,2,2,16,12,10,20,6,20,2,22,24,8,6,6,28,26,18,11,32,30,12,36,6,38,2,34,18,42,6,44,4,46,2,41,49,50,18,52,26,54,10,56,6,58,4,61
b94086e2bf26ea88 0 0 1573126,12,4,14,2,2,16,12,10,20,6,20,2,22,24,8,6,6,28,26,18,11,32,30,12,36,6,38,2,34,18,42,6,44,4,46,2,41,49,50,18,52,26,54,30,56,10,58,4,61
83aaaddce6aa5440 0 0 1638662,12,6,2,14,12,8,18,4,18,2,21,23,10,8,26,6,28,4,30,2,4,32,6,4,24,16,37,38,34,12,42,8,44,6,46,2,40,16,50,8,48,52,54,24,56,40,58,8,60,6,62
43149218c3e4b248 0 0 1442054,12,8,14,4,2,16,12,6,20,4,22,2,21,25,4,10,6,2,26,18,30,32,28,12,34,18,38,8,40,4,42,2,37,45,46,26,48,28,50,34,52,8,54,6,56
fe7800ba78543a80 0 0 1966342,12,4,10,4,16,2,14,19,12,10,22,8,24,6,12,8,28,6,30,4,26,33,6,4,36,2,2,38,10,8,42,4,44,2,34,20,46,48,40,6,52,2,50,20,56,12,58,10,60,6,54,63,64,20,66,34,68,12,70,10,72
274097c889880a00 0 0 2097414,12,4,10,4,16,2,14,19,12,10,22,8,24,6,12,8,28,6,30,4,26,33,6,4,36,2,2,38,10,8,42,4,44,2,34,20,46,48,40,6,52,2,50,20,56,12,58,10,60,6,54,63,64,20,66,34,68,40,70,12,72,10,74,2,76
98e8114e3a4a2a20 0 0 1900806,12,10,14,8,16,4,18,2,10,2,20,22,12,8,26,6,28,4,30,2,16,6,34,4,36,2,33,39,8,4,2,42,10,8,46,6,40,24,48,50,44,8,52,24,56,12,58,4,55,61,62,40,64,44,66,52,68,6,70
da282e86a50248e0 0 0 1704198,12,2,12,8,15,16,12,10,20,6,22,2,20,8,26,6,28,2,24,31,8,6,34,4,2,36,10,8,40,2,32,18,42,44,38,8,48,6,50,2,46,18,54,6,53,56,58,18,60,32,62,8,64
220d8f70518efcc0 0 0 1638662,12,8,12,2,14,17,12,10,20,8,22,6,20,6,24,27,8,6,30,4,32,2,2,34,10,8,28,18,39,40,36,8,44,6,42,18,48,6,50,2,47,52,54,18,56,28,58,36,60,2,62
e868e806e042e0e0 0 0 1966342,12,8,14,4,16,2,14,6,18,20,4,2,10,8,26,6,28,2,25,31,8,2,8,6,36,4,35,39,32,22,2,42,40,12,46,8,48,2,44,22,52,12,54,8,56,6,58,4,51,61,62,22,64,32,66,40,68,10,70,8,72
16d8bceefc721200 0 0 2031878,12,8,14,2,6,4,18,2,17,21,12,10,24,6,26,2,2,28,8,6,32,4,34,2,8,2,36,39,4,2,30,22,43,44,40,12,48,8,50,4,52,2,46,22,56,6,58,2,54,60,62,22,64,30,66,12,68,8,70,4,72,2,75
222282a25f88a0a8 0 0 2031878,12,8,14,6,16,2,6,4,20,2,18,23,12,10,26,6,28,4,2,30,8,4,8,6,34,37,4,2,32,24,41,42,38,12,46,8,48,6,50,4,52,2,44,24,56,6,58,2,55,60,62,24,64,32,66,38,68,12,70,8,72,4,74
b665dbb4008638a8 0 0 1835270,12,2,6,2,14,17,12,10,20,2,2,22,8,4,26,2,8,6,30,4,32,2,28,35,4,2,24,18,39,40,36,12,44,4,46,2,42,18,50,6,52,4,54,2,49,56,58,24,60,42,62,12,64,6,66,2,68
3b05625cc4c66260 0 0 1376518,8,4,4,14,12,10,18,4,12,20,12,6,24,2,3,26,22,16,30,12,32,4,3,34,28,6,36,16,40,10,42,4,39,44,46,22,48,36,50,12,52,10,54
dc56fe56a0aa2800 0 0 1704198,4,2,10,6,16,2,14,18,8,4,22,2,18,24,6,2,4,28,26,20,32,12,34,10,36,6,38,2,2,40,30,8,44,4,46,2,42,20,50,8,52,4,54,2,48,56,58,20,60,8,62,4,64
5ee40ee46a50caa0 0 0 1835270,4,2,10,6,14,16,8,4,20,2,16,22,6,2,4,26,24,18,30,12,32,10,34,8,36,6,38,4,2,40,28,8,44,4,46,2,42,18,50,8,52,4,54,2,48,56,58,18,60,28,62,8,64,4,66,2,68
84eaa6eaf7802a80 0 0 1900806,10,8,14,6,16,2,16,4,20,2,18,23,8,4,26,2,18,29,4,2,6,4,33,34,30,24,38,12,40,10,2,42,36,8,46,4,48,2,44,24,52,8,54,4,56,2,51,59,60,24,62,8,64,6,66,4,68,2,71
1f2e2088bf8e2088 0 0 1507590,12,10,7,14,14,8,18,6,20,2,7,23,2,4,8,6,24,16,30,10,32,2,29,34,26,6,36,16,40,12,42,8,44,6,39,47,48,16,50,24,52,8,54,6,56,2,59
d3ed2172414c4ce0 0 0 1900806,12,2,6,2,14,17,12,10,20,2,2,22,8,4,26,2,8,6,30,4,32,2,28,35,4,2,24,18,39,40,36,12,44,4,46,2,42,18,50,6,52,4,54,2,49,56,58,24,60,36,62,42,64,12,66,6,68,2,70
df84e220ddc0e0a8 0 0 1507590,12,6,12,4,14,17,12,10,20,2,4,22,8,6,9,26,4,2,24,18,31,32,28,12,36,6,38,2,34,18,42,12,44,4,46,2,41,48,50,18,52,24,54,6,56,4,58
49c605827ae436a0 0 0 1245446,6,12,4,10,8,6,6,18,6,4,22,2,16,14,26,12,24,28,20,2,30,14,34,12,36,6,38,2,32,40,42,14,44,16,46,6,48,2,50
35628e6217c824c8 0 0 1245446,6,12,4,10,8,6,6,18,6,4,22,2,16,14,26,12,24,28,20,2,30,14,34,12,36,6,38,2,32,40,42,14,44,16,46,20,48,2,50
b7c7c7c89d121248 0 0 1966342,12,4,14,2,6,4,18,2,16,21,12,8,24,2,6,26,10,4,30,2,4,2,33,35,6,2,28,22,40,6,42,4,44,2,39,47,36,12,50,4,48,22,54,6,56,4,53,58,60,28,62,48,64,10,66,6,68,4,70,2,73
c1b6602e21b800a0 0 0 1900806,12,10,14,4,16,2,3,18,6,2,12,23,8,6,26,4,6,28,24,20,32,12,34,10,36,4,38,2,5,40,30,12,44,4,46,2,42,20,50,10,52,2,48,55,56,20,58,24,60,12,62,10,64,6,66,4,68,2,70
f8f01c226f901e28 0 0 1835270,12,10,14,2,8,6,17,18,12,8,22,4,18,2,24,26,6,4,2,30,10,8,34,6,36,4,38,2,28,20,42,8,44,6,41,46,32,6,48,20,52,12,54,10,56,8,58,2,50,61,62,20,64,28,66,6,68
c0087a0292fa88a0 0 0 1900806,12,10,14,2,8,6,17,18,12,8,22,4,18,2,24,26,6,4,2,30,10,8,34,6,36,4,38,2,28,20,42,8,44,6,41,46,32,6,48,20,52,12,54,10,56,8,58,2,50,61,62,20,64,28,66,32,68,6,70
96c6b994b5b4f040 0 0 1900806,12,8,14,4,6,2,16,19,12,10,22,6,24,4,7,27,8,4,30,2,2,32,10,6,36,2,28,20,40,6,42,2,38,45,34,8,48,2,46,20,52,12,54,6,56,4,51,58,60,28,62,46,64,12,66,10,68,4,71
54ebf51222c8d6a8 0 0 2031878,12,8,14,4,6,2,16,19,12,10,22,6,24,4,7,27,8,4,30,2,2,32,10,6,36,2,28,20,40,6,42,2,38,45,34,8,48,2,46,20,52,12,54,6,56,4,51,58,60,28,62,34,64,46,66,12,68,10,70,4,72,2,75
dca1389257a2a208 0 0 1900806,8,6,14,2,5,16,12,2,12,8,22,2,21,25,10,4,28,2,8,30,26,18,34,8,36,6,38,2,3,40,32,12,44,4,42,18,48,12,50,8,52,6,54,2,47,56,58,18,60,26,62,8,64,6,66,4,68,2,70
000850d844f8b488 0 0 1835270,12,10,14,2,5,16,12,6,12,4,20,23,8,6,6,26,4,2,24,18,32,12,34,10,36,2,30,38,28,12,42,6,44,2,40,18,48,10,50,6,52,4,47,54,56,18,58,24,60,12,62,10,64,4,66,2,68
b975b2f6a50cde00 0 0 2097414,12,10,14,2,10,4,18,2,17,21,12,8,24,6,26,4,14,8,30,6,29,32,6,4,2,36,10,8,40,4,42,2,34,22,46,10,48,4,50,2,44,53,38,6,54,22,58,12,60,6,62,4,56,64,66,22,68,34,70,12,72,4,74,2,77
f80ccb2acb2e38c8 0 0 2162950,12,10,14,2,10,4,18,2,17,21,12,8,24,6,26,4,14,8,30,6,29,32,6,4,2,36,10,8,40,4,42,2,34,22,46,10,48,4,50,2,44,53,38,6,54,22,58,12,60,6,62,4,56,64,66,22,68,34,70,38,72,12,74,4,76,2,79
900e0eac29e262c0 0 0 2162950,12,8,14,4,10,2,16,18,12,10,22,8,24,6,26,4,28,2,14,6,32,4,34,2,31,37,8,4,40,2,2,42,10,8,46,6,38,20,50,10,52,2,48,54,44,8,58,2,56,20,62,12,64,10,66,4,61,69,70,38,72,44,74,56,76,6,78
88708c7a046a0060 0 0 1835270,12,10,14,8,16,2,8,18,8,6,2,22,10,4,10,8,28,4,26,30,24,20,34,8,4,36,32,12,40,10,42,8,44,4,38,20,48,8,50,4,52,2,46,54,56,20,58,24,60,32,62,10,64,8,66,4,68
3cd0c4287c9004e8 0 0 1966342,6,4,14,2,8,6,18,4,17,20,12,8,24,4,7,26,10,6,10,31,6,2,28,22,36,8,38,6,40,4,34,42,32,6,46,4,44,22,50,8,52,6,54,4,56,2,48,59,60,22,62,28,64,32,66,12,68,6,70,4,72
9fa8d302c8aa2e00 0 0 1638662,12,8,14,4,16,2,6,4,18,20,12,10,24,4,2,26,8,6,8,4,32,2,30,34,28,22,38,6,40,4,4,42,36,12,46,8,44,22,50,6,52,2,48,54,56,22,58,28,60,4,62
83061be433463268 0 0 1704198,12,8,14,6,6,4,16,18,12,10,22,2,2,24,8,6,28,4,30,2,9,33,26,20,36,6,38,4,4,40,34,12,44,8,46,6,48,4,50,2,42,20,54,6,56,2,52,58,60,26,62,42,64
a4c2e4c60ee00a28 0 0 1442054,12,4,6,14,10,6,18,4,2,20,8,6,6,24,6,4,28,2,22,16,32,12,34,6,36,4,30,38,26,4,40,16,44,12,46,6,42,48,50,16,52,22,54,4,56
152873a0ae2840a0 0 0 2228486,12,10,14,8,6,16,6,4,20,2,10,8,24,4,22,26,10,4,30,2,6,32,6,2,28,18,38,12,40,10,42,8,44,6,37,46,34,6,50,4,48,18,54,12,56,10,58,8,60,4,53,63,64,28,66,34,68,48,70,12,72,10,74,8,76,6,78,4,81
bbf1bb92f7548040 0 0 1638662,12,6,14,4,6,2,17,18,12,10,22,2,2,24,8,6,6,28,26,20,32,12,34,4,36,2,4,39,30,12,42,6,44,2,40,20,48,6,50,4,47,52,54,20,56,26,58,30,60,4,62
82fad0202800a880 0 0 1900806,12,8,14,6,6,16,12,10,20,8,22,6,24,2,2,26,8,6,30,4,6,2,32,34,28,18,38,12,40,8,4,42,36,12,46,8,48,6,50,4,52,2,44,18,56,6,58,4,60,2,54,62,64,28,66,44,68,4,70
12798a2c51acfa60 0 0 1966342,4,2,10,8,16,4,14,18,12,8,22,4,6,4,24,26,8,4,30,2,26,32,28,20,36,10,38,8,40,2,3,42,34,12,46,8,44,20,50,12,52,10,54,2,49,57,58,28,60,34,62,44,64,12,66,10,68,4,70,2,73
7f7eaa7eda88aa88 0 0 1900806,12,8,14,4,4,2,17,18,14,6,22,2,4,25,10,8,28,6,30,4,32,2,2,34,8,4,26,20,40,12,42,8,44,2,39,47,36,8,50,6,52,2,48,20,56,12,58,6,55,60,62,20,64,26,66,8,68,6,71
668e9486ad9c5c68 0 0 1900806,12,6,14,4,4,2,17,18,4,13,10,8,24,6,26,4,28,2,2,30,8,4,34,2,22,20,38,12,40,6,42,2,37,45,32,8,48,6,50,2,46,20,54,12,56,8,53,58,60,20,62,22,64,32,66,8,68,6,71
0e534d007d203e40 0 0 1769734,12,8,14,4,8,6,17,18,14,6,22,2,13,25,10,8,2,28,18,4,32,2,26,20,36,12,38,6,40,4,34,43,30,8,44,20,48,12,50,8,52,6,54,4,46,57,58,20,60,26,62,12,64,2,67
ea9b443657627640 0 0 2031878,12,6,14,4,8,6,17,18,12,8,22,6,24,2,13,27,10,8,30,2,2,32,18,4,36,2,28,20,40,12,42,8,44,4,38,47,34,8,50,2,48,20,54,12,56,4,58,2,52,61,62,20,64,28,66,34,68,12,70,8,72,6,75
b3782f80b34e4c80 0 0 1704198,8,4,14,2,10,8,18,6,20,4,22,2,16,24,21,24,6,2,4,30,28,26,34,12,36,10,38,8,40,6,42,2,3,44,32,8,48,4,50,2,46,26,54,12,56,10,58,8,52,60,62,28,64
c88133b2e762d0c8 0 0 1507590,8,6,14,4,16,2,4,19,10,4,4,22,6,4,26,2,15,28,24,20,32,12,34,4,36,2,2,38,30,12,42,4,44,2,40,20,48,12,50,6,46,52,54,20,56,12,58
fcc16816c1fc3ce8 0 0 1966342,8,4,14,2,4,16,10,4,4,20,6,4,8,24,22,18,28,12,30,8,32,4,34,2,2,37,26,12,40,8,42,4,44,2,38,18,48,12,50,8,52,6,54,2,47,57,58,26,60,38,62,12,64,8,66,6,68,4,70,2,73
db657ff2662268e0 0 0 1900806,12,10,14,8,16,4,18,2,8,20,10,8,8,24,8,4,2,28,12,4,26,22,34,8,36,6,38,2,32,41,30,8,44,6,46,2,42,22,50,6,52,4,54,2,49,57,58,22,60,26,62,12,64,8,66,6,68,2,71
ccbe430239be1ca8 0 0 1769734,12,10,14,4,8,16,8,11,8,4,22,2,2,25,12,4,28,2,20,18,32,8,34,6,36,2,31,39,26,8,42,6,44,2,40,18,48,6,50,4,47,52,54,18,56,20,58,26,60,12,62,6,64,2,67
080c2a0c2eaaa600 0 0 1966342,8,4,14,2,10,6,18,4,20,2,17,22,4,22,6,4,4,2,28,31,26,24,34,12,36,10,38,8,40,4,3,42,32,8,46,4,48,2,44,24,52,12,54,10,56,6,58,4,60,2,51,63,64,26,66,8,68,6,70,2,73
6aea7bea4c80a280 0 0 1900806,10,8,14,6,16,4,16,19,8,4,22,2,16,25,4,2,6,4,29,30,26,20,34,12,36,10,38,8,40,4,2,42,32,8,46,4,48,2,44,20,52,8,54,4,56,2,51,59,60,20,62,32,64,8,66,4,68,2,71
24e64c864a8822e8 0 0 1376518,6,2,12,14,12,10,6,18,8,2,2,22,8,6,26,4,20,16,30,12,28,32,24,8,36,4,38,2,34,16,42,12,44,4,40,46,48,16,50,20,52,4,54
75e46ca07b4004c8 0 0 1704198,12,4,8,4,14,16,12,10,20,4,4,22,8,6,8,27,4,2,24,18,32,8,34,4,31,36,28,12,40,2,38,18,44,12,46,6,48,4,50,2,43,52,54,18,56,24,58,28,60,8,62,6,64
8dee1be8df207040 0 0 1900806,8,6,14,4,12,17,12,10,20,8,22,6,24,4,4,26,6,4,15,31,4,2,28,18,36,8,38,6,40,4,35,43,32,12,46,4,48,2,44,18,52,12,54,8,56,4,58,2,51,61,62,28,64,44,66,8,68,2,71
7a4b0e4c7af00e08 0 0 1638662,4,2,10,8,16,4,14,18,8,4,22,2,18,24,6,2,4,28,26,20,32,12,34,10,36,8,2,38,30,8,42,4,44,2,40,20,48,8,50,6,52,4,46,54,56,20,58,8,60,4,62
22f2a28202087288 0 0 1769734,8,4,14,2,10,6,18,4,17,20,4,20,6,4,4,2,26,29,24,22,32,12,34,10,3,36,30,8,40,4,42,2,38,22,46,12,48,10,50,8,52,6,54,2,45,57,58,24,60,30,62,8,64,2,67
0ef6ac5c3ac29868 0 0 1835270,6,4,12,8,16,6,14,18,14,2,12,22,10,8,26,6,2,28,24,20,32,12,34,8,36,4,26,38,30,10,42,8,44,6,46,4,40,20,50,12,52,8,54,6,56,4,48,58,60,20,62,24,64,6,66,4,68
5ee758bea7bece28 0 0 1900806,12,4,14,2,10,2,17,18,12,8,22,2,22,6,25,27,10,6,30,4,30,33,28,20,36,12,38,10,40,4,6,43,34,12,46,6,48,4,50,2,44,20,54,12,53,56,58,20,60,28,62,12,64,8,66,6,68,2,71
74a642b87986c868 0 0 2294022,12,6,6,4,16,2,14,18,12,10,22,6,24,2,24,4,28,2,26,31,8,6,34,2,6,2,37,39,4,2,32,20,44,12,46,4,48,2,43,50,40,12,54,6,56,4,58,2,52,20,62,12,64,8,66,6,68,2,61,70,72,32,74,40,76,52,78,12,80,2,83
01ae0104b2e2b248 0 0 1704198,4,2,8,4,14,16,12,4,12,10,22,8,24,6,26,4,28,2,20,30,3,10,32,18,36,10,38,6,3,40,34,8,44,6,46,2,42,18,50,12,52,8,54,2,48,57,58,18,60,32,62,12,64
bbe9feca6e965460 0 0 2228486,12,8,14,6,14,2,16,18,12,10,22,6,24,4,5,26,6,4,30,2,9,33,4,2,28,20,38,12,40,10,42,6,37,45,34,12,48,8,50,6,52,4,54,2,46,20,58,8,60,6,62,4,57,64,66,20,68,28,70,34,72,12,74,10,76,4,78,2,81
3fb638ce49c04e48 0 0 1769734,12,8,12,6,14,16,4,2,12,10,22,2,20,25,6,4,28,2,8,6,32,4,34,2,31,36,26,18,40,12,42,10,44,4,4,47,38,12,50,8,52,4,48,18,56,8,58,2,54,61,62,26,64,48,66
fd870de46144f228 0 0 1900806,12,8,12,6,14,16,4,2,12,10,22,2,20,25,6,4,28,2,8,6,32,4,34,2,31,36,26,18,40,12,42,10,44,4,4,47,38,12,50,8,52,4,48,18,56,8,58,2,54,61,62,26,64,38,66,48,68,8,70
fdd72a6ce66ce6a0 0 0 1704198,12,6,13,14,12,10,18,4,20,2,3,22,8,6,26,2,8,28,24,16,32,12,34,10,36,4,4,39,30,12,42,4,40,16,46,8,48,4,50,2,45,53,54,16,56,24,58,30,60,10,62,2,65
dbdcb2fae7ea8e00 0 0 1835270,12,6,12,10,16,6,15,18,12,8,3,22,4,2,10,4,27,29,24,20,32,12,34,8,36,2,6,39,30,12,40,20,44,10,46,6,48,4,50,2,43,52,54,24,56,40,58,12,60,8,62,6,64,4,66,2,68
f3e01fe05b844848 0 0 2228486,12,6,14,2,12,10,18,6,16,20,12,8,24,6,26,2,3,28,4,2,10,4,34,2,33,36,6,2,30,22,42,12,44,8,46,6,41,49,38,12,50,22,54,10,56,6,58,4,60,2,53,62,64,30,66,38,68,50,70,12,72,8,74,6,76,4,78,2,80
6ecaf6ac3fcef2a8 0 0 1900806,12,8,14,6,16,4,4,18,12,4,3,22,10,8,26,4,4,2,28,31,6,4,24,20,36,12,38,4,40,2,34,43,32,12,46,8,48,2,44,20,52,6,54,2,51,57,58,20,60,24,62,32,64,8,66,4,68,2,71
6a3f97befd94c080 0 0 1835270,12,4,12,6,16,2,14,18,4,2,12,10,24,4,26,2,22,29,8,6,32,4,6,34,30,20,38,12,40,10,4,43,36,12,46,4,48,2,44,20,52,12,54,6,50,56,58,20,60,30,62,12,64,6,66,4,68
d2da83d00e600ac0 0 0 1769734,6,2,8,2,15,17,12,8,20,2,8,22,10,8,26,4,28,2,8,30,6,4,24,18,36,12,38,2,34,40,32,12,44,8,46,4,42,18,50,12,52,6,54,4,49,57,58,18,60,24,62,8,64,6,67
31b5d38889dcdcc0 0 0 1900806,6,4,14,2,8,2,16,19,12,8,22,2,8,24,10,4,8,28,6,2,26,20,34,12,36,2,32,38,30,12,42,8,44,4,46,2,40,20,50,12,52,6,54,2,48,57,58,20,60,26,62,30,64,6,66,4,68,2,70
50dcd5983b0a0000 0 0 1638662,12,8,14,6,16,4,18,2,2,20,12,6,4,2,24,26,4,10,6,2,28,22,34,12,36,6,38,4,40,2,32,42,30,12,44,22,48,8,50,6,52,4,46,54,56,22,58,28,60,2,62
08701b4e0072a000 0 0 1704198,12,8,14,6,16,4,18,2,2,20,12,6,4,2,24,26,4,10,6,2,28,22,34,12,36,6,38,4,40,2,32,42,30,12,44,22,48,8,50,6,52,4,46,54,56,22,58,28,60,30,62,2,64
8add4e2a77a080a8 0 0 1704198,12,10,14,4,16,2,2,19,14,6,6,2,23,24,8,6,6,28,26,20,32,12,34,10,36,2,11,39,30,12,42,6,44,2,40,20,48,10,50,6,52,4,54,2,46,57,58,26,60,40,62,10,65
b078ec027300da80 0 0 1835270,12,10,14,4,16,2,2,19,14,6,6,2,23,24,8,6,6,28,26,20,32,12,34,10,36,2,11,39,30,12,42,6,44,2,40,20,48,10,50,6,52,4,54,2,46,57,58,26,60,30,62,40,64,10,66,6,69
79dddf6a9942aa60 0 0 2097414,12,10,14,8,16,6,18,4,11,21,12,4,10,2,25,27,6,4,30,2,2,32,10,8,36,2,28,22,40,12,42,10,44,4,46,2,38,48,34,6,52,2,50,22,56,12,58,8,60,4,62,2,54,64,66,22,68,28,70,8,72,6,74,2,76
899ca33cdc82fc28 0 0 2097414,12,10,14,8,16,6,18,4,11,21,12,4,10,2,25,27,6,4,30,2,2,32,10,8,36,2,28,22,40,12,42,10,44,4,46,2,38,48,34,6,52,2,50,22,56,12,58,8,60,4,62,2,54,64,66,22,68,28,70,34,72,8,74,6,76
bcc05fd2dbf2f4e0 0 0 2228486,12,6,14,4,16,2,11,18,12,10,22,4,10,2,24,27,8,6,30,4,32,2,2,34,10,8,38,2,28,20,42,12,44,4,46,2,40,49,36,8,52,6,50,20,56,12,58,10,60,8,62,4,64,2,54,67,68,28,70,36,72,50,74,12,76,10,78,4,80
83fc6ac0a97cea40 0 0 1769734,12,8,6,14,12,10,5,18,8,4,22,2,8,6,26,2,24,29,4,2,20,16,34,12,36,10,38,4,33,41,30,12,44,8,46,2,42,16,50,6,52,2,48,54,56,20,58,30,60,42,62,10,64,8,67
fb7fa680f34826c0 0 0 1900806,12,6,14,2,12,16,12,10,20,2,3,22,8,4,26,2,8,6,30,4,32,2,28,35,4,2,24,18,40,12,42,10,39,45,36,12,48,4,46,18,52,12,54,6,56,4,58,2,50,60,62,24,64,46,66,10,68,2,71
de2f8c76f760f0a0 0 0 1769734,6,2,8,4,16,2,15,19,12,6,5,22,10,4,10,27,24,20,30,12,32,6,34,4,3,37,28,12,38,20,42,12,44,8,46,6,48,4,40,50,52,20,54,24,56,28,58,12,60,8,62,4,64,2,67
50eb9c3eb22e3a40 0 0 1704198,8,4,6,14,12,6,18,2,5,20,10,4,10,25,22,16,28,12,30,6,32,4,34,2,3,37,26,12,38,16,42,12,44,8,46,6,48,4,41,51,52,22,54,38,56,12,58,8,60,4,62,2,65
d88a0766731276e8 0 0 2097414,10,8,14,6,16,4,12,8,20,6,18,23,14,2,21,26,8,6,8,4,32,2,30,34,18,2,28,24,40,12,42,10,44,2,38,47,36,12,50,8,52,2,48,24,56,10,58,8,60,4,62,2,55,64,66,24,68,28,70,6,72,4,74,2,76
2a3571fc7832dcc8 0 0 1638662,12,8,14,4,6,16,12,2,6,4,21,23,10,4,10,27,6,2,24,18,32,12,34,6,36,4,38,2,30,40,28,12,42,18,46,8,48,6,50,4,45,53,54,24,56,42,58,8,60,2,62
23000680fa8c0680 0 0 1704198,12,8,14,4,6,16,12,2,6,4,21,23,10,4,10,27,6,2,24,18,32,12,34,6,36,4,38,2,30,40,28,12,42,18,46,8,48,6,50,4,45,53,54,24,56,28,58,42,60,8,62,2,64
2ec062ae8004e640 0 0 2359558,12,10,14,8,16,6,18,4,6,2,20,23,12,6,26,4,28,2,6,31,8,6,34,4,36,2,37,38,10,6,42,2,32,24,46,12,48,4,50,2,44,53,40,8,56,6,54,24,60,12,62,10,64,6,66,4,68,2,59,70,72,24,74,32,76,12,78,10,80,8,82,4,84
7cfbf6566a629848 0 0 2162950,12,10,14,8,16,4,18,2,6,2,20,23,12,6,26,4,28,2,6,31,8,4,34,2,34,37,10,6,32,24,42,12,44,4,46,2,41,49,38,8,50,24,54,12,56,10,58,6,60,4,52,63,64,24,66,32,68,38,70,12,72,10,74,8,76,4,78
cc83a1b4d9969288 0 0 2490630,12,6,14,4,16,2,8,6,20,2,19,22,12,10,26,8,28,6,30,4,32,2,21,35,6,4,38,2,39,40,10,8,44,6,46,2,36,24,50,12,52,10,54,4,56,2,49,58,42,6,62,2,60,24,66,12,68,8,70,6,72,4,74,2,65,76,78,36,80,60,82,10,84,8,86,6,89
aa0be6e2a81ae4c0 0 0 2621702,12,6,14,4,16,2,8,6,20,2,19,22,12,10,26,8,28,6,30,4,32,2,21,35,6,4,38,2,39,40,10,8,44,6,46,2,36,24,50,12,52,10,54,4,56,2,49,58,42,6,62,2,60,24,66,12,68,8,70,6,72,4,74,2,65,76,78,36,80,42,82,60,84,10,86,8,88,6,90,2,93
74666acad4e648c8 0 0 1769734,12,8,12,10,16,8,18,2,14,20,18,6,11,25,8,4,28,2,29,30,10,8,34,6,36,2,26,22,40,12,42,8,44,6,38,46,32,8,50,2,48,22,54,10,56,8,53,59,60,26,62,48,64,6,66
0332a13221982cc8 0 0 1900806,12,8,12,10,16,8,18,2,14,20,18,6,11,25,8,4,28,2,29,30,10,8,34,6,36,2,26,22,40,12,42,8,44,6,38,46,32,8,50,2,48,22,54,10,56,8,53,59,60,26,62,32,64,48,66,6,68,2,70
c8e84842ea426ae8 0 0 1442054,12,10,14,6,16,2,6,18,12,6,6,2,22,24,4,2,2,28,8,4,26,20,34,12,36,8,32,38,30,2,40,20,44,8,46,4,48,2,42,50,52,20,54,26,56
443b686219662888 0 0 1769734,12,10,14,8,16,4,18,2,8,6,22,2,20,24,14,4,22,29,6,4,2,32,10,8,36,6,38,2,30,26,41,42,34,6,44,26,48,12,50,4,47,52,54,30,56,44,58,12,60,6,62,4,64,2,66
b208aba88ca0c000 0 0 1966342,12,8,14,4,10,4,16,18,14,6,22,4,12,10,26,8,28,6,30,2,25,33,6,4,36,2,2,38,10,8,42,4,34,20,45,46,40,6,50,2,48,20,54,12,56,10,58,6,60,2,53,62,64,34,66,48,68,8,70,6,73
30a2ea8a2a120060 0 0 1966342,12,8,14,4,10,2,16,18,14,6,22,4,12,10,26,8,28,6,30,4,25,33,6,4,36,2,2,38,10,8,42,6,34,20,44,46,40,6,50,2,48,20,54,12,56,10,58,4,60,2,53,63,64,34,66,40,68,48,70,8,72
238081a8aa6a2a60 0 0 2097414,12,6,14,2,4,2,16,18,12,8,22,4,24,2,4,27,10,8,30,6,32,4,34,2,2,36,8,4,40,2,28,20,44,12,46,6,48,2,43,50,38,8,54,6,56,2,52,20,60,12,62,4,64,2,59,66,68,20,70,28,72,4,74,2,76
f72ee6ae2aaa2a08 0 0 1900806,12,10,14,6,16,4,18,2,10,20,10,2,12,4,24,26,6,4,30,2,2,32,10,8,36,2,28,22,40,12,42,6,44,4,46,2,38,48,34,6,52,2,50,22,56,8,58,6,54,60,62,22,64,28,66,10,68,6,70
de0d4c8a54eefa00 0 0 2162950,10,4,14,2,12,10,18,2,16,21,12,6,24,4,26,2,14,29,6,4,32,2,2,34,10,8,38,4,40,2,30,22,44,12,46,4,42,49,36,6,52,2,50,22,56,8,58,6,60,2,54,62,64,22,66,30,68,36,70,10,72,6,74,4,76,2,78
28578aa0a8828aa0 0 0 1835270,12,10,14,2,11,16,10,2,12,6,21,23,10,6,26,4,2,28,10,8,32,2,24,18,36,12,38,2,34,41,30,6,44,2,42,18,48,12,50,8,52,6,54,2,46,56,58,18,60,24,62,30,64,10,66,2,69
0302e820ab2ac880 0 0 1638662,12,8,14,6,9,16,12,2,14,21,8,6,24,4,26,2,2,28,10,8,22,18,34,12,36,6,32,39,30,8,42,6,40,18,46,12,48,10,50,8,45,53,54,18,56,22,58,30,60,12,63
b021ab320aa200a0 0 0 2621702,12,10,14,4,16,2,8,6,20,2,18,22,14,8,26,4,28,2,14,6,32,4,34,2,31,37,8,4,40,2,2,42,10,8,46,6,48,4,50,2,38,24,54,12,56,10,58,8,60,6,62,4,52,64,44,8,68,2,66,24,72,12,74,6,76,2,71,79,80,38,82,44,84,66,86,10,88,8,90,4,92
49e19e161c968a20 0 0 1704198,12,10,14,8,16,6,8,6,20,2,18,22,14,6,26,2,20,29,6,4,2,32,10,8,36,6,30,24,40,6,42,2,38,45,34,6,46,24,50,12,52,6,49,55,56,30,58,34,60,46,62,12,65
a426048cc862c8c8 0 0 1442054,12,10,14,8,16,2,2,18,10,8,22,6,10,6,26,2,24,29,8,4,2,32,30,20,6,36,34,8,40,2,38,20,44,12,46,8,43,49,50,20,52,12,54,8,57
24c82332239a2460 0 0 1310982,12,10,14,6,2,16,10,8,10,2,20,23,8,4,2,26,24,18,6,30,28,8,34,2,32,18,38,12,40,2,37,43,44,18,46,24,48,12,50,2,53
a5a57184c56ab248 0 0 1573126,12,10,14,8,16,4,2,18,10,8,10,4,24,2,23,27,8,6,30,4,32,2,2,34,28,20,4,38,36,8,42,4,44,2,40,20,48,12,50,8,52,4,54,2,46,57,58,40,60
5a6a0b1626520408 0 0 1638662,12,10,14,2,2,16,10,8,20,4,10,2,23,25,8,6,28,4,30,2,2,32,26,18,4,36,34,8,40,4,42,2,38,18,46,12,48,4,44,51,52,26,54,38,56,10,58,4,60,2,63
c094349038eccce8 0 0 1376518,12,10,14,2,14,16,10,6,20,2,20,4,22,24,8,2,2,28,6,4,32,2,26,18,34,36,30,4,40,2,38,18,44,12,42,46,48,18,50,12,52,10,54
6cbca8f8f828f0a0 0 0 1507590,12,10,14,6,16,4,18,2,18,20,10,4,24,2,10,26,8,2,2,30,6,2,28,22,35,36,32,4,40,2,38,22,44,12,46,2,42,49,50,22,52,28,54,12,56,6,58
86ae4a400aaa8288 0 0 1507590,12,10,14,8,16,6,18,4,20,2,20,22,10,8,26,4,27,28,8,4,2,32,30,24,6,36,34,4,38,24,42,12,44,4,41,47,48,30,50,38,52,10,54,8,56,6,59
84b60ebc3cc2b6c8 0 0 1179910,10,8,14,2,8,16,12,8,20,6,22,2,23,25,6,4,2,28,26,18,7,32,30,2,34,18,38,12,36,40,42,26,44,34,46,8,48
a18a2b0200c080e8 0 0 1310982,12,8,2,14,12,10,18,4,20,2,18,22,8,6,26,4,4,28,24,16,8,32,30,4,36,2,34,16,40,10,38,42,44,16,46,24,48,12,50,10,52
0070728200808888 0 0 1769734,12,10,14,4,2,16,10,4,20,2,10,22,8,2,2,26,6,4,30,2,24,18,34,12,36,10,38,4,40,2,32,42,28,4,46,2,44,18,50,10,52,6,54,2,48,56,58,18,60,24,62,10,64,4,66
a080ec4c0a088a08 0 0 1835270,12,10,14,4,16,2,2,18,10,4,22,2,10,24,8,2,2,28,6,4,32,2,26,20,36,12,38,10,40,4,34,42,30,4,46,2,44,20,50,10,52,6,54,2,48,56,58,20,60,26,62,30,64,10,66,4,68
eac240e08222a000 0 0 1507590,12,10,14,2,2,16,10,4,20,2,10,2,22,25,8,4,2,28,26,18,32,12,34,10,6,36,30,4,38,18,42,10,44,6,41,47,48,26,50,38,52,10,54,6,56,2,59
e0e8f088e0e80088 0 0 1442054,10,4,14,2,8,16,12,4,12,20,6,2,4,24,22,18,28,12,30,4,3,32,26,4,34,18,38,12,40,8,42,2,36,45,46,22,48,26,50,34,52,12,54,4,56
e2322a20c2120a00 0 0 1442054,10,8,10,14,12,4,12,18,6,2,4,22,20,16,26,12,28,10,30,4,3,32,24,4,34,16,38,12,40,10,42,2,36,45,46,20,48,24,50,34,52,12,54,4,56
4268686862484848 0 0 1573126,10,8,10,14,12,4,12,18,6,2,4,22,20,16,26,12,28,10,30,4,3,32,24,4,34,16,38,12,40,10,42,2,36,45,46,16,48,20,50,24,52,34,54,12,56,10,58,4,60
f3a1048c7b5e4040 0 0 1638662,12,10,14,4,16,2,4,2,18,20,12,4,24,2,25,27,8,6,4,30,8,2,28,22,36,10,38,4,40,2,34,43,32,2,44,22,48,12,50,8,46,53,54,22,56,28,58,12,60,2,63
3304e6401d8cc8c8 0 0 1573126,12,10,14,8,16,2,2,18,10,8,22,6,10,6,26,2,24,29,8,4,2,32,30,20,36,8,38,4,6,40,34,8,44,2,42,20,48,12,50,8,47,53,54,20,56,12,58,8,61
e7a2ea54e356eea0 0 0 1507590,12,10,14,2,2,16,10,8,10,2,20,23,8,4,26,2,2,29,24,18,32,8,34,4,36,2,6,39,30,8,42,2,40,18,46,12,48,6,45,51,52,18,54,24,56,12,59
4744ae5aecae0a40 0 0 1835270,12,6,14,4,2,16,12,10,20,4,22,2,20,24,8,6,28,4,4,30,8,2,26,18,36,8,38,6,40,4,35,42,32,4,46,2,44,18,50,10,52,8,54,6,48,57,58,18,60,26,62,12,64,10,66,2,68
a713dd4658a822a8 0 0 1245446,8,10,12,4,12,16,6,4,4,20,18,14,24,12,26,6,3,28,22,4,30,14,34,12,36,8,38,2,32,41,42,18,44,30,46,12,48,6,50
882cc820c86c8860 0 0 1310982,8,10,12,4,12,16,6,4,4,20,18,14,24,12,26,6,3,28,22,4,30,14,34,12,36,8,38,2,32,41,42,14,44,18,46,30,48,12,50,6,52
98b860ea609a98c8 0 0 2031878,12,8,14,6,16,2,3,18,12,10,22,2,22,4,24,27,8,6,30,4,4,32,28,20,36,10,38,4,40,2,8,43,34,4,46,2,44,20,50,12,52,10,54,8,56,4,58,2,49,60,62,28,64,44,66,10,68,6,70,4,72,2,74
bfebeafaaa42cc60 0 0 1245446,12,10,14,8,16,4,4,18,12,4,22,2,12,24,6,2,2,28,26,20,9,32,30,2,34,20,38,10,40,2,36,43,44,26,46,34,48,4,50
34f09e1a9ed26468 0 0 1638662,12,8,14,6,16,4,8,18,12,4,8,2,22,24,10,6,28,4,2,30,8,4,26,20,36,8,34,38,32,6,42,2,40,20,46,8,48,4,50,2,44,52,54,20,56,26,58,8,60,2,62
a6a7a13232f066a0 0 0 1507590,12,6,8,14,12,8,8,2,19,20,10,6,24,2,2,26,8,4,22,16,32,8,30,34,28,6,38,2,36,16,42,8,44,4,46,2,41,48,50,22,52,36,54,8,56,4,58
067afcf86e52c480 0 0 1638662,12,6,8,14,12,8,8,2,19,20,10,6,24,4,2,26,8,4,30,2,22,16,34,8,33,36,28,6,40,2,38,16,44,8,46,4,43,49,50,22,52,28,54,38,56,8,58,6,60,4,63
a788e2b8e530a000 0 0 1573126,12,10,14,8,16,2,4,18,12,8,22,4,22,2,24,26,6,2,2,30,28,20,34,4,36,2,9,38,32,2,40,20,44,10,46,8,42,49,50,28,52,40,54,8,56,4,58,2,60
7aeeb6aa51428c60 0 0 1966342,10,2,4,14,12,10,18,8,20,6,22,4,24,2,24,26,8,4,30,2,2,32,6,4,28,16,38,8,40,4,42,2,36,44,34,4,48,2,46,16,52,12,54,8,50,56,58,16,60,28,62,12,64,10,66,8,68,6,70,4,72
20a0cec4020a8a08 0 0 1704198,4,2,10,4,15,16,12,10,20,8,22,2,22,24,8,2,2,29,6,2,26,18,34,8,36,2,32,39,30,4,40,18,44,12,46,8,48,6,50,4,52,2,43,54,56,26,58,40,60,6,62,2,64
e3d80de6dcf632c8 0 0 1442054,12,10,14,6,4,16,12,6,20,4,22,2,20,24,2,7,26,18,30,6,9,33,28,2,34,18,38,10,40,8,42,4,44,2,36,47,48,26,50,34,52,8,54,6,57
999d46e816b846e8 0 0 2097414,12,10,14,8,16,6,18,2,14,6,20,22,8,14,10,6,28,4,2,30,8,4,34,2,26,24,38,12,40,6,42,4,36,44,32,6,48,2,46,24,52,12,54,10,56,6,58,4,60,2,50,62,64,24,66,26,68,12,70,10,72,6,74,2,76
bd7086d2438ef860 0 0 2294022,12,8,14,6,16,4,18,2,12,6,22,4,20,24,12,4,8,28,10,6,32,4,2,34,10,8,38,2,30,26,42,12,44,10,46,6,40,48,36,6,52,2,50,26,56,12,58,10,60,6,62,4,64,2,54,66,68,26,70,30,72,36,74,12,76,6,78,4,80,2,82
ae2242a8123442a8 0 0 2294022,12,10,14,6,16,4,14,8,20,4,22,2,18,25,20,6,28,4,30,2,8,6,33,35,10,6,38,4,2,40,34,4,44,2,36,26,48,12,50,6,52,2,47,54,42,6,58,2,56,26,62,12,64,10,66,8,60,69,70,26,72,36,74,12,76,10,78,8,80,4,83
af16c2482cc0c248 0 0 2228486,12,8,14,6,16,4,18,2,12,6,22,4,20,24,12,4,28,2,8,30,6,4,34,2,2,37,10,8,40,2,32,26,44,12,46,8,48,6,42,51,38,6,52,26,56,12,58,10,60,6,62,4,64,2,54,66,68,26,70,32,72,38,74,12,76,6,78,4,80
40e4eac6c222e000 0 0 1900806,10,4,4,14,12,10,18,8,20,4,22,2,22,24,8,4,28,2,2,30,6,4,26,16,36,8,38,4,34,40,32,4,44,2,42,16,48,12,50,8,52,6,54,4,46,56,58,16,60,26,62,12,64,10,66,8,68,4,70
eb11320c15fef020 0 0 1769734,4,2,10,4,15,16,12,10,20,8,22,6,24,4,26,2,26,28,2,8,6,4,34,2,30,18,38,8,40,2,37,42,32,4,44,18,48,12,50,8,52,4,54,2,47,57,58,30,60,44,62,6,64,2,67
1a44e7fc07b8fa00 0 0 1442054,12,10,14,8,16,6,4,18,12,6,22,4,24,2,22,26,6,2,2,30,28,20,34,6,36,4,9,38,32,2,40,20,44,10,42,47,48,28,50,40,52,6,54,4,56
91226428656a9060 0 0 1114374,12,8,14,6,16,2,17,19,8,10,2,4,22,20,6,26,24,6,28,20,32,12,34,2,30,37,38,20,40,12,42,8,44,2,47
4c0a2e284c6c4828 0 0 1442054,12,8,14,2,14,16,10,8,20,6,6,22,8,6,26,4,2,28,26,2,24,18,32,34,30,8,38,6,40,2,36,18,44,12,42,46,48,24,50,36,52,8,54,6,56
e262e04ae2c8e0e0 0 0 1442054,12,8,14,6,16,2,16,18,10,8,22,6,6,24,8,4,28,2,2,30,26,20,8,34,32,8,36,20,40,12,42,2,38,44,46,26,48,32,50,36,52,8,54,6,56
40aecaf414fa3e00 0 0 1310982,8,4,14,2,12,10,16,19,8,2,12,8,24,2,22,26,4,6,28,20,9,32,30,8,34,20,38,10,40,2,37,42,44,20,46,28,48,10,50,4,52
328e67062f28f2a0 0 0 1573126,8,4,14,2,12,10,18,6,16,20,8,2,12,8,26,2,24,28,4,6,30,22,9,34,32,8,36,22,40,10,42,6,44,2,39,47,48,22,50,30,52,32,54,10,56,6,58,2,61
4eb04daa17521448 0 0 1442054,12,10,14,8,16,2,16,4,18,20,12,2,2,25,4,6,8,2,26,22,30,32,28,8,36,2,34,22,40,10,42,4,38,45,46,22,48,26,50,12,52,10,54,2,56
fbeefb5e0bee02a8 0 0 1769734,12,10,14,8,16,4,4,2,18,20,12,8,24,2,2,26,4,6,8,2,28,22,34,12,36,10,38,8,40,2,32,42,30,8,46,2,44,22,50,12,52,4,54,2,48,56,58,22,60,28,62,8,64,4,66
f20de6a8f2d0c420 0 0 1310982,8,4,14,2,12,10,16,18,8,2,12,22,4,6,24,20,28,6,9,30,26,8,32,20,36,10,38,8,35,41,42,20,44,24,46,10,48,8,50,6,53
bb4cae460dfae800 0 0 1638662,12,10,14,6,16,4,18,2,16,20,12,2,2,24,4,6,8,2,26,22,32,6,30,34,28,8,38,2,36,22,42,10,44,8,46,6,40,48,50,22,52,26,54,12,56,10,58,8,60,6,62
b2aefe62b204fec8 0 0 1442054,10,8,14,4,6,16,12,2,12,20,2,8,8,4,22,18,28,8,26,30,24,8,34,4,32,18,38,12,40,8,42,6,44,4,36,46,48,18,50,22,52,12,54,4,56
1c3763dc358efe48 0 0 1704198,12,10,14,6,16,4,18,2,4,2,20,22,12,8,2,26,6,4,4,31,8,2,28,24,36,12,38,10,40,4,34,43,32,8,46,2,44,24,50,12,52,4,48,54,56,24,58,28,60,8,62,4,64
88c1afa288d01480 0 0 1573126,8,2,10,15,12,4,18,2,2,21,8,6,24,4,2,26,4,2,22,16,30,32,28,8,36,4,34,16,40,12,42,10,39,45,46,16,48,22,50,28,52,12,54,10,56,8,58,4,61
3e3e72c252dc1e20 0 0 1442054,8,2,12,4,14,16,8,4,20,2,12,10,24,8,26,2,22,29,8,6,4,32,30,18,8,36,34,2,38,18,42,10,44,4,46,2,40,49,50,18,52,30,54,4,56
dd2f5d2a8522fa28 0 0 2031878,12,6,14,2,10,6,18,4,20,2,16,22,10,4,26,2,12,4,30,2,28,33,10,8,36,6,38,4,6,40,34,24,27,44,42,12,48,10,50,6,52,4,54,2,46,24,58,12,60,6,62,4,57,64,66,24,68,34,70,10,72,2,74
726259e436769a88 0 0 2162950,12,6,14,2,10,6,18,4,20,2,16,22,10,4,26,2,12,4,30,2,28,33,10,8,36,6,38,4,6,40,34,24,27,44,42,12,48,10,50,6,52,4,54,2,46,24,58,12,60,6,62,4,57,64,66,24,68,34,70,42,72,10,74,6,76,2,78
0bebdebef848f0c0 0 0 1573126,12,10,14,2,10,6,18,2,16,21,10,2,12,4,25,27,6,8,28,22,10,32,30,12,36,2,34,22,40,12,42,6,44,4,46,2,38,48,50,28,52,34,54,12,56,10,58,4,61
af57cb402072eec0 0 0 1638662,12,10,14,2,10,6,18,2,16,21,10,2,12,4,25,27,6,8,28,22,10,32,30,12,36,2,34,22,40,12,42,6,44,4,46,2,38,48,50,28,52,30,54,34,56,12,58,10,60,4,63
3b6f3b18466a6448 0 0 1376518,6,4,10,6,16,4,15,18,12,10,22,4,24,2,25,27,8,4,2,30,28,20,7,34,32,4,36,20,40,12,38,42,44,20,46,28,48,12,50,4,52,2,55
21ec3020a5e0f0e0 0 0 1507590,6,4,10,6,16,4,15,18,12,10,22,4,24,2,25,27,8,4,2,30,28,20,7,34,32,4,36,20,40,12,42,2,38,44,46,20,48,28,50,32,52,12,54,4,56,2,59
ff9904c41670c808 0 0 1376518,10,6,6,15,12,10,18,4,20,2,21,23,8,2,2,26,6,4,30,2,24,16,33,34,28,4,38,2,36,16,42,12,44,2,41,47,48,24,50,36,52,10,54
fe6afc687e6a7c68 0 0 1376518,12,4,4,14,8,6,18,4,20,2,3,22,10,8,26,6,28,4,26,30,24,16,34,8,36,6,6,39,32,4,42,2,40,16,45,46,48,24,50,8,52,4,54
c9627262ebc8d8c8 0 0 1573126,6,4,14,2,8,17,12,8,20,4,6,22,10,4,26,2,6,28,24,18,32,12,34,6,36,4,14,38,30,6,42,2,40,18,46,8,48,4,45,50,52,24,54,40,56,6,58,4,60
6ee7d8bed46eaec8 0 0 1900806,12,6,14,4,16,2,4,18,12,8,3,22,10,4,4,2,26,29,24,20,32,12,34,8,36,4,38,2,6,41,30,12,44,4,42,20,48,6,50,4,52,2,47,55,56,24,58,42,60,10,62,8,64,6,66,4,68,2,71
e67470c086547080 0 0 1769734,12,6,14,4,4,17,12,8,3,20,10,4,4,2,24,27,22,18,30,12,32,8,34,4,36,2,6,39,28,12,42,4,44,2,40,18,48,6,50,4,52,2,46,55,56,22,58,28,60,40,62,8,64,6,66
13ccdd82cebe7888 0 0 1704198,4,2,12,10,14,16,12,4,6,4,22,2,21,24,8,6,28,4,6,30,26,18,34,10,36,6,38,2,5,41,32,12,44,4,46,2,42,18,50,10,48,52,54,18,56,26,58,32,60,12,62,6,64
3f6bfcfea8fe2a80 0 0 1966342,12,10,14,8,16,6,18,4,20,2,5,22,12,8,26,2,6,4,30,2,28,33,8,6,6,2,36,38,4,2,34,24,44,10,46,2,42,49,40,12,52,8,50,24,56,10,58,6,60,2,55,62,64,34,66,50,68,12,70,8,72
a1b571ec3c6ca8e8 0 0 1900806,12,8,14,6,16,4,11,18,12,10,22,4,24,2,10,2,26,29,6,4,2,32,10,8,36,2,30,20,40,12,42,10,44,4,38,46,34,6,48,20,52,12,54,10,56,8,58,4,50,61,62,20,64,30,66,8,68,6,70
ac0f7cbea0f07028 0 0 1966342,12,8,14,6,16,4,11,18,12,10,22,4,24,2,10,2,26,29,6,4,2,32,10,8,36,2,30,20,40,12,42,10,44,4,38,46,34,6,48,20,52,12,54,10,56,8,58,4,50,61,62,20,64,30,66,34,68,8,70,6,72
b85238167028f0a0 0 0 2097414,12,10,14,6,16,4,18,2,11,21,12,4,24,2,10,2,27,29,8,6,32,4,2,34,10,8,38,2,30,22,42,12,44,4,40,47,36,8,50,6,52,2,48,22,56,12,58,8,60,4,54,62,64,30,66,36,68,48,70,12,72,4,74,2,77
e45140a04aaa9228 0 0 2097414,12,8,14,4,8,6,18,2,17,20,12,10,24,4,26,2,19,28,6,4,32,2,32,35,10,8,38,6,40,2,30,22,44,12,46,10,48,4,43,51,36,6,52,22,56,12,58,4,60,2,54,63,64,22,66,30,68,12,70,10,72,6,74,4,76
82312a9694a86600 0 0 2162950,12,8,14,4,8,6,18,2,17,20,12,10,24,4,26,2,19,28,6,4,32,2,32,35,10,8,38,6,40,2,30,22,44,12,46,10,48,4,43,51,36,6,52,22,56,12,58,4,60,2,54,63,64,22,66,30,68,36,70,12,72,10,74,6,76,4,78
a64804c8e6626ec8 0 0 1835270,12,10,14,8,16,4,6,2,18,21,12,4,24,2,6,27,8,6,30,4,32,2,32,35,10,6,28,22,40,12,42,4,39,44,36,8,48,6,50,2,46,22,54,12,56,10,58,4,52,61,62,28,64,46,66,2,68
3dd2964a1d72b640 0 0 2162950,12,10,14,8,16,4,18,2,6,2,21,23,12,4,26,2,6,29,8,6,32,4,34,2,34,37,10,6,40,2,30,24,44,12,46,4,42,48,38,8,52,6,54,2,50,24,58,12,60,10,62,4,64,2,56,66,68,30,70,38,72,50,74,6,76,2,78
487ff3e659e66a80 0 0 1900806,10,8,14,4,9,17,12,10,20,6,22,4,2,24,8,4,28,2,2,30,6,2,26,18,36,8,38,4,40,2,34,42,32,8,46,6,44,18,50,10,52,8,54,6,56,4,49,59,60,18,62,26,64,10,66,8,68,4,71
08548ff4864af440 0 0 1835270,12,6,14,4,8,17,4,2,12,10,21,22,6,4,26,2,8,4,30,2,28,33,24,18,36,6,38,4,40,2,4,42,34,12,46,6,48,4,50,2,44,18,54,8,56,2,52,59,60,18,62,24,64,10,66,8,68
480d0d7a0d842ec0 0 0 2097414,12,6,8,6,16,4,18,2,15,21,12,10,24,6,26,4,4,28,8,4,32,2,16,2,35,37,4,2,30,22,42,8,44,4,46,2,41,49,38,12,52,6,54,2,50,22,58,8,60,6,62,4,56,64,66,30,68,38,70,50,72,6,74,4,76
fe9157a80512e8e8 0 0 2031878,12,6,14,4,12,8,18,2,17,20,12,10,24,4,26,2,2,28,6,4,8,6,34,4,33,37,30,22,40,6,42,4,4,45,38,12,48,6,50,2,46,22,54,12,56,8,58,4,53,60,62,22,64,30,66,12,68,8,70,4,72,2,74
a85580fa3a884288 0 0 2294022,12,8,14,6,16,4,14,2,18,20,12,10,24,4,26,2,2,28,8,6,32,4,6,4,34,36,30,22,40,8,42,6,44,4,4,46,38,12,50,8,52,6,54,2,48,22,58,12,60,8,62,4,56,64,66,22,68,30,70,38,72,12,74,8,76,6,78,4,80,2,82
77435b4ab0b80088 0 0 1704198,12,6,14,4,16,2,12,19,12,10,22,8,24,4,2,26,6,4,9,31,4,2,28,20,36,8,35,39,32,12,42,6,44,2,40,20,48,12,50,4,46,53,54,28,56,32,58,40,60,6,62,2,64
e01934a23fccb488 0 0 1900806,6,4,14,2,12,4,17,19,12,10,22,2,10,8,24,26,26,6,30,2,30,4,34,2,33,37,28,20,40,10,42,8,44,6,46,2,15,49,38,12,52,10,50,20,56,10,58,6,60,2,54,62,64,20,66,28,68,8,70
d2a420ae55d6a8e0 0 0 1900806,12,8,14,6,16,4,18,2,6,20,12,10,24,4,26,2,10,6,29,31,10,4,11,35,6,2,32,22,40,10,42,4,38,45,36,12,48,10,50,4,46,22,54,10,56,8,58,2,53,61,62,22,64,32,66,36,68,2,70
496b2d8cc6cc0e88 0 0 1900806,12,8,14,6,16,4,6,18,12,10,22,4,24,2,10,6,26,29,5,11,6,2,30,20,36,4,34,39,32,12,42,10,44,4,40,20,48,10,50,8,46,52,54,30,56,40,58,12,60,10,62,8,64,6,66,4,68,2,70
6e4a6498cdf4d640 0 0 1835270,6,4,14,2,12,4,18,2,17,21,12,10,24,2,10,8,27,28,28,6,32,4,34,2,5,37,30,22,40,4,15,43,38,12,46,10,44,22,50,10,52,6,49,55,56,30,58,38,60,44,62,12,64,10,66,6,69
527e0e80f4d2ec68 0 0 1900806,12,6,14,4,16,2,8,2,18,21,12,10,24,8,26,4,9,29,6,4,2,33,10,8,30,22,38,6,40,4,37,43,34,6,46,2,44,22,50,12,52,8,54,4,56,2,48,59,60,22,62,30,64,10,66,8,68,6,71
bf425c04d8803068 0 0 1966342,12,8,14,6,16,4,8,2,19,21,12,10,24,4,9,26,6,4,30,2,2,33,10,8,28,22,38,6,40,4,42,2,37,45,34,6,46,22,50,12,52,4,54,2,48,56,58,22,60,28,62,34,64,10,66,8,68,6,70,2,73
1fe1acf884d07420 0 0 2228486,12,10,14,8,16,6,8,6,18,20,14,6,24,4,20,2,27,28,10,6,32,4,34,2,2,37,20,4,40,2,30,22,44,10,46,6,48,4,50,2,42,53,38,6,56,2,54,22,60,12,62,10,64,6,66,2,59,69,70,30,72,54,74,12,76,10,78,2,81
217170a08bdea288 0 0 2097414,12,10,8,6,14,16,14,8,20,4,22,2,16,2,25,26,10,6,30,4,2,33,16,4,36,2,28,18,40,10,42,6,44,4,38,47,34,6,48,18,52,12,54,10,56,8,51,59,60,28,62,34,64,48,66,12,68,10,70,8,72,6,74,2,77
36403d70c0b63e40 0 0 2031878,12,6,14,2,12,10,18,6,16,20,18,8,24,6,26,2,10,28,6,4,32,2,2,34,10,8,38,6,40,2,30,22,44,6,46,4,48,2,42,50,36,6,54,2,52,22,58,10,60,6,56,62,64,22,66,30,68,12,70,10,72,6,74
e6ca0e2836669ac0 0 0 2162950,12,6,14,2,12,10,18,6,16,20,18,8,24,6,26,2,10,28,6,4,32,2,2,34,10,8,38,6,40,2,30,22,44,6,46,4,48,2,42,50,36,6,54,2,52,22,58,10,60,6,56,62,64,22,66,30,68,36,70,12,72,10,74,6,76,2,78
b492f884263cbcc0 0 0 2294022,12,10,14,8,16,6,18,2,12,8,22,6,24,2,20,27,12,6,30,2,10,2,32,35,6,4,38,2,2,40,10,8,44,6,46,2,36,28,50,6,52,4,54,2,49,56,42,6,60,2,58,28,64,10,66,6,68,2,63,70,72,36,74,58,76,12,78,6,80,2,82
28e5e044fb6c04a0 0 0 2294022,12,10,14,8,16,6,18,2,12,8,22,6,24,2,20,27,12,6,30,2,10,2,32,35,6,4,38,2,2,40,10,8,44,6,46,2,36,28,50,6,52,4,54,2,49,56,42,6,60,2,58,28,64,10,66,6,68,2,63,70,72,36,74,42,76,58,78,12,80,6,82
09f47ae6a9aee680 0 0 2097414,4,2,8,6,16,4,15,18,12,8,22,6,24,4,26,2,12,6,30,4,28,33,10,8,36,4,38,2,8,2,40,43,34,20,46,10,48,8,50,4,52,2,3,54,44,12,58,8,60,6,62,2,56,20,66,12,64,69,70,20,72,34,74,8,76
8525db30fffa2e60 0 0 2294022,4,2,8,6,16,4,15,18,12,8,22,6,24,4,26,2,12,6,30,4,28,33,10,8,36,4,38,2,8,2,40,43,34,20,46,10,48,8,50,4,52,2,3,54,44,12,58,8,60,6,62,2,56,20,66,12,64,69,70,20,72,34,74,44,76,10,78,8,80,4,82
5b0fafe2ad6a9648 0 0 1900806,12,6,14,2,2,16,12,10,20,6,22,2,12,8,26,2,24,28,10,8,32,6,34,2,5,36,6,4,30,18,42,4,41,45,38,12,48,10,50,4,46,18,54,10,56,6,58,4,53,61,62,18,64,30,66,12,68,10,70
7669975a60c01260 0 0 1900806,12,8,14,4,16,2,2,18,12,10,22,6,24,4,12,6,28,4,30,2,27,32,5,11,6,2,34,20,40,4,38,43,36,12,46,10,48,4,44,20,52,10,54,8,51,57,58,20,60,34,62,36,64,12,66,10,68,4,71
cae39d8c19c012c0 0 0 1900806,12,10,14,8,16,2,4,2,18,20,14,4,24,2,14,2,26,28,10,6,2,32,8,6,36,4,30,22,40,10,42,6,38,44,34,6,46,22,50,12,52,10,54,8,56,6,58,4,48,60,62,22,64,30,66,12,68,10,70
64bdda8c31489e68 0 0 2228486,12,10,14,6,4,2,16,18,14,8,22,6,24,4,26,2,24,2,28,30,10,6,34,2,2,36,8,6,40,4,32,20,44,10,46,6,48,2,42,50,38,6,54,2,52,20,58,12,60,10,62,4,56,64,66,20,68,32,70,38,72,12,74,10,76,8,78,6,80
729bddc4c434c408 0 0 1835270,12,10,14,8,16,4,11,19,12,4,14,4,24,2,23,26,6,4,2,31,10,8,34,6,36,2,28,20,40,6,42,4,39,45,32,6,48,2,46,20,52,12,54,8,56,6,58,4,60,2,51,63,64,28,66,46,68
f0b5d2a4ad9452a8 0 0 1966342,12,10,14,8,16,4,11,19,12,4,14,4,24,2,23,26,6,4,2,31,10,8,34,6,36,2,28,20,40,6,42,4,39,45,32,6,48,2,46,20,52,12,54,8,56,6,58,4,60,2,51,63,64,28,66,32,68,46,70,2,72
78f4c8ee806aea00 0 0 1835270,12,8,14,2,13,16,12,10,20,6,20,8,24,6,22,27,6,4,30,2,2,33,10,8,36,2,28,18,40,6,42,4,44,2,38,47,34,6,48,18,52,8,54,6,56,2,50,59,60,18,62,28,64,8,66,2,68
a857b7a6487482a0 0 0 1900806,12,8,14,2,13,16,12,10,20,6,20,8,24,6,22,27,6,4,30,2,2,33,10,8,36,2,28,18,40,6,42,4,44,2,38,47,34,6,48,18,52,8,54,6,56,2,50,59,60,18,62,28,64,34,66,8,68,2,70
4d98da96763a6e88 0 0 1704198,12,10,14,6,14,8,18,6,16,21,12,8,24,2,13,26,6,4,30,2,2,33,10,8,36,2,28,22,40,6,42,4,44,2,39,47,34,6,48,22,52,8,54,6,51,56,58,28,60,48,62,2,64
66087572adaa3ea0 0 0 1769734,12,10,14,6,14,8,18,6,16,21,12,8,24,2,13,26,6,4,30,2,2,33,10,8,36,2,28,22,40,6,42,4,44,2,39,47,34,6,48,22,52,8,54,6,51,56,58,28,60,34,62,48,64,2,66
b3d7316c026ca8a0 0 0 2031878,12,6,14,4,16,2,8,6,18,20,12,10,24,6,26,2,2,28,8,4,32,2,6,4,35,37,4,2,30,22,42,8,44,4,46,2,41,49,38,12,52,6,54,2,50,22,58,8,60,6,62,4,57,65,66,22,68,30,70,6,72,2,74
47855aa656e074c0 0 0 2162950,12,6,14,4,16,2,8,6,18,20,12,10,24,6,26,4,2,28,8,4,32,2,6,4,35,37,4,2,30,22,42,8,44,4,46,2,41,49,38,12,52,6,54,2,50,22,58,8,60,6,62,4,57,65,66,22,68,30,70,38,72,8,74,4,76,2,79
aec82c6208ea0240 0 0 1966342,12,8,14,4,16,2,8,4,20,2,18,23,4,2,12,10,28,4,30,2,27,33,8,6,36,2,8,39,34,24,42,6,44,4,4,46,40,12,50,8,52,4,48,24,56,8,58,4,55,60,62,24,64,34,66,10,68,4,70,2,73
1868686892e2b848 0 0 2031878,12,8,14,4,16,2,8,4,20,2,18,23,4,2,12,10,28,4,30,2,27,33,8,6,36,2,8,39,34,24,42,6,44,4,4,46,40,12,50,8,52,4,48,24,56,8,58,4,55,60,62,24,64,34,66,40,68,10,70,4,72,2,75
e3d7cc289b281488 0 0 2097414,12,8,14,4,16,2,8,6,20,4,22,2,19,25,12,10,28,6,30,4,32,2,4,34,6,2,20,2,38,41,4,2,36,26,46,8,48,4,45,51,42,12,54,8,56,4,52,26,60,8,62,6,64,4,58,66,68,36,70,52,72,8,74,6,76
acd917d61eeccac8 0 0 2162950,12,10,14,4,16,2,9,19,12,8,22,6,24,4,8,2,26,29,6,4,2,32,10,8,36,2,30,20,40,8,42,6,44,4,39,47,34,6,48,20,52,12,54,10,56,8,58,6,60,4,62,2,50,64,66,20,68,30,70,10,72,8,74,6,76,2,79
b6e245aaf2847ac0 0 0 2359558,12,10,14,8,16,4,18,2,9,20,12,6,24,4,26,2,8,2,29,31,6,4,34,2,2,36,10,8,40,2,32,22,44,8,46,6,48,4,50,2,43,53,38,6,56,2,54,22,60,12,62,10,64,6,66,4,58,69,70,22,72,32,74,38,76,10,78,8,80,6,82,2,85
eed8253e05727aa8 0 0 2031878,12,10,14,6,8,2,16,19,14,8,22,4,24,2,9,26,10,6,2,31,8,4,28,20,36,10,38,8,40,6,42,2,35,44,32,6,48,2,46,20,52,12,54,10,56,8,51,58,60,28,62,46,64,12,66,10,68,8,70,4,72,2,74
53972d72639eac60 0 0 1704198,12,8,14,6,16,4,6,4,20,2,18,22,12,10,26,2,2,28,9,20,30,24,34,12,36,2,4,39,32,12,42,8,44,6,46,2,40,24,50,6,48,52,54,24,56,30,58,32,60,4,62,2,64
2a63695c236aa6a0 0 0 1704198,12,10,14,6,10,2,16,18,12,8,22,6,24,2,10,26,6,4,2,30,10,8,34,6,36,2,28,20,40,12,42,4,44,2,38,46,32,6,48,20,52,12,54,2,50,56,58,20,60,28,62,10,64
7d7a510cb5e81a48 0 0 1769734,12,10,14,6,10,2,16,18,12,8,22,6,24,2,10,26,6,4,2,30,10,8,34,6,36,2,28,20,40,12,42,4,44,2,38,46,32,6,48,20,52,12,54,2,50,56,58,20,60,28,62,32,64,10,66
1e92f8848c3cbcc0 0 0 2162950,12,8,14,6,16,2,11,19,12,10,22,6,10,2,25,27,6,4,2,30,10,8,34,6,36,2,28,20,40,12,42,10,44,8,46,4,48,2,39,50,32,6,52,20,56,12,58,10,60,8,62,2,55,65,66,28,68,52,70,12,72,10,74,6,76,2,79
2ced4b1c1d4a9c08 0 0 2228486,12,8,14,6,16,2,11,19,12,10,22,6,10,2,25,27,6,4,2,30,10,8,34,6,36,2,28,20,40,12,42,10,44,8,46,4,48,2,39,50,32,6,52,20,56,12,58,10,60,8,62,2,55,65,66,28,68,32,70,52,72,12,74,10,76,6,78,2,81
75457f76454a10e0 0 0 2097414,8,6,14,4,16,2,5,18,12,4,22,2,12,8,26,4,24,29,10,4,32,2,8,2,34,37,30,20,40,10,42,8,44,6,46,4,3,49,38,12,50,20,54,12,56,8,58,6,60,2,52,63,64,20,66,30,68,38,70,12,72,8,74,6,76
182ae52a6bc03cc0 0 0 2097414,12,8,14,6,14,2,16,18,4,2,12,10,24,4,26,2,22,29,8,6,32,4,6,4,34,36,30,20,40,12,42,10,44,8,46,6,48,4,4,51,38,12,54,8,56,6,58,2,52,20,62,12,64,8,60,66,68,20,70,30,72,12,74,8,76
17c1c282d3465ca0 0 0 1966342,4,2,8,6,16,4,18,2,15,21,12,8,24,6,26,4,28,2,8,2,30,33,10,4,33,36,34,22,40,12,42,10,44,6,3,47,38,12,50,8,52,6,54,2,48,22,58,12,60,2,56,62,64,22,66,34,68,12,70,6,73
1d4dbec6283cfc48 0 0 2162950,4,2,8,6,16,4,18,2,15,21,12,8,24,6,26,4,28,2,8,2,30,33,10,4,33,36,34,22,40,12,42,10,44,6,3,47,38,12,50,8,52,6,54,2,48,22,58,12,60,2,56,62,64,22,66,34,68,38,70,12,72,10,74,6,76,4,79
8ef798f4211c0820 0 0 1966342,12,4,2,15,12,10,18,6,20,2,10,8,24,6,22,26,26,4,30,2,26,2,32,34,6,4,28,16,40,12,42,10,44,6,46,4,39,48,36,12,52,10,54,4,50,16,58,10,60,2,57,62,64,16,66,28,68,6,70,2,72
a47db572e6e27ae8 0 0 2031878,12,8,14,6,16,4,18,2,2,20,12,10,24,6,26,4,10,2,29,31,10,4,11,35,6,2,32,22,40,12,42,10,44,6,46,2,38,49,36,12,52,10,54,4,50,22,58,10,60,8,62,6,57,65,66,22,68,32,70,36,72,6,74
54a08efce8203240 0 0 2031878,12,10,4,2,14,16,14,8,20,6,22,4,24,2,4,27,10,6,30,4,2,33,8,4,36,2,28,18,40,12,42,8,44,4,46,2,39,48,34,6,50,18,54,12,56,10,58,6,60,4,62,2,52,64,66,18,68,28,70,6,72,2,74
cc899326c41cc420 0 0 2097414,12,8,14,4,11,16,12,10,20,4,22,2,10,2,24,27,6,4,30,2,2,33,10,8,36,6,38,2,28,18,42,12,44,6,46,2,41,48,34,6,50,18,54,12,56,10,58,8,60,6,62,4,53,64,66,28,68,50,70,12,72,10,74,4,76
1273e8866768a468 0 0 2162950,12,8,14,4,11,16,12,10,20,4,22,2,10,2,24,27,6,4,30,2,2,33,10,8,36,6,38,2,28,18,42,12,44,6,46,2,41,48,34,6,50,18,54,12,56,10,58,8,60,6,62,4,53,64,66,28,68,34,70,50,72,12,74,10,76,4,78
09ac1fa48a8a46a8 0 0 1835270,12,10,14,8,16,6,14,6,19,20,8,2,12,25,6,4,28,2,2,30,10,8,34,2,26,22,38,12,40,8,42,6,44,4,37,47,32,6,50,2,48,22,54,8,56,6,58,2,52,61,62,22,64,26,66,12,68
2aeed8ec00f8d820 0 0 1966342,12,10,14,8,16,6,14,6,19,20,8,2,12,25,6,4,28,2,2,30,10,8,34,2,26,22,38,12,40,8,42,6,44,4,37,47,32,6,50,2,48,22,54,8,56,6,58,2,52,61,62,22,64,26,66,32,68,12,70,2,72
56e54c6638de6248 0 0 1966342,12,8,14,2,13,16,12,10,20,8,22,6,9,24,6,4,28,2,2,30,10,8,34,2,26,18,38,12,40,10,42,4,44,2,36,47,32,6,50,2,48,18,54,8,56,6,53,58,60,26,62,48,64,12,66,10,68,6,70,2,72
e07a605a9ab4a628 0 0 1966342,12,8,14,2,13,16,12,10,20,8,22,6,9,24,6,4,28,2,2,30,10,8,34,2,26,18,38,12,40,10,42,4,44,2,36,47,32,6,50,2,48,18,54,8,56,6,53,58,60,26,62,32,64,48,66,12,68,10,70,6,72
84f64ab0666c8a80 0 0 1835270,8,6,14,4,16,2,5,18,12,8,22,4,8,2,25,27,10,4,27,30,28,20,34,12,36,10,38,8,40,6,3,43,32,12,46,8,48,2,44,20,52,12,54,6,51,56,58,20,60,28,62,12,64,6,66,4,69
d6e930d24dee7e00 0 0 1573126,12,10,14,4,16,2,16,19,6,2,14,2,23,24,6,8,26,20,11,30,28,12,34,2,32,20,38,12,40,6,42,4,44,2,37,46,48,20,50,26,52,12,54,10,56,6,58,4,60
b4e05a3a4aaa9440 0 0 1638662,12,10,14,4,16,2,16,19,6,2,14,2,23,24,6,8,26,20,11,30,28,12,34,2,32,20,38,12,40,6,42,4,44,2,37,46,48,20,50,26,52,28,54,12,56,10,58,6,60,4,62
e0ebefceef3a2020 0 0 1704198,12,10,14,6,16,2,16,19,6,2,13,23,10,8,26,4,6,28,10,4,32,2,24,20,35,36,30,12,40,10,42,4,44,2,38,20,48,12,50,4,52,2,46,55,56,24,58,30,60,38,62,4,64
fb26104081fc90c0 0 0 1310982,4,2,10,15,12,6,18,2,12,2,20,23,8,6,8,27,24,16,3,30,28,12,32,16,36,12,38,6,40,4,42,2,34,44,46,24,48,12,50,6,52
011105d43fd0c440 0 0 1769734,10,8,4,2,14,17,12,8,20,6,20,4,24,2,22,26,8,6,30,4,32,2,8,34,28,18,3,38,36,12,42,8,44,4,40,18,48,12,50,8,52,6,54,4,47,56,58,28,60,36,62,12,64,6,66
07f7d0087828f028 0 0 1573126,12,8,14,6,16,2,6,18,6,4,12,6,24,2,22,26,10,4,30,2,4,32,6,2,28,20,38,6,36,40,34,12,42,20,46,6,48,4,50,2,44,52,54,20,56,28,58,4,60
ce14eca0d0c620a0 0 0 1114374,2,12,12,10,16,4,2,18,6,2,4,22,20,14,26,6,28,2,10,30,24,8,34,4,32,14,36,38,40,14,42,20,44,24,46
c94034ea31e2cc48 0 0 1245446,8,6,14,2,6,17,14,4,6,21,8,10,6,2,22,18,28,8,30,6,32,2,27,35,24,12,36,18,40,8,42,6,44,4,38,47,48,18,50
29ad1516c9e8c660 0 0 1900806,12,10,14,8,16,6,18,4,3,20,12,6,3,25,6,4,4,2,28,30,10,8,34,2,26,22,38,6,40,4,37,42,32,8,46,6,48,2,44,22,52,12,54,6,51,57,58,22,60,26,62,10,64,8,66,4,68,2,71
cae06248e0e0e248 0 0 1442054,12,8,14,6,16,2,6,18,6,4,12,6,24,2,22,26,4,10,6,2,28,20,34,6,32,36,30,12,38,20,42,6,44,4,46,2,40,48,50,20,52,28,54,30,56
197e10f06e7e1000 0 0 1835270,12,6,14,4,3,17,6,2,13,21,10,8,24,6,6,26,10,2,22,18,32,12,34,6,36,4,38,2,30,40,28,12,44,10,46,2,42,18,50,10,52,6,54,2,49,56,58,22,60,42,62,10,64,4,66,2,68
d31dcc14ef8ecc88 0 0 2031878,12,6,14,4,3,17,6,2,13,21,10,8,24,4,6,26,10,4,30,2,22,18,34,12,36,6,38,4,40,2,33,42,28,12,46,10,48,4,50,2,44,18,54,10,56,6,58,4,60,2,52,63,64,22,66,28,68,44,70,10,72,2,75
5e521d3eefe0c0e0 0 0 1638662,12,10,14,4,10,2,17,18,10,6,22,2,14,2,25,26,8,6,8,31,28,20,34,12,36,4,38,2,11,41,32,12,44,2,42,20,48,10,50,6,47,52,54,20,56,28,58,6,60,4,63
5d2b2bb45a4a4a80 0 0 1704198,12,10,14,4,10,2,17,18,10,6,22,2,14,2,25,26,8,6,8,31,28,20,34,12,36,4,38,2,11,41,32,12,44,2,42,20,48,10,50,6,47,52,54,20,56,28,58,32,60,6,62,4,65
220f389607e00c68 0 0 2228486,12,10,14,6,16,2,10,4,18,20,10,6,24,4,13,27,10,8,30,4,30,6,34,4,32,37,20,2,28,22,42,12,44,6,46,4,48,2,41,50,38,12,54,10,56,4,58,2,52,22,62,10,64,6,66,4,68,2,60,70,72,28,74,52,76,6,78,4,80
04e2cdfe510ca820 0 0 2294022,12,10,14,6,16,2,10,4,18,20,10,6,24,4,13,27,10,8,30,4,30,6,34,4,32,37,20,2,28,22,42,12,44,6,46,4,48,2,41,50,38,12,54,10,56,4,58,2,52,22,62,10,64,6,66,4,68,2,60,70,72,28,74,38,76,52,78,6,80,4,82
98247d723d74fa00 0 0 2031878,4,2,12,10,16,4,14,18,6,4,22,2,12,4,24,26,6,8,28,20,32,10,34,6,36,4,38,2,5,40,30,12,42,20,46,12,48,10,50,6,52,4,54,2,45,57,58,28,60,30,62,42,64,12,66,10,68,6,70,4,72,2,75
1734f8f8daac0660 0 0 1769734,12,10,14,6,16,4,2,18,6,2,12,6,24,4,26,2,22,28,8,2,6,32,4,2,30,20,38,12,40,4,42,2,36,44,34,12,48,6,46,20,52,6,54,4,56,2,50,58,60,20,62,30,64,2,66
e210401892ea3048 0 0 1769734,12,10,14,4,16,2,2,18,6,2,12,4,22,24,8,6,28,2,6,30,4,2,26,20,36,12,38,6,40,4,34,42,32,12,46,2,44,20,50,6,52,4,54,2,48,56,58,26,60,44,62,6,64,4,66
c860684ae0c04ae0 0 0 1573126,12,8,14,6,16,2,2,18,4,2,12,6,22,24,4,10,26,20,30,12,32,6,34,4,7,36,28,12,38,20,42,6,44,4,41,47,48,26,50,28,52,38,54,6,56,4,58,2,61
3cfc36e49612bea0 0 0 2031878,12,4,2,14,10,8,18,6,8,2,20,23,8,6,26,4,28,2,2,31,4,2,24,16,36,8,38,6,40,4,42,2,35,45,32,8,48,4,46,16,52,12,54,10,56,8,58,6,60,2,50,63,64,24,66,46,68,8,70,6,72,2,75
b0f3daee07f01a48 0 0 2162950,10,2,12,10,16,4,15,18,8,6,22,2,12,6,26,2,24,29,10,8,32,6,6,35,30,20,38,6,11,40,36,12,44,10,46,6,48,2,42,20,52,12,54,8,56,6,58,4,60,2,50,63,64,20,66,30,68,12,70,10,72,8,74,6,76,4,78
0969a9ba539a72c8 0 0 1900806,10,2,12,10,16,4,15,18,8,2,12,6,24,2,23,27,10,8,6,30,28,20,34,6,11,36,32,12,40,10,42,6,44,2,38,20,48,12,50,8,52,4,54,2,46,56,58,20,60,28,62,32,64,12,66,8,68,4,71
13d1269cc84e46c0 0 0 1900806,12,10,14,6,16,4,18,2,10,20,8,6,13,24,10,8,28,6,29,30,10,2,26,22,36,10,38,8,34,41,32,12,44,10,46,2,42,22,50,12,52,8,54,4,49,56,58,26,60,42,62,10,64,6,66,4,68,2,70
e4f7a2f21c180048 0 0 1835270,12,10,14,6,16,4,18,2,10,20,9,13,10,8,26,6,27,28,10,2,24,22,34,10,36,8,38,6,32,40,30,12,44,10,46,2,42,22,50,12,52,8,54,6,56,4,49,59,60,24,62,30,64,42,66,4,68
607393ec05b6c620 0 0 1900806,12,4,14,2,15,16,10,8,20,6,22,2,12,6,26,2,24,29,6,23,30,18,34,6,11,36,32,12,40,10,42,6,44,2,38,18,48,12,50,8,52,6,54,4,56,2,46,58,60,18,62,30,64,12,66,10,68,8,70
205030887cd26600 0 0 1835270,12,4,14,2,15,16,10,8,20,2,12,6,24,2,23,27,6,20,28,18,32,6,11,34,30,12,38,10,40,6,42,2,36,18,46,12,48,8,50,4,52,2,44,55,56,18,58,28,60,30,62,12,64,8,66,6,69
48aea8beb056b6a0 0 0 1900806,8,2,12,6,16,4,18,2,14,21,12,10,24,8,26,6,28,4,30,2,8,4,34,2,32,36,8,6,40,4,4,42,38,22,46,8,48,6,50,4,8,52,44,4,56,2,54,22,60,10,58,63,64,22,66,38,68,4,70
867240b432c6f400 0 0 1704198,12,10,14,4,6,16,4,2,10,6,20,22,12,8,6,26,6,4,30,2,24,18,34,12,36,10,38,6,32,40,28,6,44,2,42,18,48,12,50,10,52,6,54,2,46,56,58,18,60,24,62,2,64
b5af31d4f114f2e8 0 0 1900806,10,8,12,8,16,2,14,19,12,10,22,8,24,2,17,27,14,4,30,2,2,32,12,2,28,20,38,8,40,6,42,2,37,45,34,10,48,8,50,6,52,2,46,20,56,8,55,58,60,20,62,28,64,12,66,8,68,2,71
dadd0ba652f0c8c0 0 0 1769734,12,10,14,6,9,17,16,2,13,21,8,4,2,24,12,8,22,18,30,10,32,8,34,2,28,36,26,8,40,6,42,2,38,18,46,10,48,8,50,6,44,53,54,22,56,38,58,12,60,10,62,6,64,2,67
d4ca387cb856fee0 0 0 1835270,12,10,14,6,9,17,16,2,13,21,8,4,2,24,12,8,22,18,30,10,32,8,34,2,28,36,26,8,40,6,42,2,38,18,46,10,48,8,50,6,44,53,54,22,56,26,58,38,60,12,62,10,64,6,66,2,69
1452af2ab7546040 0 0 1835270,10,8,12,10,16,6,18,2,15,21,8,6,24,2,14,2,26,29,24,4,2,32,16,8,30,22,38,12,40,10,42,2,37,45,34,8,48,2,46,22,52,12,50,54,56,22,58,30,60,12,62,10,64,8,66,2,69
45c0ab7425fa92e8 0 0 1900806,10,8,12,10,16,6,18,2,15,21,8,6,24,2,14,2,26,29,24,4,2,32,16,8,30,22,38,12,40,10,42,2,37,45,34,8,48,2,46,22,52,12,50,54,56,22,58,30,60,34,62,12,64,10,66,8,68,2,71
cffdaafe0c58fac8 0 0 1900806,12,10,14,8,16,2,8,19,10,8,8,2,22,24,22,4,2,28,12,2,26,20,34,12,36,10,38,8,40,6,42,2,33,45,30,10,48,8,50,6,46,20,54,12,56,8,58,2,52,61,62,26,64,46,66,12,68,2,71
af9df6a250049aa8 0 0 1769734,12,10,14,8,16,6,9,18,8,2,10,6,23,24,24,4,28,2,2,30,12,8,26,20,36,10,38,2,34,40,32,10,42,20,46,12,48,10,50,8,52,6,54,2,44,56,58,20,60,26,62,12,64,2,66
48539e46909ab680 0 0 1835270,12,10,14,6,16,2,10,8,18,20,20,2,8,6,26,2,24,29,26,4,2,32,14,8,30,22,38,8,37,41,34,8,44,2,42,22,48,12,50,10,52,6,47,54,56,30,58,42,60,12,62,10,64,6,66,2,68
befccc84a96c1828 0 0 1900806,12,10,14,6,16,2,10,8,18,20,20,2,8,6,26,2,24,29,26,4,2,32,14,8,30,22,38,8,37,41,34,8,44,2,42,22,48,12,50,10,52,6,47,54,56,30,58,34,60,42,62,12,64,10,66,6,68,2,70
b46f215aaa606a00 0 0 1376518,12,10,14,6,8,16,16,2,12,20,8,4,2,24,12,8,22,18,30,12,32,10,28,35,26,8,38,6,40,2,36,18,44,8,46,2,43,48,50,18,52,22,54
e63c4ffc3e4e8660 0 0 1442054,12,10,14,6,8,16,16,2,12,20,8,4,2,24,12,8,22,18,30,12,32,10,28,35,26,8,38,6,40,2,36,18,44,8,46,2,43,48,50,18,52,22,54,26,56
ba5a435cd9fabc60 0 0 1835270,12,2,10,6,14,16,12,10,20,8,22,6,24,2,12,27,16,4,2,30,12,8,34,2,28,18,38,12,40,6,42,2,37,45,32,10,48,2,46,18,52,10,54,6,56,2,51,58,60,28,62,46,64,10,66,6,68
7ff45868df545868 0 0 1900806,6,4,12,6,14,16,8,6,20,4,10,8,24,2,23,26,24,6,30,4,32,2,14,2,34,37,28,18,40,12,42,8,44,2,3,46,38,4,50,2,48,18,54,12,56,8,58,6,53,61,62,28,64,8,66,6,68,4,71
bafcfe484afcfe48 0 0 2031878,6,4,12,10,16,6,14,18,10,6,22,4,10,8,26,6,28,4,30,2,25,33,26,2,6,2,37,38,4,2,34,20,44,12,46,4,48,2,42,51,40,2,52,20,56,12,58,6,54,61,62,34,64,40,66,10,68,8,70,6,72,4,75
02ff55242fee72c0 0 0 1704198,10,2,9,14,8,6,18,2,4,2,20,22,10,4,8,2,26,29,24,16,32,12,34,10,36,2,2,38,30,12,42,8,44,6,46,2,40,16,50,10,52,6,48,55,56,16,58,12,60,8,62,4,64
faad79a866462680 0 0 1835270,8,4,11,14,10,6,18,4,4,2,20,22,8,2,10,4,26,29,24,16,32,12,34,8,36,4,4,38,30,12,42,10,44,6,46,4,40,16,50,8,52,6,48,55,56,16,58,24,60,12,62,10,64,4,66,2,68
7b6d81486640c6c0 0 0 1769734,10,2,9,14,8,6,18,2,4,2,20,22,10,4,8,2,26,29,24,16,32,12,34,10,36,2,2,38,30,12,42,8,44,6,46,2,40,16,50,10,52,6,48,55,56,16,58,30,60,12,62,10,64,8,66
c1832eccdb5a1ec0 0 0 1900806,10,2,9,14,8,6,18,2,4,2,20,22,10,4,8,2,26,29,24,16,32,12,34,10,36,2,2,38,30,12,42,8,44,6,46,2,40,16,50,10,52,6,48,55,56,16,58,24,60,30,62,12,64,10,66,8,68,2,70
f1c2ec0e51b0f840 0 0 1638662,10,2,9,14,8,6,4,2,19,20,10,4,8,2,24,27,22,16,30,12,32,10,2,34,28,12,38,8,40,6,42,2,36,16,46,10,48,6,50,2,45,52,54,22,56,36,58,4,60,2,62
db7a927cffb02020 0 0 1704198,8,4,11,14,10,6,4,2,19,20,8,2,10,4,24,27,22,16,30,12,32,8,4,34,28,12,38,10,40,6,42,4,36,16,46,8,48,6,50,4,45,52,54,22,56,28,58,36,60,8,62,4,64
b91819849b908048 0 0 1769734,6,4,12,8,14,16,8,6,20,4,10,4,24,2,23,26,10,8,30,4,32,2,14,2,35,37,28,18,40,12,42,4,3,44,38,6,46,18,50,12,49,53,54,18,56,28,58,46,60,12,62,8,64,4,66
abd1afccce44cac0 0 0 2097414,10,8,8,14,14,6,18,4,20,2,20,22,8,2,14,4,28,2,26,31,4,2,24,16,36,12,38,8,35,40,32,12,44,10,46,8,48,6,50,4,52,2,42,16,56,8,58,6,60,4,62,2,54,64,66,16,68,12,70,10,72,4,74,2,76
b2fd28829534cc88 0 0 1704198,8,11,10,6,16,4,18,2,18,20,8,2,10,4,24,27,22,14,30,12,32,8,4,34,28,12,38,10,40,6,42,4,36,14,46,8,48,6,50,4,44,53,54,14,56,22,58,12,60,6,62,2,64
848c7a98669e9820 0 0 2162950,10,8,8,14,14,6,18,4,20,2,20,22,8,2,14,4,28,2,26,31,4,2,24,16,36,12,38,8,35,40,32,12,44,10,46,8,48,6,50,4,52,2,42,16,56,8,58,6,60,4,62,2,54,64,66,16,68,32,70,12,72,10,74,4,76,2,78
23c8c982a572c048 0 0 1835270,9,10,8,6,16,2,16,4,20,2,18,22,10,4,8,2,26,29,24,14,32,12,34,10,2,36,30,12,40,8,42,6,44,2,38,14,48,10,50,6,52,2,46,55,56,14,58,24,60,30,62,12,64,10,66,6,68
5a44e5b46e7a1440 0 0 1638662,9,10,8,6,16,4,17,19,10,4,8,2,22,25,20,14,28,12,30,10,32,2,2,34,26,12,38,8,40,6,42,2,36,14,46,10,48,6,45,50,52,20,54,36,56,8,58,6,60,4,63
e28fcd627542aaa0 0 0 1704198,8,11,10,6,16,2,17,19,8,2,10,4,22,25,20,14,28,12,30,8,32,4,4,34,26,12,38,10,40,6,42,4,36,14,46,8,48,6,45,50,52,20,54,26,56,36,58,10,60,8,62,6,65
bb2cf4e0a5641aa8 0 0 1573126,8,6,10,15,14,2,4,2,18,20,10,4,24,2,9,26,22,16,30,12,32,10,6,34,28,12,38,10,40,2,36,16,44,10,46,2,43,49,50,16,52,12,54,10,56,4,58,2,61
687989e04586dce0 0 0 1573126,8,6,10,15,14,2,5,18,10,4,9,23,20,16,26,12,28,10,6,30,24,12,34,10,36,2,32,16,40,10,42,2,39,45,46,16,48,20,50,12,52,10,54,6,56,4,58,2,60
bef2e358ff80a820 0 0 1442054,8,6,10,15,14,2,4,2,18,20,10,4,24,2,9,26,22,16,30,12,32,10,6,34,28,12,38,10,40,2,36,16,44,10,46,2,43,49,50,16,52,28,54,12,57
69d6110e8a8664c8 0 0 1573126,8,6,10,15,14,2,4,2,18,20,10,4,24,2,9,26,22,16,30,12,32,10,6,34,28,12,38,10,40,2,36,16,44,10,46,2,43,49,50,16,52,22,54,28,56,12,58,2,61
611e309ab0c07888 0 0 1638662,8,6,10,15,8,2,4,2,19,20,10,4,24,2,9,26,22,16,30,12,32,10,34,6,6,36,28,12,40,10,42,2,38,16,46,10,48,6,50,2,44,52,54,22,56,38,58,6,60,4,62
179df0cea09e6a68 0 0 1769734,8,6,10,15,8,2,4,2,19,20,10,4,24,2,9,26,22,16,30,12,32,10,34,6,6,36,28,12,40,10,42,2,38,16,46,10,48,6,50,2,44,52,54,22,56,28,58,38,60,10,62,6,64,2,66
4d89670676c206e8 0 0 1966342,10,8,8,6,15,17,16,2,6,4,22,2,20,25,10,4,28,2,9,31,26,18,34,12,36,10,38,8,6,41,32,12,44,10,46,8,48,2,42,18,52,10,54,8,56,2,50,58,60,18,62,26,64,32,66,12,68,8,70,6,73
a71bee7873c0ac60 0 0 2097414,10,8,8,6,15,17,8,2,6,4,22,2,21,25,10,4,28,2,9,31,26,18,34,12,36,10,38,8,40,6,6,43,32,12,46,10,48,8,50,2,44,18,54,10,56,8,58,6,60,2,53,63,64,26,66,44,68,8,70,6,72,4,74,2,77
274b73dc3d1a4ca8 0 0 1900806,10,8,8,6,15,17,8,2,6,4,21,22,10,4,9,26,24,18,30,12,32,10,34,8,36,6,6,39,28,12,42,10,44,8,46,2,40,18,50,10,52,8,54,6,56,2,49,59,60,24,62,28,64,40,66,10,68,6,70
7868c858789838a8 0 0 1310982,12,10,14,8,16,4,6,18,12,6,22,2,12,24,2,8,8,4,26,20,30,32,28,8,36,6,38,4,34,20,42,10,40,44,46,26,48,34,50,12,52
b9b6b1b4d23ccc28 0 0 1638662,12,10,10,6,14,16,14,4,10,20,6,8,10,2,22,18,28,10,30,6,27,32,24,12,36,2,34,18,40,12,42,10,44,6,46,4,48,2,39,51,52,18,54,22,56,12,58,4,60,2,63
f920e6c0b9200cc0 0 0 1704198,12,10,10,6,14,16,14,4,10,20,6,8,10,2,22,18,28,10,30,6,27,32,24,12,36,2,34,18,40,12,42,10,44,6,46,4,48,2,39,51,52,18,54,22,56,24,58,12,60,4,62,2,65
17b962668cd27628 0 0 2228486,12,6,14,2,10,6,18,4,20,2,17,22,10,4,26,2,12,10,28,30,10,8,34,6,36,4,6,38,32,24,42,10,44,6,46,4,48,2,27,50,40,12,54,10,56,6,58,4,60,2,52,24,64,12,66,10,68,6,70,2,62,73,74,32,76,52,78,6,80
bee0329c3d1cbe60 0 0 2228486,12,6,14,2,10,6,18,4,20,2,17,22,10,4,26,2,12,10,28,30,10,8,34,6,36,4,6,38,32,24,42,10,44,6,46,4,48,2,27,50,40,12,54,10,56,6,58,4,60,2,52,24,64,12,66,10,68,6,70,2,62,73,74,32,76,40,78,52,80
cc9151daf7aa5688 0 0 1573126,12,10,6,2,14,17,14,4,20,2,20,23,6,8,10,2,24,18,30,6,32,2,29,35,26,12,38,2,36,18,42,12,44,6,46,4,41,48,50,18,52,24,54,10,56,4,58,2,61
2ae40d7855eed828 0 0 1638662,12,10,6,2,14,17,14,4,20,2,20,23,6,8,10,2,24,18,30,6,32,2,29,35,26,12,38,2,36,18,42,12,44,6,46,4,41,48,50,18,52,24,54,26,56,10,58,4,60,2,63
dffcb6ac3336b488 0 0 2097414,12,6,14,2,6,2,17,19,12,10,22,2,22,25,10,8,28,6,30,4,6,32,10,4,26,20,38,6,40,2,37,43,34,12,46,10,48,6,50,4,52,2,44,20,56,12,58,6,60,4,62,2,54,64,66,26,68,44,70,12,72,10,74,2,76
317753ea66caaea8 0 0 2031878,12,10,6,4,14,17,14,4,20,2,2,23,16,2,8,27,10,8,30,4,24,18,34,12,36,10,38,6,40,4,33,43,28,12,46,8,48,4,44,18,52,12,54,8,56,6,58,4,60,2,51,63,64,18,66,24,68,12,70,10,72,2,74
60168f38efcc0048 0 0 2162950,12,10,6,4,14,17,14,4,20,2,2,23,16,2,8,27,10,8,30,4,24,18,34,12,36,10,38,6,40,4,33,43,28,12,46,8,48,4,44,18,52,12,54,8,56,6,58,4,60,2,51,63,64,18,66,24,68,28,70,12,72,10,74,8,76,2,78
00efef5467b4b400 0 0 1638662,12,6,4,2,15,16,12,8,20,6,2,23,4,10,24,18,28,12,30,6,32,4,34,2,6,37,26,12,38,18,42,12,44,8,46,4,48,2,41,51,52,24,54,38,56,12,58,8,60,2,63
496439c641668288 0 0 2228486,12,8,14,4,4,2,17,18,12,2,2,22,10,8,26,6,28,4,30,2,4,32,6,4,36,2,24,20,40,12,42,8,44,2,39,47,34,12,50,8,52,6,54,2,48,20,58,12,60,6,62,2,56,65,66,24,68,34,70,48,72,12,74,6,76,4,78,2,81
0cf410e8b0f45ce8 0 0 2031878,12,10,10,8,16,6,14,18,12,8,14,4,24,2,22,27,6,4,30,2,8,33,16,4,28,20,38,12,40,8,42,6,37,44,34,12,48,8,50,4,46,20,54,12,56,10,58,6,60,2,53,62,64,20,66,28,68,10,70,8,72,2,74
ccfcce76764af440 0 0 2031878,12,10,10,8,16,6,14,18,12,8,14,4,24,2,22,27,6,4,30,2,8,33,16,4,28,20,38,12,40,8,42,6,37,44,34,12,48,8,50,4,46,20,54,12,56,10,58,6,60,2,53,62,64,20,66,28,68,34,70,10,72,2,74
48c06bc631c418c8 0 0 1704198,12,6,6,4,16,2,15,18,12,8,22,2,22,6,25,27,4,10,28,20,32,12,34,4,36,2,6,39,30,12,40,20,44,12,46,8,48,6,50,4,52,2,43,55,56,28,58,30,60,40,62,2,64
9d787b8446b26688 0 0 1900806,12,6,14,2,6,2,17,19,12,4,3,23,10,8,26,6,28,4,6,30,10,4,24,20,36,12,38,6,40,4,35,43,32,12,46,10,48,6,50,4,52,2,44,20,56,12,58,10,60,6,62,2,54,65,66,24,68,44,70
2fb7f2f08d90d8a0 0 0 1835270,12,6,14,2,6,2,17,19,12,4,3,23,10,8,6,26,24,20,30,12,32,6,34,4,10,37,28,12,40,10,42,6,44,2,38,20,48,12,50,10,52,6,54,4,56,2,47,58,60,24,62,28,64,38,66,6,68
a070db2e97b4ec40 0 0 2162950,12,10,10,8,16,6,14,18,16,4,22,2,12,8,26,2,25,28,6,4,32,2,8,35,30,20,38,10,40,8,42,6,44,4,23,47,36,12,50,8,52,4,48,20,56,12,58,8,60,6,62,4,64,2,55,67,68,20,70,30,72,12,74,10,76,2,78
b4b34d7855ae7288 0 0 2294022,12,10,10,8,16,6,14,18,16,4,22,2,12,8,26,2,25,28,6,4,32,2,8,35,30,20,38,10,40,8,42,6,44,4,23,47,36,12,50,8,52,4,48,20,56,12,58,8,60,6,62,4,64,2,55,67,68,20,70,30,72,36,74,12,76,10,78,8,80,2,82
591ca0f48a76baa8 0 0 1769734,12,6,6,4,16,2,15,18,6,2,12,8,22,25,4,10,26,20,30,8,32,6,34,4,6,36,28,12,38,20,42,12,44,8,46,4,48,2,41,51,52,26,54,28,56,38,58,12,60,8,62,6,64,2,67
a0ae2c1ed02e0e00 0 0 2031878,8,6,13,14,10,4,12,10,20,6,22,2,19,25,10,8,28,6,30,4,28,4,33,34,18,2,26,16,40,10,42,8,44,4,38,46,36,12,50,10,52,4,54,2,48,16,58,12,60,8,62,4,57,65,66,16,68,26,70,8,72,6,74
0bf0bd7ab2b6d240 0 0 2425094,12,6,14,2,8,6,18,2,16,20,10,4,24,2,12,10,28,2,26,31,10,8,34,6,36,4,34,4,38,41,32,22,44,10,46,8,48,4,25,51,42,12,54,10,56,6,58,4,60,2,52,22,64,12,66,8,68,6,70,4,63,72,74,22,76,32,78,42,80,12,82,10,84,6,87
bfb2696a0a9e7620 0 0 1769734,12,6,14,2,8,2,17,19,10,2,12,10,24,4,23,26,10,8,6,30,28,20,34,6,10,36,32,12,40,10,42,6,44,2,38,20,48,12,50,8,52,4,54,2,47,57,58,28,60,38,62,12,64,10,66
cd7d35ec87c8fae0 0 0 1966342,12,6,14,2,8,6,18,2,17,20,10,2,12,10,26,4,25,28,10,8,32,6,6,35,30,22,38,6,10,40,36,12,44,10,46,6,48,2,42,22,52,12,54,8,56,6,58,4,60,2,51,62,64,30,66,36,68,42,70,12,72
787983ced1b6d6a8 0 0 2294022,12,8,14,4,12,10,18,6,20,4,16,23,2,13,10,8,28,6,30,2,30,4,34,2,33,36,6,4,40,2,26,24,44,10,46,8,48,6,50,4,52,2,43,54,38,12,58,8,60,6,62,2,56,24,66,10,68,2,65,71,72,24,74,26,76,12,78,6,80,4,83
8ab547568ea8aec0 0 0 2294022,12,8,14,4,12,10,18,6,20,4,16,23,2,13,10,8,28,6,30,2,30,4,34,2,33,36,6,4,40,2,26,24,44,10,46,8,48,6,50,4,52,2,43,54,38,12,58,8,60,6,62,2,56,24,66,10,68,2,65,71,72,24,74,26,76,38,78,12,80,6,83
576deb7e7e5ad4a0 0 0 1442054,12,6,12,10,16,6,18,2,15,21,12,8,24,6,2,26,4,10,28,22,32,4,6,34,30,12,36,22,40,10,42,8,44,6,46,2,39,49,50,28,52,36,54,8,56
5e305b4af48458a8 0 0 1966342,12,8,14,4,12,10,18,6,20,4,17,22,12,2,2,27,10,8,30,6,32,2,4,35,6,4,38,2,28,24,42,4,41,44,36,12,48,8,50,6,52,2,46,24,56,10,54,58,60,28,62,36,64,46,66,10,68,6,70,4,72
6d34c704d63438c8 0 0 2097414,6,4,10,6,16,4,18,2,15,20,12,10,24,8,26,6,28,4,30,2,30,32,8,4,36,2,2,39,34,22,42,8,44,4,46,2,7,49,40,4,50,22,54,12,56,8,58,6,52,61,62,22,64,34,66,12,68,8,70,6,72,4,74,2,76
27f0ea62770040c8 0 0 1835270,10,6,6,14,12,10,18,8,20,2,20,22,8,2,2,26,6,4,30,2,24,16,34,8,36,2,33,38,28,4,42,2,40,16,46,12,48,8,50,4,52,2,45,55,56,24,58,40,60,10,62,6,64,4,66,2,69
5fef933004fc2aa8 0 0 2162950,10,8,14,6,16,4,18,2,13,20,12,6,24,4,26,2,26,29,14,4,19,32,10,4,36,2,30,22,40,10,42,8,44,4,38,46,34,12,50,10,52,4,54,2,48,22,58,12,60,8,62,4,57,64,66,22,68,30,70,10,72,8,74,4,76,2,78
c37f972c3848c628 0 0 2162950,12,6,14,2,10,8,18,6,20,4,22,2,16,25,12,4,28,2,28,31,18,4,22,35,10,4,32,26,40,10,42,8,44,4,39,47,36,12,50,10,52,6,54,4,56,2,48,26,60,12,62,8,64,6,66,4,59,69,70,26,72,32,74,36,76,12,78
d58e228624fabaa8 0 0 1835270,12,6,14,2,10,8,18,2,17,21,12,4,24,2,25,26,6,18,28,22,32,6,10,34,30,12,38,10,40,6,42,2,36,22,46,12,48,8,50,4,52,2,45,54,56,28,58,36,60,12,62,10,64,6,66,4,69
bc74f73afae42800 0 0 1966342,12,6,14,2,10,8,18,6,20,2,17,22,12,4,26,2,27,28,6,21,30,24,34,6,10,36,32,12,40,10,42,6,44,2,38,24,48,12,50,8,52,6,54,4,56,2,47,59,60,30,62,32,64,38,66,12,68,6,70,4,73
7775e59889849c88 0 0 2359558,12,8,14,4,12,10,18,2,16,20,12,2,12,6,26,4,28,2,24,31,10,8,34,6,36,2,36,4,40,2,39,42,6,4,46,2,32,22,50,10,52,8,54,6,56,4,58,2,49,60,44,12,64,8,66,6,68,2,62,22,72,10,74,2,71,76,78,22,80,32,82,12,84
646bae6809d48c68 0 0 2490630,12,8,14,4,12,10,18,2,16,20,12,2,12,6,26,4,28,2,24,31,10,8,34,6,36,2,36,4,40,2,39,42,6,4,46,2,32,22,50,10,52,8,54,6,56,4,58,2,49,60,44,12,64,8,66,6,68,2,62,22,72,10,74,2,71,76,78,22,80,32,82,44,84,12,86,4,88
54a96ca2a0125480 0 0 2097414,12,8,14,4,12,10,18,4,20,2,17,22,12,6,26,4,12,29,10,8,32,6,34,4,36,2,4,38,6,4,42,2,30,24,46,4,45,48,40,12,52,8,54,6,56,2,50,24,60,10,62,4,58,64,66,30,68,50,70,10,72,4,74,2,76
f007b970020a7828 0 0 1573126,12,6,12,10,16,2,15,19,12,8,22,6,24,2,23,27,4,10,28,20,32,4,6,34,30,12,36,20,40,10,42,8,44,6,46,2,39,48,50,28,52,30,54,36,56,6,58,2,60
de9fad061a103020 0 0 1900806,8,6,13,14,10,4,12,6,20,4,19,23,10,8,26,6,28,4,6,31,18,2,24,16,36,8,34,38,32,12,42,10,44,4,46,2,40,16,50,12,52,10,54,8,56,2,49,59,60,16,62,24,64,8,66,6,68,2,70
6c990476d6dcaee0 0 0 2359558,12,6,14,2,8,6,18,2,16,20,10,4,24,2,12,4,28,2,26,30,10,8,34,6,36,4,6,38,32,22,42,8,44,2,25,46,40,12,50,10,52,6,54,4,56,2,48,22,60,12,62,10,64,8,66,6,59,69,70,22,72,32,74,40,76,12,78,10,80,6,82,2,85
716da77810fc2000 0 0 1966342,9,12,12,6,16,4,18,2,10,21,10,8,24,6,25,26,10,2,22,14,32,10,34,6,31,37,28,12,40,10,42,2,38,14,46,12,48,10,50,8,52,6,54,4,45,57,58,22,60,38,62,12,64,8,66,6,68,4,70,2,73
78363d04c7263ea8 0 0 2031878,8,6,12,14,12,6,18,4,20,2,10,23,10,8,26,6,27,28,10,2,24,16,34,10,36,6,33,39,30,12,42,10,44,2,40,16,48,12,50,10,52,8,54,4,47,56,58,24,60,30,62,40,64,12,66,10,68,8,70,6,72,4,74
c1cb194ce9bc2a80 0 0 2031878,4,2,10,4,14,16,12,8,20,6,22,4,24,2,25,27,8,6,2,31,6,4,28,18,36,10,38,8,40,6,42,4,34,45,32,6,48,2,46,18,52,12,54,10,56,8,58,4,60,2,50,63,64,18,66,28,68,12,70,8,72,2,75
5c652ace2b9a4ca8 0 0 1573126,10,8,14,4,5,16,12,2,12,20,8,6,24,4,2,26,22,18,30,10,32,6,7,34,28,6,38,4,36,18,42,12,44,10,46,8,48,6,50,4,40,53,54,22,56,36,58,8,60
a54ed282cb6434a8 0 0 1442054,10,6,9,14,12,6,2,18,8,6,22,4,2,24,20,16,28,10,30,4,5,33,26,8,36,4,34,16,40,12,42,10,44,4,38,47,48,20,50,34,52,6,54,4,57
96c6f028564eb8a0 0 0 1769734,10,8,14,6,9,16,12,8,20,6,2,22,8,6,26,2,2,28,24,18,32,10,34,8,36,2,5,39,30,8,42,4,40,18,46,12,48,10,50,4,44,53,54,24,56,30,58,40,60,6,62,4,64,2,67
8590bba044c82008 0 0 2097414,12,8,14,4,10,8,18,6,16,21,12,6,24,4,26,2,2,28,20,2,4,33,6,4,36,2,30,22,40,12,42,10,44,6,39,47,34,12,50,8,52,6,54,2,48,22,58,12,60,10,62,8,64,6,57,66,68,22,70,30,72,8,74,6,77
611a5900260eaa28 0 0 2228486,12,8,14,4,10,8,18,6,16,21,12,6,24,4,26,2,2,28,20,2,4,33,6,4,36,2,30,22,40,12,42,10,44,6,39,47,34,12,50,8,52,6,54,2,48,22,58,12,60,10,62,8,64,6,57,66,68,22,70,30,72,34,74,8,76,6,78,4,81
912e2c6685568600 0 0 1638662,12,6,10,2,15,16,12,8,2,20,10,4,10,25,22,18,28,12,30,6,32,4,34,2,6,36,26,12,38,18,42,12,44,10,46,8,48,6,50,2,41,52,54,22,56,38,58,8,60,6,62
dd19423ac6f8a6e8 0 0 2359558,10,8,14,6,16,4,18,2,13,20,12,10,24,6,26,2,3,28,14,4,19,32,10,4,36,2,30,22,40,12,42,8,44,6,46,4,38,49,34,12,52,10,54,4,56,2,50,22,60,12,62,10,64,8,66,2,59,68,70,22,72,30,74,12,76,8,78,6,80,4,82,2,84
de028710f4fe3e80 0 0 2162950,12,6,14,2,10,8,18,6,20,4,22,2,16,25,12,10,28,2,3,30,18,4,22,35,10,4,32,26,40,12,42,8,44,4,39,46,36,12,50,10,52,6,54,4,56,2,48,26,60,12,62,10,64,8,66,6,59,68,70,26,72,32,74,36,76,10,78
983fe0424b0a0088 0 0 2031878,10,8,14,2,12,16,12,10,20,6,22,4,3,25,6,15,10,2,26,18,32,12,34,10,36,4,38,2,31,40,28,12,44,10,46,2,42,18,50,12,52,10,54,8,56,6,58,4,49,60,62,26,64,42,66,10,68,8,70,6,72,2,75
233a02d4afe48400 0 0 1966342,10,8,14,6,16,2,12,19,12,10,22,6,24,4,3,27,6,16,10,2,28,20,34,12,36,10,38,4,40,2,33,42,30,12,46,10,48,2,44,20,52,12,54,10,56,8,58,4,51,61,62,28,64,30,66,44,68,8,70,6,72
041bbb54390c1080 0 0 2031878,12,8,14,4,12,10,18,2,16,20,6,4,12,25,10,8,28,6,30,2,30,4,34,2,33,36,24,2,26,22,42,12,44,10,46,8,48,2,41,51,38,12,54,8,56,6,58,2,52,22,62,10,64,6,66,4,61,69,70,22,72,26,74
6f7ab05ae3dcf0c0 0 0 2162950,12,8,14,4,12,10,18,2,16,20,6,4,12,25,10,8,28,6,30,2,30,4,34,2,33,36,24,2,26,22,42,12,44,10,46,8,48,2,41,51,38,12,54,8,56,6,58,2,52,22,62,10,64,6,66,4,61,69,70,22,72,26,74,38,76,4,78
586f05c250fed240 0 0 2294022,12,8,14,4,12,10,18,4,20,2,17,22,6,4,12,2,27,28,10,8,32,6,34,4,36,2,4,38,26,2,30,24,44,12,46,6,48,2,43,51,40,12,54,8,56,6,58,2,52,24,62,10,64,6,66,2,60,69,70,30,72,52,74,12,76,10,78,6,80,2,83
e0774d827e701020 0 0 1507590,12,10,10,6,14,16,12,4,20,2,10,22,6,8,10,2,24,18,30,6,32,2,29,35,26,12,38,2,36,18,42,12,44,6,46,4,41,49,50,18,52,24,54,10,56,4,58
76f5624e0ffc9cc0 0 0 1573126,12,10,10,6,14,16,12,4,20,2,10,22,6,8,10,2,24,18,30,6,32,2,29,35,26,12,38,2,36,18,42,12,44,6,46,4,41,49,50,18,52,24,54,26,56,10,58,4,60
0205127ec0406840 0 0 1966342,10,6,14,4,12,17,10,4,12,6,22,4,24,2,21,27,10,8,30,4,6,32,20,2,28,18,38,6,40,2,36,43,34,12,46,10,48,4,50,2,44,18,54,12,56,4,52,58,60,28,62,44,64,12,66,10,68,6,70,2,73
3c33aec840da6ec8 0 0 2031878,10,6,14,4,12,17,10,4,12,6,22,4,24,2,21,27,10,8,30,4,6,32,20,2,28,18,38,6,40,2,36,43,34,12,46,10,48,4,50,2,44,18,54,12,56,4,52,58,60,28,62,34,64,44,66,12,68,10,70,6,72,2,75
c49a4340f75a7080 0 0 1900806,12,10,14,8,16,4,18,2,16,6,22,4,20,24,12,4,6,28,8,2,2,32,8,4,30,26,38,8,40,2,36,42,34,8,46,6,48,4,44,26,52,10,54,6,56,4,50,58,60,26,62,30,64,12,66,10,68,6,70
46c0921eec60cee8 0 0 1835270,12,10,14,6,16,4,3,19,10,8,22,6,24,2,12,27,6,24,10,2,28,20,34,12,36,10,38,4,40,2,32,42,30,12,46,10,48,2,44,20,52,8,54,6,56,2,50,58,60,20,62,28,64,4,66,2,69
7ae2d2ccc84ec0c0 0 0 1835270,12,10,14,6,16,4,3,19,10,8,22,2,12,24,6,23,10,2,26,20,32,12,34,10,36,4,38,2,30,40,28,12,44,10,46,2,42,20,50,8,52,2,48,55,56,20,58,26,60,28,62,10,64,6,66,4,69
dfd1d0bc2f7ee0e0 0 0 1769734,12,6,14,2,6,2,16,18,12,8,22,6,24,4,6,27,10,8,30,6,32,4,2,34,6,4,38,2,28,20,40,42,36,8,46,6,44,20,50,6,52,4,49,54,56,20,58,28,60,6,62,4,64,2,66
4042a04eaace4a68 0 0 1704198,12,8,14,2,6,16,6,2,12,4,20,22,10,8,26,6,28,4,2,30,6,4,34,2,24,18,37,38,32,8,42,6,40,18,46,6,48,4,45,51,52,18,54,24,56,32,58,8,60,6,62,4,65
003414a81054f4c8 0 0 1310982,12,6,14,4,16,2,14,18,12,8,2,22,10,4,4,26,24,20,6,30,28,12,34,4,32,20,38,8,36,40,42,20,44,24,46,28,48,6,50,4,52
d84537da9a701a80 0 0 1900806,12,10,14,6,16,4,15,18,12,8,2,22,8,6,26,4,28,2,6,4,32,2,31,35,10,8,38,4,40,2,24,20,42,44,36,12,48,8,50,6,46,20,54,4,56,2,52,59,60,24,62,46,64,12,66,6,68,2,71
10b20ab8f272d848 0 0 1966342,12,10,14,6,16,4,15,18,12,8,2,22,8,6,26,4,28,2,6,4,32,2,31,35,10,8,38,4,40,2,24,20,42,44,36,12,48,8,50,6,46,20,54,4,56,2,52,59,60,24,62,36,64,46,66,12,68,8,70,4,72
ecfa06004682fc28 0 0 1835270,12,6,14,4,16,2,8,6,18,21,20,2,12,8,26,6,25,28,10,6,2,32,20,4,36,2,30,22,40,8,42,6,38,45,34,6,46,22,50,8,52,6,54,4,48,56,58,22,60,30,62,6,64,4,66,2,68
de2af8ec32a0be00 0 0 1900806,12,6,14,4,16,2,8,6,18,21,20,2,12,8,26,6,25,28,10,6,2,32,20,4,36,2,30,22,40,8,42,6,38,45,34,6,46,22,50,8,52,6,54,4,48,56,58,22,60,30,62,34,64,6,66,4,68,2,70
a1225122a428f488 0 0 1835270,6,4,12,6,14,16,10,6,20,2,8,22,8,4,26,2,14,28,4,2,24,18,34,12,36,8,38,6,40,2,32,43,30,2,44,18,48,12,50,8,52,4,47,54,56,18,58,24,60,44,62,12,64,8,66,4,68
26670a440618a648 0 0 1900806,10,8,14,6,16,2,2,19,10,4,22,2,14,24,14,4,28,2,22,30,4,2,26,20,36,12,38,10,40,6,34,43,32,12,46,8,48,6,50,2,44,20,54,6,53,57,58,26,60,12,62,8,64,6,66,4,68,2,71
013add70220054e0 0 0 2228486,10,8,14,6,16,2,4,19,8,4,22,2,14,25,8,2,14,4,30,2,29,32,4,2,26,20,38,12,40,10,42,6,44,4,46,2,36,49,34,12,52,8,54,6,56,2,50,20,60,6,62,4,64,2,59,67,68,20,70,26,72,12,74,8,76,6,78,2,81
40a94bb404d200c0 0 0 2097414,10,8,14,6,16,2,4,19,8,14,10,4,14,4,26,2,24,28,4,2,22,20,34,12,36,10,38,6,40,4,42,2,32,45,30,12,48,8,50,6,52,2,46,20,56,6,58,4,60,2,55,63,64,22,66,12,68,10,70,6,72,4,74,2,77
91ccd7ca525aa0e8 0 0 2097414,10,8,14,6,16,4,2,19,10,14,8,2,14,4,26,2,24,28,4,2,22,20,34,12,36,8,38,6,40,4,42,2,32,45,30,12,48,10,50,6,52,4,46,20,56,6,58,4,60,2,55,63,64,20,66,22,68,12,70,8,72,6,74,4,77
f07300109d806ee0 0 0 1769734,12,6,4,2,14,17,12,8,20,4,5,23,10,6,26,2,2,28,8,4,32,2,24,18,36,12,38,8,40,4,42,2,35,45,30,6,48,2,46,18,52,8,54,4,50,57,58,18,60,24,62,8,64,4,67
a56094686560f468 0 0 1704198,12,8,4,14,4,2,12,6,20,4,22,2,18,24,10,6,2,28,8,4,32,2,26,16,36,12,38,6,40,4,34,42,30,6,44,16,48,8,50,4,46,52,54,16,56,26,58,30,60,4,62,2,64
70b99d8674e89628 0 0 1900806,8,2,3,15,10,8,18,6,12,8,22,6,24,2,20,26,12,6,6,4,31,33,18,4,36,2,28,16,40,12,42,10,44,4,46,2,38,48,34,12,52,6,54,4,50,16,58,10,60,6,57,62,64,16,66,8,68,2,71
7938170c94340a00 0 0 1835270,12,2,12,10,16,4,18,2,14,21,8,4,4,2,25,26,10,6,17,31,16,8,34,6,36,4,38,2,28,22,42,8,44,6,46,2,40,49,32,12,52,10,54,6,50,22,58,10,60,8,57,62,64,28,66,2,68
b93af14edc9cec60 0 0 2162950,8,6,10,8,16,6,14,18,10,4,22,2,16,4,24,27,6,4,12,4,32,2,31,34,12,10,38,8,40,6,28,20,44,12,46,8,42,48,36,12,52,6,54,4,56,2,50,20,60,4,62,2,58,64,66,20,68,28,70,8,72,6,74,4,76,2,78
3f62156e9dc02e00 0 0 2294022,12,10,14,8,16,6,18,2,5,20,12,8,24,6,26,4,28,2,24,31,8,4,6,2,34,36,4,2,32,22,42,12,44,10,46,8,48,4,40,51,38,12,54,8,56,6,58,4,52,22,62,10,64,6,66,4,60,68,70,22,72,32,74,10,76,6,78,4,80,2,82
4274ea54c268eac8 0 0 1900806,12,2,6,2,14,16,12,10,20,8,22,6,24,2,7,26,8,4,30,2,31,32,10,6,36,2,28,18,40,12,42,10,44,8,46,6,38,49,34,8,52,2,50,18,56,10,58,6,54,61,62,18,64,28,66,12,68,10,70
ffeceff27566c088 0 0 2031878,12,2,6,2,14,16,12,10,20,8,22,6,24,2,7,26,8,4,30,2,31,32,10,6,36,2,28,18,40,12,42,10,44,8,46,6,38,49,34,8,52,2,50,18,56,10,58,6,54,61,62,18,64,28,66,34,68,12,70,10,72,2,74
dc99aa76034696e0 0 0 1507590,12,8,14,2,8,2,17,18,12,10,22,6,24,2,8,26,6,4,2,30,10,8,28,20,36,6,38,4,35,40,32,6,42,20,46,10,48,8,50,2,44,53,54,20,56,28,58
1dddfdfee30ed608 0 0 1573126,12,8,14,2,8,2,17,18,12,10,22,6,24,2,8,26,6,4,2,30,10,8,28,20,36,6,38,4,35,40,32,6,42,20,46,10,48,8,50,2,44,53,54,20,56,28,58,32,60
cc6ea8fa20d8f800 0 0 1704198,12,10,14,6,16,2,8,18,8,2,12,8,24,2,22,27,6,4,2,30,10,8,28,20,36,6,38,4,34,40,32,6,42,20,46,10,48,8,50,2,45,52,54,28,56,42,58,10,60,8,62,2,64
fe5590a241265a68 0 0 1769734,12,10,14,6,16,2,8,18,8,2,12,8,24,2,22,27,6,4,2,30,10,8,28,20,36,6,38,4,34,40,32,6,42,20,46,10,48,8,50,2,45,52,54,28,56,32,58,42,60,10,62,8,64,2,66
f437718ad332ca20 0 0 2162950,12,4,12,10,16,4,18,2,14,21,16,8,24,4,11,26,6,4,30,2,2,32,10,8,36,6,38,2,28,22,42,6,44,4,46,2,40,48,34,6,52,2,50,22,56,12,58,10,60,8,62,6,64,4,54,66,68,22,70,28,72,12,74,8,76,4,78
1f3a9c744544cc00 0 0 2294022,12,4,12,10,16,4,18,2,14,21,16,8,24,4,11,26,6,4,30,2,2,32,10,8,36,6,38,2,28,22,42,6,44,4,46,2,40,48,34,6,52,2,50,22,56,12,58,10,60,8,62,6,64,4,54,66,68,22,70,28,72,34,74,12,76,8,78,4,80,2,82
f07c42d04646fee0 0 0 2031878,12,10,14,8,16,4,18,2,16,2,20,22,4,2,14,2,26,28,10,6,2,33,8,6,36,4,38,2,30,24,42,10,44,6,41,47,34,6,50,2,48,24,54,12,56,10,58,6,60,2,53,63,64,30,66,48,68,8,70,6,72,2,75
0cc42c827c1e8628 0 0 2162950,12,10,14,8,16,6,18,2,18,4,22,2,20,24,4,2,14,6,30,4,28,32,10,6,36,4,2,38,8,6,42,4,34,26,46,10,48,6,50,4,45,52,40,6,56,2,54,26,60,12,62,10,64,4,59,67,68,34,70,40,72,54,74,8,76,6,79
fb53e42a039800a8 0 0 1966342,12,8,14,6,16,2,10,2,18,21,12,10,24,6,26,2,10,28,6,4,32,2,32,35,10,8,38,6,30,22,42,6,44,4,40,46,36,6,48,22,52,10,54,8,56,6,58,2,50,61,62,22,64,30,66,12,68,10,70,8,72
3d933cf46ac44220 0 0 2031878,12,8,14,6,16,2,10,2,18,21,12,10,24,6,26,2,10,28,6,4,32,2,32,35,10,8,38,6,30,22,42,6,44,4,40,46,36,6,48,22,52,10,54,8,56,6,58,2,50,61,62,22,64,30,66,36,68,12,70,10,72,8,74
fca8372cacf8c8e0 0 0 1966342,12,10,14,6,16,2,10,18,10,2,12,8,24,6,26,2,23,28,6,4,32,2,32,35,10,8,38,6,30,20,42,6,44,4,41,46,36,6,48,20,52,10,54,8,56,6,58,2,51,60,62,30,64,48,66,12,68,6,70,2,72
10a9f9401b443e08 0 0 2031878,12,10,14,6,16,2,10,18,10,2,12,8,24,6,26,2,23,28,6,4,32,2,32,35,10,8,38,6,30,20,42,6,44,4,41,46,36,6,48,20,52,10,54,8,56,6,58,2,51,60,62,30,64,36,66,48,68,12,70,6,72,2,74
72324f922060b8c0 0 0 2031878,12,8,14,6,16,4,12,6,20,4,22,2,18,24,12,10,28,4,30,2,9,32,6,4,36,2,36,39,10,8,42,2,34,26,46,6,48,4,44,50,40,6,52,26,56,12,58,10,60,6,62,4,54,65,66,26,68,34,70,10,72,2,74
a2fe0440dc0ce028 0 0 2097414,12,8,14,6,16,4,12,6,20,4,22,2,18,24,12,10,28,4,30,2,9,32,6,4,36,2,36,39,10,8,42,2,34,26,46,6,48,4,44,50,40,6,52,26,56,12,58,10,60,6,62,4,54,65,66,26,68,34,70,40,72,10,74,2,76
c5862ed2e1584288 0 0 2294022,12,10,14,8,16,6,18,2,14,6,20,22,14,4,26,2,9,29,10,6,32,4,34,2,34,37,8,4,40,2,30,24,44,10,46,6,48,4,42,50,38,6,54,2,52,24,58,12,60,10,62,6,64,4,66,2,57,69,70,30,72,52,74,12,76,10,78,8,80,6,82
edc730f4085e4008 0 0 2228486,12,10,14,2,14,8,18,2,16,20,8,2,18,6,26,4,28,2,25,31,10,6,34,4,36,2,37,38,8,4,32,22,44,10,46,6,48,4,50,2,42,52,40,6,54,22,58,12,60,10,62,8,64,4,57,67,68,32,70,40,72,54,74,12,76,10,78,2,80
51404040a028be28 0 0 2031878,12,2,12,8,16,2,14,18,10,8,22,6,16,6,24,27,6,2,6,4,31,33,12,10,36,8,38,4,40,2,28,20,44,12,46,10,48,4,43,51,34,6,54,4,56,2,52,20,60,10,62,6,59,64,66,34,68,6,70,4,72,2,75
3cab8d40cf64f608 0 0 2359558,10,4,10,6,16,4,14,18,12,8,22,2,10,8,24,26,8,6,30,4,30,2,32,34,12,10,38,6,40,4,28,20,44,12,46,10,42,48,36,8,52,6,54,4,56,2,50,20,60,12,62,8,64,6,66,2,58,68,70,20,72,36,74,10,76,8,78,6,80,4,82,2,84
6427b9a0b5068660 0 0 2162950,10,4,12,10,16,4,18,2,14,21,6,2,10,2,25,26,12,4,12,8,31,33,16,8,36,6,38,4,40,2,28,22,44,10,46,8,48,6,42,51,34,12,54,8,56,4,52,22,60,12,62,6,59,64,66,28,68,34,70,12,72,10,74,8,76,4,79
574529045a124260 0 0 2031878,12,10,14,8,16,2,4,2,18,20,10,8,8,2,25,27,8,4,10,6,32,4,31,34,14,6,38,4,40,2,28,22,44,10,46,8,48,4,43,50,36,2,52,22,56,12,58,4,55,61,62,52,64,12,66,10,68,6,70,4,72,2,75
ef3918ce3c8ceec8 0 0 2097414,12,10,14,8,16,4,14,4,18,20,8,2,12,6,26,4,28,2,24,30,6,4,34,2,2,36,10,8,32,22,42,12,44,8,46,2,40,48,38,6,52,2,50,22,56,12,58,4,60,2,54,62,64,22,66,32,68,12,70,10,72,4,74,2,76
fc5b2ce2089c1c88 0 0 2097414,12,10,14,8,16,4,14,4,18,20,8,2,12,6,26,4,28,2,24,30,6,4,34,2,2,36,10,8,32,22,42,12,44,8,46,2,40,48,38,6,52,2,50,22,56,12,58,4,60,2,54,62,64,22,66,32,68,38,70,12,72,10,74,4,76
a9d0730a730a1000 0 0 2097414,12,10,14,6,16,4,14,8,20,6,22,4,24,2,18,26,8,21,10,6,32,4,2,34,8,4,38,2,30,28,42,12,44,6,46,4,40,49,36,6,52,2,50,28,56,12,58,10,60,8,62,6,55,64,66,30,68,50,70,8,72,4,74,2,76
249f60caf2bca000 0 0 2162950,12,10,14,8,16,4,18,2,14,4,22,2,20,24,8,2,14,6,30,2,28,33,10,6,36,4,38,2,2,40,8,4,34,26,46,12,48,8,50,4,52,2,44,55,42,6,56,26,60,12,62,10,59,64,66,34,68,42,70,56,72,8,74,4,76,2,78
0050301878787800 0 0 1966342,12,10,14,6,16,4,18,2,10,2,20,22,8,6,26,4,10,6,28,30,6,2,4,2,34,36,14,8,40,4,32,24,44,10,46,8,48,6,50,4,42,53,38,2,54,24,58,12,60,8,57,62,64,24,66,54,68,12,70,8,72
39df77525386b268 0 0 2162950,12,10,14,8,16,6,18,2,4,2,20,22,10,4,26,2,8,6,30,2,29,32,30,4,10,8,38,4,36,40,14,6,34,24,46,10,48,2,45,50,42,2,52,24,56,12,58,8,60,6,62,2,55,65,66,34,68,52,70,12,72,8,74,4,76,2,79
c46780b07fec8080 0 0 2228486,12,10,14,8,16,6,18,4,20,2,8,2,22,24,10,8,28,6,30,4,10,4,34,2,33,36,28,4,10,6,40,43,14,6,46,2,38,26,50,10,52,6,54,4,48,56,44,2,58,26,62,12,64,8,61,67,68,26,70,38,72,58,74,12,76,4,78,2,81
6ef0204e7f44ec28 0 0 2031878,12,10,14,8,16,4,18,2,4,2,20,22,10,8,26,6,8,4,28,30,8,2,10,2,34,36,14,6,40,4,32,24,44,10,46,8,48,6,50,4,42,53,38,2,54,24,58,12,60,6,57,62,64,38,66,54,68,12,70,6,72,4,74
011fbfeabefa0000 0 0 1704198,10,8,14,6,12,16,16,4,8,6,22,2,21,24,10,2,15,28,12,6,32,4,26,18,36,4,38,2,34,40,30,2,42,18,46,12,48,4,45,51,52,18,54,30,56,42,58,12,60,4,62,2,65
9b5e77d410269a60 0 0 2162950,12,10,14,8,16,4,18,2,4,2,20,22,10,8,26,6,8,4,28,30,8,2,10,2,34,36,14,6,40,4,32,24,44,10,46,8,48,6,50,4,42,53,38,2,54,24,58,12,60,6,57,62,64,32,66,38,68,54,70,12,72,8,74,6,76,4,78
70c7c3743462ee48 0 0 2228486,12,10,14,6,16,4,18,2,10,8,22,6,20,24,4,2,6,4,28,30,22,4,8,6,36,4,34,38,14,8,42,4,32,26,46,10,48,8,50,6,52,4,44,55,40,2,56,26,60,12,62,8,59,64,66,26,68,32,70,40,72,56,74,12,76,8,78,4,80
012826a0aa9a2848 0 0 1835270,8,6,14,4,5,16,10,2,8,4,20,22,10,8,26,2,10,4,29,30,24,18,34,12,36,10,38,6,3,40,32,12,44,8,46,4,48,2,42,18,52,10,54,8,56,6,58,2,50,61,62,24,64,32,66,4,68
10b06c96545e7288 0 0 2031878,8,2,3,14,12,8,18,6,18,20,10,4,24,2,11,26,4,2,22,16,32,12,34,8,36,6,38,2,31,41,28,6,44,2,42,16,48,10,50,8,52,4,54,2,47,57,58,16,60,22,62,28,64,12,66,10,68,8,70,4,72,2,74
024b2d6c9a867c68 0 0 2031878,8,6,14,4,5,16,10,2,8,4,20,22,10,8,26,2,10,4,29,30,24,18,34,12,36,10,38,6,3,40,32,12,44,8,46,4,48,2,42,18,52,10,54,8,56,6,58,2,50,61,62,18,64,24,66,32,68,8,70,6,72,4,74
322eabded6ca92e8 0 0 2162950,12,2,6,14,10,8,8,6,20,4,22,2,19,25,10,4,28,2,18,6,32,4,30,35,12,6,38,4,40,2,26,16,44,4,46,2,42,48,36,10,52,8,54,6,56,4,58,2,50,16,62,12,64,10,66,8,68,6,70,2,61,73,74,26,76,2,78
9dc476644118aa48 0 0 1966342,12,2,4,14,10,8,18,4,10,6,22,2,20,24,8,6,28,2,18,6,30,32,12,6,36,4,38,2,26,16,42,6,44,2,40,46,34,10,50,8,52,6,54,2,48,16,58,12,60,10,62,8,64,2,56,66,68,16,70,26,72
b890678c93cc4c20 0 0 2097414,12,2,8,14,10,8,18,6,20,4,6,4,24,2,23,26,10,2,10,6,31,33,12,8,36,4,38,2,28,16,42,4,44,2,40,46,34,10,50,6,52,2,48,16,56,12,58,10,60,6,62,4,64,2,55,67,68,28,70,34,72,10,74,6,77
df60b3a62aa62ac0 0 0 2162950,12,2,8,14,10,8,18,6,20,4,12,6,24,4,23,26,12,10,10,6,31,33,12,8,36,4,38,2,28,16,42,12,44,4,40,46,34,12,50,10,52,6,48,16,56,12,58,10,60,6,62,4,64,2,55,67,68,16,70,28,72,34,74,10,76,6,79
446772c8c0206c40 0 0 2228486,12,6,14,4,16,2,12,10,20,8,22,6,24,4,26,2,18,29,10,8,32,4,12,8,36,6,38,4,40,2,34,42,8,4,32,6,47,48,12,2,44,30,54,12,56,6,52,58,50,2,60,30,64,4,63,67,68,44,70,60,72,10,74,8,76,6,78,2,81
840a09f0f3b2dee8 0 0 2294022,12,10,14,6,12,8,18,6,20,4,16,22,4,2,14,8,28,4,30,2,26,32,10,6,36,4,8,4,38,41,28,6,44,2,34,24,48,12,50,8,52,6,47,55,42,2,56,24,60,10,62,8,64,2,59,66,68,24,70,34,72,56,74,8,76,6,78,4,80,2,82
d5640bfeaad82ee8 0 0 2228486,12,8,14,6,16,4,18,2,12,10,22,8,24,6,26,4,20,28,10,4,32,2,12,6,36,4,38,2,35,40,8,4,10,6,46,4,45,48,14,4,42,30,54,12,56,8,58,6,53,60,50,2,62,30,66,4,65,69,70,42,72,50,74,62,76,8,78,2,81
d66cfed201b41000 0 0 2359558,12,10,14,6,12,8,18,6,20,4,16,22,4,2,14,8,28,4,30,2,26,32,10,6,36,4,8,4,38,41,28,6,44,2,34,24,48,12,50,8,52,6,47,55,42,2,56,24,60,10,62,8,64,2,59,66,68,24,70,34,72,42,74,56,76,10,78,8,80,4,82,2,84
4be9c79acbbc48c0 0 0 1900806,8,6,6,4,16,2,15,18,10,8,22,4,10,6,25,26,10,4,30,2,24,2,32,35,28,20,38,12,40,10,42,8,44,6,46,4,48,2,16,50,36,12,54,4,52,20,58,10,60,2,57,62,64,28,66,10,68,6,70
aeea451a6d380ec8 0 0 1835270,8,6,6,4,14,17,10,8,20,4,10,6,24,2,23,26,10,4,30,2,22,2,33,35,16,2,28,18,40,12,42,6,39,45,36,12,48,10,50,8,46,18,54,10,53,56,58,18,60,28,62,8,64,6,66,2,68
4badbf70f340da40 0 0 2162950,10,6,14,4,2,16,10,8,10,20,8,2,20,4,26,2,24,29,22,18,32,12,34,6,36,4,5,39,30,12,42,10,44,8,46,6,48,4,50,2,40,18,54,8,56,6,58,4,60,2,53,62,64,18,66,22,68,12,70,8,72,6,74,4,76,2,79
e867988c735656e8 0 0 1900806,8,6,2,14,10,8,18,4,14,4,22,2,21,24,20,2,9,29,6,4,32,2,26,16,36,12,38,4,40,2,35,42,30,12,46,10,48,8,44,16,52,10,54,6,56,4,58,2,51,61,62,16,64,26,66,6,68,2,70
5e63266c7d3c3600 0 0 1966342,8,4,2,15,10,8,18,6,8,6,22,4,21,24,10,4,28,2,8,31,6,4,26,16,36,12,38,10,40,6,42,4,44,2,34,46,32,12,50,8,52,4,48,16,56,10,58,6,60,4,62,2,55,64,66,26,68,10,70,4,72
5b5cbb00444c54e0 0 0 2162950,8,4,14,2,2,17,10,8,20,6,22,2,8,6,26,4,28,2,24,30,10,4,34,2,9,36,6,4,40,2,32,18,44,12,46,8,48,6,43,50,38,12,54,10,52,18,58,10,60,6,62,4,64,2,56,67,68,18,70,32,72,8,74,6,76,2,78
dbae79a634142aa0 0 0 1769734,8,6,2,15,10,8,18,6,14,4,21,22,10,4,26,2,8,29,6,4,24,16,34,12,36,10,38,6,40,4,42,2,32,45,30,12,48,8,50,4,46,16,54,10,56,2,52,58,60,24,62,46,64,4,66
317fa404f716f808 0 0 1835270,12,10,14,8,4,2,16,19,8,4,10,6,24,4,22,26,8,2,10,8,31,32,14,6,36,4,28,20,40,10,42,8,44,2,38,47,34,10,48,20,52,12,54,10,56,2,50,59,60,20,62,12,64,10,66,8,68
2f713e90f86a52c0 0 0 1966342,12,10,14,8,4,2,16,19,8,4,10,6,24,4,22,26,8,2,10,8,31,32,14,6,36,4,28,20,40,10,42,8,44,2,38,47,34,10,48,20,52,12,54,10,56,2,50,59,60,20,62,28,64,12,66,10,68,8,70,4,72
2e5a9140f5ca4a20 0 0 1966342,12,10,14,8,4,2,16,19,8,4,10,6,24,4,22,26,8,2,10,8,31,32,14,6,36,4,28,20,40,10,42,8,44,2,38,47,34,10,48,20,52,12,54,10,56,2,50,59,60,20,62,28,64,34,66,12,68,8,70,4,72
c11bdaaa0b2e7cc0 0 0 1638662,6,4,6,14,10,8,18,6,20,4,12,10,24,4,22,26,10,2,18,30,12,6,34,4,36,2,28,16,40,8,38,43,32,10,44,16,48,10,50,8,52,6,47,54,56,44,58,10,60,8,62
6b13df20146c50a0 0 0 1638662,12,10,12,14,14,4,18,2,10,6,22,4,20,24,4,2,8,6,30,4,28,33,14,8,26,16,38,2,37,41,34,4,42,16,46,12,48,4,50,2,45,52,54,26,56,42,58,10,60,4,62
017207de01720488 0 0 1704198,10,6,10,14,10,8,18,6,20,4,12,8,24,6,22,26,8,4,8,2,30,32,12,10,36,6,38,2,28,16,42,4,40,45,34,8,46,16,50,10,52,8,54,4,49,56,58,34,60,46,62,4,64
6125ddf0b946c6a0 0 0 1900806,10,8,8,14,6,4,4,2,18,21,14,6,24,4,12,10,28,4,30,2,26,32,28,8,22,16,38,8,40,6,37,42,34,10,46,4,44,16,50,10,52,6,54,4,48,56,58,22,60,34,62,44,64,10,66,6,68,4,70
7664c164ef20d020 0 0 1704198,4,2,8,6,16,2,14,19,8,4,10,8,22,24,10,2,24,2,28,31,26,20,34,12,36,8,38,6,40,2,5,42,32,12,46,8,48,4,44,20,52,6,51,55,56,20,58,26,60,12,62,2,65
fcf400a854dca880 0 0 1769734,4,2,8,6,14,16,8,4,10,2,20,22,10,8,11,26,24,18,30,12,32,8,34,6,36,4,38,2,5,41,28,12,44,8,46,2,42,18,50,6,52,2,49,54,56,24,58,28,60,12,62,4,64,2,67
4cc6aae46e0a00a0 0 0 1835270,4,2,8,6,14,16,8,4,10,8,20,22,10,2,22,2,26,29,24,18,32,12,34,8,36,6,38,2,5,40,30,12,44,8,46,4,48,2,42,18,52,6,54,2,50,56,58,18,60,24,62,30,64,12,66,8,68
2b40452698a6f6c0 0 0 1769734,4,2,8,6,14,16,8,4,20,2,10,8,24,6,23,26,10,6,26,2,31,33,28,18,36,12,38,6,40,4,42,2,5,44,34,12,46,18,50,6,49,53,54,28,56,46,58,12,60,8,62,6,64,2,66
162ddf6cf0b46ca0 0 0 2031878,4,2,8,6,14,16,8,4,20,2,10,4,23,24,10,8,28,4,24,2,31,33,26,18,36,12,38,8,40,6,42,4,44,2,5,46,34,12,50,8,48,18,54,6,53,57,58,18,60,26,62,48,64,12,66,8,68,6,70,4,72,2,74
cd4534d0cecec4a8 0 0 1900806,6,12,8,6,16,4,18,2,10,8,22,4,21,24,10,2,22,6,29,31,12,6,34,4,26,14,38,6,40,4,42,2,37,44,32,8,48,6,46,14,52,12,54,8,56,4,58,2,51,61,62,26,64,32,66,8,68,6,71
e36bf6e8cb342e48 0 0 1966342,6,10,8,6,16,4,18,2,12,8,22,2,21,24,12,4,22,6,29,31,10,6,34,2,26,14,38,6,40,4,42,2,37,44,32,8,48,6,46,14,52,10,54,8,56,4,58,2,51,61,62,14,64,26,66,32,68,8,70,6,73
85f5944ee666da00 0 0 2359558,12,6,14,4,12,10,18,8,20,6,22,4,16,24,12,8,28,6,30,4,10,8,34,4,33,36,8,4,34,6,41,43,38,26,46,10,48,8,50,4,52,2,13,55,44,8,58,4,60,2,56,26,64,12,66,10,68,6,70,4,62,73,74,38,76,56,78,10,80,6,82,2,85
20aaf7bea1e83248 0 0 2621702,12,8,14,6,16,4,12,10,20,8,22,6,24,4,26,2,18,29,12,6,32,4,10,4,36,2,35,39,8,4,10,6,44,4,43,47,14,4,50,2,40,30,54,10,56,4,52,58,48,8,62,4,64,2,60,30,68,12,70,10,72,6,74,4,76,2,66,78,80,40,82,48,84,60,86,8,88,4,90,2,92
c1bc060cd7aacac0 0 0 1573126,8,4,14,2,2,16,8,6,10,8,22,6,24,2,20,26,10,23,28,18,32,12,34,8,36,6,38,2,7,40,30,12,42,18,46,6,48,4,44,50,52,28,54,12,56,8,58,6,60
59108f46941e8288 0 0 1704198,8,4,14,2,2,16,8,6,10,8,22,6,24,2,20,26,10,23,28,18,32,12,34,8,36,6,7,39,30,12,42,2,40,18,46,6,48,4,45,50,52,18,54,28,56,12,58,8,60,6,62,4,65
c47374fca512c048 0 0 1638662,8,6,14,4,16,2,2,19,10,8,22,6,24,2,14,26,10,23,28,20,32,12,34,8,36,6,7,38,30,12,42,2,40,20,46,4,44,49,50,28,52,40,54,12,56,8,58,6,60,2,62
c9d9dc3c385878e8 0 0 1900806,4,2,10,6,16,4,14,18,10,8,8,22,8,4,26,2,10,4,28,31,24,20,34,12,36,10,38,8,40,6,42,4,5,44,32,12,46,20,50,10,52,8,54,6,56,2,48,58,60,20,62,24,64,12,66,4,68,2,70
a6ce1dd8d28aaaa0 0 0 2097414,8,6,14,2,4,2,16,19,10,8,11,22,22,4,26,2,8,2,29,30,24,20,34,12,36,6,3,38,32,12,42,10,44,8,46,6,48,4,50,2,40,20,54,10,56,6,58,4,53,61,62,20,64,24,66,12,68,10,70,8,72,4,74,2,77
36d58626779e62c8 0 0 1966342,8,6,14,4,16,2,4,2,18,21,10,8,11,25,24,4,28,2,8,2,30,33,26,22,36,12,38,10,40,6,42,4,3,45,34,12,48,8,50,6,52,2,46,22,56,10,58,6,55,60,62,22,64,26,66,34,68,6,70,4,73
077e98820ff63aa0 0 0 2031878,4,2,8,6,16,4,14,18,10,8,10,22,22,4,26,2,8,2,28,31,24,20,34,12,36,10,38,6,40,4,42,2,3,45,32,12,48,8,50,2,46,20,54,10,56,8,58,6,60,2,53,62,64,20,66,24,68,12,70,8,72,2,75
f4666e5a14904260 0 0 2162950,8,6,14,2,4,2,16,19,10,8,22,2,10,2,25,26,10,4,8,2,31,32,28,20,36,12,38,8,40,6,3,43,34,12,46,10,48,6,50,4,44,20,54,10,56,6,58,4,60,2,53,62,64,28,66,12,68,10,70,8,72,6,74,4,76,2,79
0a3bc4c45c0462c8 0 0 2097414,10,6,14,4,4,2,16,19,10,8,22,4,8,4,25,26,8,2,10,4,31,32,28,20,36,12,38,10,40,6,5,43,34,12,46,8,48,6,50,2,44,20,54,8,56,6,58,4,60,2,53,62,64,20,66,28,68,12,70,8,72,4,74,2,77
771507f4f3624040 0 0 2031878,10,6,14,4,16,2,4,2,18,21,10,8,24,4,8,4,26,28,8,2,10,4,33,35,30,22,38,12,40,10,42,8,44,6,46,2,5,49,36,12,52,6,50,22,56,8,58,6,60,4,54,63,64,22,66,30,68,36,70,6,72,2,75
7bf3605ca2804620 0 0 1900806,12,10,14,4,12,8,16,18,18,6,22,2,14,6,24,26,6,2,10,2,30,32,14,8,36,4,28,20,40,6,38,42,34,2,44,20,48,12,50,10,52,6,54,4,56,2,46,58,60,20,62,28,64,34,66,6,68,2,70
7804002674f82e08 0 0 1769734,8,2,4,2,14,17,8,6,20,4,12,23,20,2,10,4,28,2,26,30,12,10,34,6,24,18,38,10,40,4,37,42,32,10,46,8,48,6,50,4,52,2,44,18,56,6,54,58,60,44,62,8,64,6,66
24cf341cf596b0e0 0 0 2228486,10,8,14,6,16,4,8,4,19,20,4,2,12,10,26,8,28,4,30,2,25,32,8,2,14,37,28,6,40,4,34,22,44,10,46,8,48,2,42,50,38,10,52,22,56,10,58,6,60,4,62,2,55,64,66,34,68,52,70,12,72,8,74,6,76,4,78,2,80
2f0e220c8ae02248 0 0 1835270,8,4,10,8,16,6,18,4,15,20,6,4,12,10,26,8,28,4,30,2,24,32,8,2,16,37,28,6,40,4,34,22,44,8,42,47,38,10,48,22,52,10,54,4,51,57,58,38,60,48,62,10,64,6,66,4,69
a7431c7078a000a0 0 0 2490630,10,2,8,6,16,2,14,18,4,2,12,10,24,8,26,6,28,2,23,30,16,4,10,6,35,36,26,4,40,2,32,20,44,10,46,6,48,2,43,50,38,10,54,8,56,4,58,2,52,20,62,10,64,8,66,6,68,4,70,2,61,73,74,32,76,38,78,52,80,12,82,10,84,4,86,2,89
a9458a8a56104620 0 0 1769734,8,6,3,14,8,4,10,18,10,2,10,8,24,2,23,26,20,16,30,12,32,6,34,2,5,37,28,12,40,4,42,2,38,16,46,6,48,4,50,2,45,53,54,20,56,28,58,38,60,12,62,4,64,2,67
9713d64c77303660 0 0 2556166,10,8,14,6,8,6,18,2,16,21,12,10,24,8,26,6,28,4,30,2,4,2,32,35,18,4,14,4,38,41,26,4,36,22,46,12,48,10,50,8,52,6,54,2,44,57,42,8,60,6,62,4,64,2,58,22,68,12,70,8,72,6,74,4,66,77,78,22,80,36,82,12,84,6,86,4,88,2,90
b53c92e4e9ac9ee8 0 0 2031878,10,6,8,4,15,17,12,10,20,8,4,2,23,25,8,2,10,2,28,31,22,6,34,4,26,18,38,12,40,10,42,8,44,4,36,46,32,8,48,18,52,12,54,6,56,4,50,59,60,18,62,26,64,32,66,12,68,8,70,6,72,2,74
bb1936a869c436a8 0 0 2031878,10,4,14,2,8,2,16,19,10,6,22,2,12,8,26,6,28,2,24,30,12,6,12,10,35,36,10,8,40,4,42,2,32,20,46,8,48,6,44,50,38,10,52,20,56,8,58,6,60,4,62,2,55,65,66,32,68,38,70,52,72,8,75
ec2dfa7eda6cccc0 0 0 1966342,8,6,14,2,4,16,10,8,20,2,8,23,20,4,26,2,8,2,29,31,24,18,34,12,36,8,38,6,3,40,32,12,44,6,42,18,48,10,50,6,52,4,46,55,56,18,58,24,60,12,62,10,64,8,66,6,68,4,70,2,73
7528a0222a8822a0 0 0 1573126,10,6,14,4,16,2,16,19,8,10,8,2,10,4,25,27,22,20,30,12,32,10,5,34,28,12,36,20,40,8,42,2,38,45,46,20,48,22,50,12,52,10,54,8,56,4,58,2,61
5fd801a44a9858a8 0 0 2031878,6,4,8,6,15,16,10,8,20,6,22,2,10,4,24,26,20,4,30,2,26,2,33,34,14,2,28,18,40,12,42,10,44,2,39,46,36,12,50,4,52,2,48,18,56,10,58,6,60,4,62,2,54,65,66,18,68,28,70,10,72,8,74
7cfc52d21ac02a00 0 0 2359558,10,4,14,2,3,16,8,6,20,4,22,2,12,8,26,4,28,2,24,30,12,4,34,2,23,36,10,8,40,4,42,2,32,18,46,12,48,6,50,4,52,2,44,55,38,8,58,6,56,18,62,10,64,8,66,6,68,2,61,71,72,18,74,32,76,12,78,10,80,6,82,4,85
5193898801f062a0 0 0 2162950,12,4,14,2,5,16,6,4,20,2,10,8,24,2,23,27,6,2,10,2,30,33,12,8,36,4,38,2,28,18,42,10,44,8,46,6,48,2,40,51,34,6,52,18,56,12,58,6,60,4,54,62,64,18,66,28,68,34,70,12,72,10,74,8,76,4,79
806a75ca19c080c0 0 0 2490630,10,2,12,10,16,8,18,6,20,4,14,23,16,6,12,6,28,4,30,2,27,33,8,4,10,8,38,6,36,40,12,8,44,4,34,24,48,12,50,10,52,8,54,4,47,56,42,10,60,8,62,6,64,2,58,24,68,10,70,8,72,4,74,2,67,76,78,34,80,58,82,12,84,8,86,6,89
02a9cb3a167e16e8 0 0 2228486,10,8,14,6,16,4,12,10,20,8,19,23,20,6,26,4,12,8,30,4,28,33,8,6,36,4,10,6,39,41,34,24,44,12,46,10,48,8,50,6,52,4,54,2,13,57,42,10,60,6,62,2,58,24,66,10,64,68,70,34,72,42,74,58,76,12,78,6,80
3a79705af852d4e8 0 0 1376518,8,2,4,14,8,6,4,18,10,4,22,2,8,24,20,16,28,8,30,2,2,32,26,12,36,4,34,16,40,12,42,4,39,45,46,16,48,12,50,4,52,2,55
0a800a4664a2a8a8 0 0 1900806,4,10,10,6,16,4,4,18,8,4,10,2,22,24,20,14,28,8,30,4,2,32,26,12,36,10,38,8,40,4,42,2,34,14,46,12,48,10,50,8,52,4,54,2,45,57,58,14,60,12,62,10,64,8,66,4,68,2,71
1740abc87544fa00 0 0 1966342,2,8,8,6,16,4,2,18,10,2,8,4,22,24,20,14,28,10,30,2,4,32,26,12,36,10,38,8,40,4,42,2,34,14,46,12,48,10,50,8,52,4,54,2,45,57,58,14,60,26,62,12,64,10,66,8,68,4,70,2,73
efb060fc9d041248 0 0 1310982,2,12,12,10,2,16,6,2,4,20,10,4,18,14,26,6,28,2,24,30,22,8,34,4,32,14,38,8,40,4,36,42,44,14,46,18,48,8,50,4,52
8600d00cce489448 0 0 1376518,2,12,12,10,2,16,6,2,4,20,10,4,18,14,26,6,28,2,24,30,22,8,34,4,32,14,38,8,40,4,36,42,44,14,46,18,48,22,50,8,52,4,54
3792cd38ee880ec8 0 0 1507590,8,6,5,15,5,8,10,8,20,4,22,2,8,2,25,27,18,16,30,10,32,6,34,4,36,2,3,38,28,12,42,6,40,16,46,12,48,6,45,51,52,18,54,8,56,6,58
e3ccc428f9ac1248 0 0 1704198,10,6,3,15,3,10,10,8,20,4,22,2,10,4,25,27,18,16,30,8,32,6,34,4,36,2,5,38,28,12,42,6,40,16,46,12,48,6,45,51,52,18,54,28,56,8,58,6,60,4,62,2,65
0bace9721f742088 0 0 1704198,12,10,14,8,16,6,18,2,18,21,12,6,3,24,6,4,4,2,29,31,10,8,34,4,26,22,38,12,40,10,42,8,44,4,36,47,32,8,48,22,52,8,50,54,56,22,58,26,60,12,62,6,64
1accee92599652c8 0 0 1966342,8,4,14,2,4,2,16,19,8,6,19,22,10,8,26,4,10,4,30,2,29,32,24,20,36,10,38,2,2,41,34,12,44,10,46,4,48,2,42,20,52,12,54,10,56,4,58,2,50,60,62,20,64,12,66,10,68,8,70,4,72
aad9b37081a2a4c8 0 0 1704198,8,4,4,15,8,6,4,18,10,8,22,4,24,2,10,4,26,29,20,16,32,10,34,2,2,37,30,12,40,10,42,4,38,16,46,12,48,10,50,4,45,53,54,16,56,30,58,12,60,10,62,4,65
482c4a0e0c682c68 0 0 1704198,4,2,12,14,12,10,18,8,20,6,4,22,8,4,2,26,8,6,30,4,24,16,34,12,36,8,38,6,40,4,32,42,28,8,46,6,48,2,44,16,52,12,54,8,56,6,50,58,60,16,62,24,64
5d6b30063ef2ac60 0 0 1179910,10,6,14,4,8,16,10,4,8,2,20,22,2,4,24,18,28,12,30,10,32,6,6,34,36,18,38,8,40,2,26,42,44,18,46,24,48
26ea309a40406ac0 0 0 1245446,8,6,10,8,16,2,15,18,9,16,2,4,22,20,26,12,28,8,30,6,6,32,34,20,36,10,38,8,24,40,42,22,44,34,46,10,48,6,50
4538fe5e73aec8c8 0 0 1310982,8,6,10,8,16,2,15,18,9,16,2,4,22,20,26,12,28,8,30,6,6,32,34,20,36,10,38,8,24,40,42,22,44,24,46,34,48,10,50,6,52
b91b9ef0545c04c0 0 0 1245446,10,6,14,4,8,6,16,18,18,2,10,22,2,4,24,20,28,12,30,8,32,4,6,34,36,20,38,8,40,6,42,2,26,44,46,36,48,6,50
cdb2d0fabfc02a00 0 0 1310982,10,8,14,6,10,16,14,4,20,2,10,4,23,24,4,2,4,29,26,18,32,12,34,8,6,36,38,18,40,10,42,4,30,44,46,18,48,38,50,10,52
a274806a6ede80c0 0 0 1310982,10,4,10,8,16,4,18,2,14,21,10,6,16,24,4,2,4,29,26,22,32,12,34,10,6,36,38,22,40,10,42,8,30,44,46,26,48,38,50,10,52
94e8109c04b44000 0 0 1835270,8,6,14,6,16,6,18,4,20,2,22,2,24,2,10,8,28,6,10,30,28,4,34,2,10,4,37,38,4,2,4,43,40,32,46,12,48,8,6,50,52,32,54,10,56,4,44,58,60,32,62,44,64,52,66,10,68
a84151122acc8cc0 0 0 1376518,10,4,10,8,16,4,18,2,14,21,10,6,16,24,4,2,4,29,26,22,32,12,34,10,6,36,38,22,40,10,42,8,30,44,46,26,48,30,50,38,52,10,54
75f20fd2baa8c088 0 0 1310982,8,6,14,2,11,17,10,6,15,21,2,4,22,18,26,12,28,8,30,6,6,32,24,6,34,18,38,8,40,6,36,43,44,18,46,22,48,6,50,2,52
8edc8426c6a86608 0 0 1376518,8,6,14,2,11,17,10,6,15,21,2,4,22,18,26,12,28,8,30,6,6,32,24,6,34,18,38,8,40,6,36,43,44,18,46,22,48,24,50,6,52,2,54
e8a424b4e0f02ce0 0 0 1507590,10,6,14,4,4,16,10,8,20,4,8,4,22,24,4,2,6,28,26,18,32,12,34,10,36,6,38,2,2,40,30,8,44,6,42,18,48,8,50,4,46,52,54,18,56,26,58
b894c494fc808080 0 0 1573126,10,6,14,4,4,16,10,8,20,4,8,4,22,24,4,2,6,28,26,18,32,12,34,10,36,6,38,2,2,40,30,8,44,6,42,18,48,8,50,4,46,52,54,18,56,26,58,30,60
ef724f920008a0e8 0 0 1900806,8,2,10,8,16,6,18,4,14,20,4,2,16,2,25,26,6,4,30,2,4,32,28,22,36,12,38,10,40,8,42,4,44,2,3,47,34,8,50,4,48,22,54,10,56,8,58,2,53,60,62,28,64,48,66,8,68,2,70
b5b51f98b5ba1068 0 0 1114374,10,4,8,2,14,17,10,6,8,20,3,4,22,18,26,12,6,28,24,6,32,4,30,18,36,8,34,38,40,18,42,10,44,4,46
b5077ca2c6749648 0 0 1179910,10,4,8,2,14,17,10,6,8,20,3,4,22,18,26,12,6,28,24,6,32,4,30,18,36,8,34,38,40,18,42,22,44,10,46,4,48
66e54b3860ec24a8 0 0 1114374,10,4,8,2,14,17,10,6,8,20,3,4,22,18,26,12,6,28,24,6,32,4,30,18,36,8,34,38,40,18,42,24,44,10,46
b9f8949e9f2eb248 0 0 1179910,10,4,8,2,14,17,10,6,8,20,3,4,22,18,26,12,6,28,24,6,32,4,30,18,36,8,34,38,40,18,42,22,44,24,46,10,48
1cdc2248dcdce248 0 0 1769734,10,8,14,6,8,16,14,4,20,2,8,2,23,25,4,2,3,29,26,18,32,12,34,8,6,36,30,6,40,4,42,2,38,18,46,8,48,2,45,51,52,18,54,26,56,38,58,10,60,6,62,4,64,2,67
2a0845a80da86208 0 0 1704198,10,8,14,6,8,16,14,4,20,2,8,2,23,25,4,2,3,29,26,18,32,12,34,8,6,36,30,6,40,4,42,2,38,18,46,8,48,2,45,51,52,18,54,26,56,30,58,38,60,10,62,6,64
7087d0288a82d028 0 0 1507590,12,4,12,6,16,4,18,2,14,20,16,2,7,24,10,4,3,28,26,22,32,12,34,10,36,8,10,38,30,6,42,4,44,2,40,22,48,6,46,51,52,22,54,26,56,4,58
df1b675c029cfe60 0 0 1769734,12,10,14,6,16,2,15,19,16,4,22,2,7,24,8,6,28,4,30,2,3,32,28,2,26,20,38,12,40,8,42,6,37,44,34,6,48,4,50,2,46,20,54,6,53,57,58,26,60,46,62,4,64,2,66
e0510f4ec2f4ee28 0 0 1638662,12,10,14,8,16,6,18,2,16,20,18,4,7,24,8,6,28,4,3,31,28,2,26,22,36,12,38,8,40,6,35,42,32,6,46,4,44,22,50,6,48,53,54,26,56,32,58,44,60,8,62
e6c600e4c4a000a0 0 0 1900806,10,4,14,2,10,8,18,4,16,20,18,6,4,2,24,27,6,2,6,4,32,2,31,35,28,22,38,12,40,8,42,6,3,44,36,8,48,6,50,4,52,2,46,22,56,4,58,2,54,61,62,28,64,46,66,6,68,2,71
ccd8e4783c78e428 0 0 1573126,12,6,14,2,12,17,14,4,12,4,20,22,8,4,26,2,3,29,24,18,32,10,34,8,36,6,38,4,8,40,30,6,44,4,42,18,48,12,50,4,46,52,54,24,56,42,58,8,60
334322526a40e2c8 0 0 1704198,6,4,4,14,10,6,18,4,20,2,4,2,22,25,8,6,3,28,26,16,32,12,34,10,36,6,3,38,30,10,42,8,44,6,46,2,40,16,50,4,52,2,48,55,56,16,58,26,60,6,62,4,64
7606daaa8cfc7000 0 0 1310982,12,2,13,14,10,8,5,18,8,6,5,22,4,2,20,16,26,28,24,6,30,16,34,8,36,6,38,4,40,2,32,42,44,16,46,20,48,10,50,2,52
ef1e510a2c1e92a0 0 0 1245446,12,2,12,15,8,4,18,2,8,20,10,6,24,4,5,26,22,16,5,30,28,6,32,16,36,10,38,8,40,6,34,43,44,16,46,22,48,8,50
a004ec40e6e4aaa0 0 0 1769734,12,10,4,14,4,2,12,6,18,20,8,6,24,4,26,2,2,29,22,16,32,12,9,34,30,8,38,4,36,16,42,8,44,6,46,4,48,2,41,51,52,16,54,22,56,12,58,8,60,6,62,4,64,2,67
9220a6ee6bd09688 0 0 2097414,12,4,12,8,16,4,18,2,14,21,12,10,24,6,5,26,8,4,30,2,8,6,34,2,32,37,4,2,28,22,42,12,44,10,46,8,41,49,38,12,52,8,50,22,56,8,58,6,60,2,54,63,64,22,66,28,68,12,70,10,72,6,74,4,76
cc139306cf689a88 0 0 2425094,12,4,12,8,16,4,18,2,14,21,12,10,24,6,26,4,28,2,5,30,8,4,34,2,8,6,38,2,36,41,4,2,32,22,46,12,48,10,50,8,52,4,54,2,45,57,42,12,60,8,58,22,64,8,66,6,68,2,62,71,72,22,74,32,76,42,78,12,80,10,82,6,84,2,86
d00f9aa01388f688 0 0 1900806,8,6,14,2,13,16,12,10,3,20,8,4,24,2,15,27,4,2,22,18,32,12,34,10,36,2,31,39,28,12,42,8,44,6,46,4,40,18,50,8,52,4,54,2,48,57,58,18,60,22,62,12,64,10,66,6,68,2,70
e9b460ac07faacc0 0 0 2031878,8,4,12,6,16,4,18,2,14,21,12,10,3,24,14,2,8,6,29,31,4,2,26,22,36,12,38,10,40,2,35,43,32,12,46,8,48,6,50,4,44,22,54,8,56,6,52,59,60,22,62,26,64,32,66,12,68,10,70,8,72,2,75
531ae5f6583878e8 0 0 2162950,6,4,14,2,12,8,18,4,20,2,17,22,12,10,26,4,3,28,8,4,32,2,14,35,30,24,38,12,40,10,42,4,44,2,4,47,36,12,50,8,52,6,54,4,48,24,58,8,60,4,62,2,57,65,66,30,68,48,70,10,72,8,74,4,76,2,79
4428627680e6d6c8 0 0 2097414,6,4,14,2,12,8,18,6,17,21,12,10,24,6,3,26,8,6,30,2,14,33,4,2,28,22,38,12,40,10,42,6,44,2,37,47,34,12,50,8,48,22,54,8,56,6,58,2,53,61,62,28,64,34,66,48,68,10,70,8,72,6,74,4,76
d3f59876159cd668 0 0 1769734,8,4,14,2,12,8,16,19,4,2,12,10,24,2,22,27,8,6,8,31,28,20,34,10,36,2,4,38,32,12,42,2,40,20,46,8,48,6,45,51,52,20,54,28,56,32,58,12,60,8,62,6,64,4,67
a22b4d5aa11e7ea0 0 0 2228486,6,4,14,2,12,8,18,4,20,2,17,22,12,10,26,8,28,4,5,30,6,2,8,4,36,2,34,39,4,2,32,24,44,10,46,6,43,48,40,12,52,8,54,6,56,4,58,2,50,24,62,8,64,4,66,2,60,69,70,32,72,40,74,50,76,12,78,10,80
1857f114f114f2e8 0 0 1835270,8,6,14,2,12,6,18,2,16,21,12,10,24,4,4,26,14,4,30,2,8,32,4,2,28,22,38,4,40,2,37,43,34,12,46,8,48,4,50,2,44,22,54,8,52,56,58,22,60,28,62,12,64,8,66,4,68
8338b774d64056c0 0 0 1835270,8,6,14,2,12,6,18,2,16,21,12,10,24,4,4,26,14,4,30,2,8,32,4,2,28,22,38,4,40,2,37,43,34,12,46,8,48,4,50,2,44,22,54,8,52,56,58,22,60,28,62,34,64,12,66,4,68
1203410086f44608 0 0 1900806,12,8,14,6,16,4,18,2,6,20,12,10,24,6,26,2,4,28,6,4,8,6,34,2,32,37,4,2,30,22,42,4,44,2,41,47,38,12,50,8,48,22,54,8,56,6,58,2,53,61,62,30,64,48,66,4,68,2,71
3f67079498c09c00 0 0 1966342,12,8,14,6,16,4,18,2,6,20,12,10,24,6,26,4,4,28,6,4,8,6,34,2,32,37,4,2,30,22,42,4,44,2,41,47,38,12,50,8,48,22,54,8,56,6,58,2,53,61,62,30,64,38,66,48,68,4,70,2,73
0f60e43a9db63220 0 0 1769734,12,4,14,2,3,16,12,10,20,2,8,2,22,25,8,6,8,29,26,18,32,12,34,4,36,2,11,38,30,12,42,2,40,18,46,8,48,6,45,51,52,18,54,26,56,12,58,10,60,8,62,6,64,2,67
6bac51d2ec5c5428 0 0 1835270,12,4,14,2,3,16,12,10,20,2,8,2,22,25,8,6,8,29,26,18,32,12,34,4,36,2,11,38,30,12,42,2,40,18,46,8,48,6,45,51,52,18,54,26,56,30,58,12,60,10,62,8,64,6,66,2,69
9fb0844a74104240 0 0 2162950,12,6,14,4,16,2,3,19,6,2,13,23,10,8,26,6,28,4,6,31,10,4,34,2,24,20,38,12,40,6,42,4,44,2,37,47,32,12,50,10,52,4,54,2,48,20,58,10,60,8,62,6,64,4,56,67,68,24,70,48,72,12,74,4,76,2,78
0340b2bab7b0d4e0 0 0 2031878,12,4,3,14,12,6,18,2,6,2,20,23,10,8,26,6,28,4,6,30,10,4,24,16,36,12,38,4,34,40,32,12,44,10,46,6,48,4,50,2,42,16,54,10,56,8,58,6,60,4,52,62,64,24,66,32,68,42,70,10,72,6,74
e9eea5ac77703468 0 0 1769734,12,4,14,2,12,10,18,4,16,21,18,2,10,8,26,2,24,29,8,6,8,33,30,22,36,12,38,4,40,2,11,42,34,12,46,2,44,22,50,8,52,6,49,55,56,22,58,30,60,8,62,6,64,4,67
4fe84e56a1245a60 0 0 1835270,12,4,14,2,12,10,18,4,16,21,18,2,10,8,26,2,24,29,8,6,8,33,30,22,36,12,38,4,40,2,11,42,34,12,46,2,44,22,50,8,52,6,49,55,56,22,58,30,60,34,62,8,64,6,66,4,69
4bc34c70e934aec8 0 0 2425094,12,4,12,10,16,2,14,18,12,6,22,2,10,6,26,4,28,2,24,30,10,8,34,6,36,4,6,38,10,4,32,20,44,12,46,4,42,48,40,12,52,10,54,6,56,4,58,2,50,20,62,10,64,8,66,6,68,4,60,70,72,32,74,50,76,12,78,10,80,6,82,4,84,2,86
ddab4d88a4caae40 0 0 2490630,12,6,14,4,16,2,12,10,20,6,22,2,19,24,10,6,28,4,13,31,10,8,34,6,36,4,6,39,10,4,42,2,32,26,46,12,48,6,50,4,52,2,45,55,40,12,58,10,60,4,62,2,56,26,66,10,68,8,70,6,72,4,64,75,76,32,78,40,80,56,82,6,84,4,86,2,89
c512bc1c95c002a8 0 0 1638662,12,10,14,4,3,17,14,2,8,2,20,23,8,6,8,27,24,18,30,12,32,10,34,4,36,2,11,38,28,12,42,2,40,18,46,8,48,6,45,51,52,18,54,24,56,12,58,8,60,6,62
fc2bbc1cf9ac02a8 0 0 1704198,12,10,14,4,3,17,14,2,8,2,20,23,8,6,8,27,24,18,30,12,32,10,34,4,36,2,11,38,28,12,42,2,40,18,46,8,48,6,45,51,52,18,54,24,56,28,58,12,60,8,62,6,64
ddb125f20f447008 0 0 2031878,12,10,14,6,16,2,3,18,6,2,13,23,10,8,26,6,28,4,6,31,10,4,34,2,24,20,38,12,40,10,42,6,37,45,32,12,48,10,50,4,52,2,46,20,56,10,58,8,60,6,62,4,54,65,66,24,68,46,70,12,72,10,75
9c111c2ac33cc408 0 0 2097414,12,10,14,2,3,16,12,6,20,2,6,2,22,25,10,8,28,6,30,4,6,32,10,4,26,18,38,12,40,10,36,43,34,12,46,10,48,6,50,4,52,2,44,18,56,10,58,8,60,6,62,4,54,64,66,26,68,34,70,44,72,6,74,4,76
082b8e783cdc8680 0 0 1769734,10,2,12,4,14,16,12,10,20,2,12,8,22,24,8,6,8,29,26,18,32,12,34,10,36,4,38,2,11,40,30,12,44,2,42,18,48,8,50,6,47,53,54,18,56,26,58,8,60,6,62,4,64,2,67
9ba015aef83c0880 0 0 1835270,10,2,12,4,14,16,12,10,20,2,12,8,22,24,8,6,8,29,26,18,32,12,34,10,36,4,38,2,11,40,30,12,44,2,42,18,48,8,50,6,47,53,54,18,56,26,58,30,60,8,62,6,64,4,66,2,69
3c3634ce46d002a8 0 0 2359558,10,4,14,2,12,4,18,2,17,20,12,6,24,2,12,10,28,4,26,31,10,8,34,6,36,4,6,38,32,22,42,12,44,10,14,47,40,12,50,10,52,6,54,4,56,2,48,22,60,10,62,8,64,6,66,4,58,68,70,32,72,48,74,12,76,10,78,6,80,4,82,2,84
d6ef87a0360018c0 0 0 2228486,10,4,12,6,16,4,14,19,12,10,22,6,24,4,13,27,10,8,30,6,32,4,6,35,14,2,28,20,40,12,42,10,44,6,39,47,36,12,50,10,52,4,54,2,48,20,58,10,60,8,62,6,64,4,56,67,68,28,70,36,72,48,74,6,76,4,78,2,81
215edcca23dc7448 0 0 2097414,4,2,12,10,15,16,12,8,20,6,8,22,8,4,26,2,8,6,30,2,29,32,24,18,36,8,38,6,40,2,5,42,34,12,46,8,48,6,50,4,44,18,54,8,56,6,58,2,53,60,62,24,64,44,66,12,68,10,70,8,72,6,74,2,76
686656027d26fca8 0 0 2031878,4,2,12,10,15,16,12,8,20,6,22,2,8,6,26,4,28,2,25,30,8,4,27,34,32,18,38,8,40,4,5,42,36,12,46,8,48,6,50,4,52,2,44,18,56,8,58,4,54,60,62,32,64,36,66,44,68,12,70,10,72,8,74
38748a4e9e5a64a0 0 0 2162950,12,10,14,2,14,17,12,8,20,2,8,22,8,2,8,6,28,4,30,2,27,32,24,18,36,8,38,6,40,4,42,2,5,44,34,12,48,8,50,4,52,2,46,18,56,8,58,6,60,4,62,2,55,64,66,24,68,46,70,8,72,6,74,4,76,2,78
668914a6f3b09c28 0 0 2031878,12,10,14,4,16,2,17,18,12,8,22,6,24,2,8,4,28,2,27,31,8,6,28,35,32,20,38,8,40,6,5,43,36,12,46,8,48,6,50,4,52,2,44,20,56,8,58,6,54,61,62,32,64,36,66,44,68,8,70,6,72,2,75
0703038877eaea08 0 0 1704198,12,10,14,2,14,4,17,19,12,4,8,4,24,2,23,26,8,6,8,31,28,20,34,12,36,6,38,2,5,40,32,12,42,20,46,8,48,6,44,51,52,20,54,28,56,12,58,10,60,8,62,4,65
ee6ca000eaa064c0 0 0 2228486,12,10,14,4,16,2,14,18,12,6,22,2,9,25,8,4,28,2,8,6,32,4,34,2,31,36,26,20,40,12,42,4,5,44,38,12,48,6,50,4,52,2,46,20,56,8,58,6,60,4,62,2,54,64,66,20,68,26,70,38,72,12,74,10,76,8,78,4,81
8fee0d1434223e28 0 0 1573126,8,2,12,14,12,10,18,6,20,4,8,22,10,8,26,6,2,28,26,4,32,2,24,16,35,36,30,8,40,6,42,2,38,16,46,10,48,8,50,6,45,52,54,16,56,24,58,10,60
f34f7ce6d9fc5600 0 0 2359558,12,8,14,6,16,2,12,10,20,8,22,6,24,4,18,27,22,4,30,2,10,4,33,35,8,6,38,4,40,2,2,43,10,8,46,4,48,2,36,28,50,52,44,8,56,6,58,2,54,28,62,8,64,6,66,4,68,2,61,71,72,28,74,36,76,12,78,10,80,6,82,2,84
905e75a8eb6e0e68 0 0 2097414,12,4,14,2,10,4,18,2,16,20,12,10,24,6,26,2,18,29,8,6,32,4,2,34,10,8,38,4,40,2,30,22,44,12,46,4,48,2,42,50,36,8,54,6,56,2,52,22,60,8,62,6,64,4,59,66,68,22,70,30,72,4,74,2,76
4541aa040aa466c8 0 0 2359558,12,4,14,2,10,4,18,2,16,20,12,10,24,6,26,2,18,29,8,6,32,4,34,2,2,37,10,8,40,4,42,2,30,22,46,12,48,4,50,2,44,52,38,8,56,6,58,2,54,22,62,8,64,6,66,4,68,2,61,71,72,22,74,30,76,38,78,8,80,6,82,4,85
fe40d2be45261e28 0 0 1900806,12,10,14,4,16,2,10,2,19,21,12,8,24,6,26,4,11,29,6,4,2,32,10,8,36,2,30,22,40,12,42,10,44,4,46,2,39,49,34,6,50,22,54,6,56,4,53,58,60,30,62,50,64,8,66,4,68,2,70
f08fe4ec1b468220 0 0 2097414,12,10,14,4,16,2,10,2,19,21,12,8,24,6,26,4,11,29,6,4,32,2,2,35,10,8,38,2,30,22,42,12,44,10,46,4,48,2,41,51,36,6,52,22,56,6,58,4,60,2,55,63,64,30,66,36,68,52,70,8,72,6,74,4,77
b6f688ac19727228 0 0 2425094,12,4,14,2,12,6,18,4,20,2,16,23,12,10,26,8,6,2,28,31,8,6,34,4,36,2,2,39,10,6,42,4,32,24,46,12,48,4,50,2,45,52,40,8,56,6,58,2,54,24,62,8,64,6,66,4,68,2,61,71,72,24,74,32,76,12,78,10,80,6,82,4,84,2,87
49ac88f6e9728228 0 0 2359558,12,10,14,4,16,2,14,8,20,6,22,4,24,2,19,27,12,8,30,4,8,6,34,2,32,36,6,4,40,2,2,43,10,8,46,6,48,2,38,28,52,12,54,10,56,4,58,2,50,61,44,6,62,28,66,6,68,4,70,2,65,73,74,38,76,62,78,12,80,10,82,6,84
cda6d10c37e28e48 0 0 2294022,12,10,14,4,16,2,14,8,20,6,22,4,24,2,19,27,12,8,30,4,8,6,34,2,32,36,6,4,2,40,10,8,44,6,46,2,38,28,50,12,52,10,54,4,56,2,48,59,42,6,60,28,64,6,66,4,63,68,70,38,72,42,74,60,76,12,78,10,80,2,83
d0eef81494229e28 0 0 1900806,12,10,14,8,16,4,18,2,6,20,12,2,6,2,25,26,8,6,30,4,2,32,10,6,36,4,38,2,28,22,42,6,40,44,34,8,48,6,50,2,46,22,54,8,56,6,58,4,53,60,62,22,64,28,66,6,68,4,70
f43083ba47a81200 0 0 2031878,12,8,14,6,16,4,4,18,12,6,22,4,24,2,23,27,10,6,30,4,32,2,2,35,8,6,38,4,40,2,28,20,44,4,43,46,36,6,50,2,48,20,54,10,56,6,58,4,60,2,52,63,64,20,66,28,68,12,70,6,72,2,75
3e0706bc26c81e40 0 0 2162950,12,10,14,8,16,6,10,4,19,21,12,4,20,2,24,27,6,4,30,2,2,32,10,8,36,4,38,2,28,22,42,12,44,8,46,6,48,4,41,50,34,6,54,2,52,22,58,6,60,4,62,2,56,64,66,22,68,28,70,10,72,8,74,6,76,4,79
c934943cc46c08a0 0 0 2097414,12,10,14,8,16,6,10,4,19,21,12,4,20,2,24,27,6,4,2,31,10,8,34,4,36,2,28,22,40,12,42,8,44,6,46,4,39,48,32,6,52,2,50,22,56,6,58,4,54,61,62,22,64,28,66,32,68,10,70,8,72,4,74,2,77
3c80281cf5ce6ca8 0 0 2162950,12,8,14,6,16,4,18,2,10,20,12,10,24,8,26,4,28,2,10,2,30,32,8,4,2,36,10,8,40,6,34,22,44,12,46,10,48,8,50,6,52,4,54,2,43,56,38,8,58,22,62,8,64,4,61,66,68,34,70,58,72,10,74,4,76,2,78
472c300633c866c0 0 0 2294022,12,10,14,8,16,6,18,4,20,2,12,8,24,6,23,26,12,6,10,4,30,33,8,6,36,4,2,39,10,6,42,4,44,2,34,28,48,10,50,4,52,2,46,55,40,8,58,6,56,28,62,8,64,6,66,4,61,69,70,28,72,34,74,12,76,8,78,4,80,2,83
8d64e90261ee5088 0 0 2490630,12,10,14,8,16,6,18,4,20,2,12,8,24,6,23,26,12,6,10,4,30,33,8,6,36,4,38,2,2,40,10,6,44,4,46,2,34,28,50,10,52,4,54,2,48,57,42,8,60,6,58,28,64,8,66,6,68,4,70,2,63,72,74,28,76,34,78,42,80,12,82,6,84,4,86,2,88
46f33e34e306bae0 0 0 1966342,12,10,14,4,6,16,12,8,20,6,22,4,24,2,20,4,27,29,8,4,2,32,10,6,36,2,30,18,40,12,42,10,44,6,46,4,39,48,34,8,50,18,54,8,56,4,52,58,60,18,62,30,64,12,66,6,68,4,70,2,73
77ae523493c28668 0 0 2228486,12,10,14,4,6,16,12,8,20,6,22,4,24,2,20,4,27,29,8,4,32,2,2,35,10,6,38,2,30,18,42,12,44,10,46,6,48,4,41,50,36,8,52,18,56,8,58,4,60,2,54,63,64,18,66,30,68,36,70,12,72,8,74,6,76,4,78,2,81
d0eb872474407680 0 0 2097414,12,6,14,4,16,2,8,6,20,2,18,23,12,10,26,8,28,6,30,2,26,2,33,34,6,4,2,39,10,8,42,6,44,4,46,2,36,24,50,12,52,8,54,4,48,57,40,6,60,2,58,24,64,6,66,4,63,69,70,36,72,58,74,12,77
126766e4e73282a0 0 0 2359558,12,6,14,4,16,2,8,6,20,2,18,23,12,10,26,8,28,6,30,2,26,2,33,34,6,4,38,2,2,40,10,8,44,6,46,4,48,2,36,24,52,12,54,8,56,4,50,59,42,6,62,2,60,24,66,6,68,4,70,2,65,72,74,36,76,42,78,60,80,12,82,6,84
84d9c0de0e3062e0 0 0 1835270,12,10,10,14,12,6,18,2,10,2,21,22,10,8,26,6,28,4,2,30,26,2,24,16,36,12,38,10,40,6,34,43,32,8,46,6,44,16,50,10,52,8,54,6,56,4,49,58,60,16,62,24,64,4,66,2,68
13e4006af9feb080 0 0 1966342,12,10,14,8,16,6,18,2,10,20,12,8,24,2,10,2,27,28,10,8,32,6,34,4,2,36,30,22,40,12,42,10,44,8,32,47,38,8,50,6,48,22,54,10,56,8,58,6,60,4,53,62,64,22,66,30,68,38,70,4,72
f917268cc3423e40 0 0 2162950,12,10,14,8,16,2,14,19,12,6,22,2,9,25,10,8,28,6,30,4,32,2,2,35,28,2,26,20,40,12,42,8,44,6,46,2,38,48,36,8,52,6,50,20,56,10,58,8,60,6,62,4,64,2,55,67,68,20,70,26,72,12,74,4,76,2,78
26dcf5aa1756b4a0 0 0 1442054,8,2,12,14,12,10,18,8,20,6,22,2,8,25,6,4,2,29,10,8,26,16,34,6,36,4,33,39,30,6,42,2,40,16,46,6,48,4,44,51,52,16,54,26,56
00f42ade10e4ece8 0 0 1573126,8,2,12,14,12,10,18,8,20,6,22,2,8,25,6,4,2,29,10,8,26,16,34,6,36,4,33,39,30,6,42,2,40,16,46,6,48,4,44,51,52,16,54,26,56,30,58,2,60
9bb160badd52aa80 0 0 1573126,12,10,14,8,16,6,18,2,8,21,8,2,12,24,6,4,2,29,10,8,26,22,34,6,36,4,32,39,30,6,42,2,40,22,46,6,48,4,45,51,52,26,54,40,56,6,58,4,61
1a9596bc42984268 0 0 1704198,12,10,14,8,16,6,18,2,8,21,8,2,12,24,6,4,2,29,10,8,26,22,34,6,36,4,32,39,30,6,42,2,40,22,46,6,48,4,45,51,52,26,54,30,56,40,58,6,60,4,62,2,65
5c91326679b41088 0 0 1966342,12,6,14,2,12,10,18,6,20,2,17,22,18,8,26,6,10,2,28,31,6,4,2,35,10,8,38,6,32,24,42,6,44,4,41,47,36,6,50,2,48,24,54,6,56,4,52,59,60,24,62,32,64,12,66,10,68,8,70,6,72
dc775c34c56e0ac8 0 0 2097414,12,6,14,2,12,10,18,6,20,2,17,22,18,8,26,6,10,2,28,31,6,4,2,35,10,8,38,6,32,24,42,6,44,4,41,47,36,6,50,2,48,24,54,6,56,4,52,59,60,24,62,32,64,36,66,12,68,10,70,8,72,6,74,2,76
2f878270e4bcfa08 0 0 1966342,12,10,14,8,16,6,12,8,20,6,22,2,18,24,12,6,28,2,10,31,6,4,2,35,10,8,38,6,32,26,42,6,44,4,40,47,36,6,50,2,48,26,54,6,56,4,53,59,60,32,62,48,64,12,66,10,68,8,70,4,73
53f873a403a88c68 0 0 2097414,12,10,14,8,16,6,12,8,20,6,22,2,18,24,12,6,28,2,10,31,6,4,2,35,10,8,38,6,32,26,42,6,44,4,40,47,36,6,50,2,48,26,54,6,56,4,53,59,60,32,62,36,64,48,66,12,68,10,70,8,72,4,74,2,77
92f5cd66f40a3200 0 0 1573126,10,8,14,6,16,2,4,18,6,4,4,2,22,25,8,4,3,28,26,20,32,12,34,6,3,36,30,10,40,8,42,4,44,2,38,20,48,8,50,4,46,52,54,20,56,26,58,6,60
1810af2007804040 0 0 1376518,8,2,10,8,14,16,8,6,4,20,16,4,8,24,22,18,28,12,30,4,32,2,2,34,26,12,38,4,40,2,36,18,44,8,42,46,48,18,50,8,52,2,54
2a5de4be5f728888 0 0 1638662,8,2,10,8,14,16,8,6,20,4,22,2,4,24,16,4,8,28,26,18,32,12,34,4,36,2,2,38,30,12,42,4,44,2,40,18,48,8,46,50,52,18,54,26,56,8,58,4,60,2,62
b07a041c7ef01800 0 0 1376518,8,2,10,8,14,16,8,6,4,20,16,4,8,24,22,18,28,12,30,4,32,2,2,34,26,12,38,4,40,2,36,18,44,8,42,46,48,18,50,26,52,2,54
d05badae5262f8c8 0 0 1638662,8,2,10,8,14,16,8,6,20,4,22,2,4,24,16,4,8,28,26,18,32,12,34,4,36,2,2,38,30,12,42,4,44,2,40,18,48,8,46,50,52,18,54,26,56,30,58,4,60,2,62
6967371c1a288860 0 0 1179910,10,4,9,14,10,6,2,18,8,2,10,23,20,16,26,12,28,2,4,30,24,12,34,2,32,16,38,10,36,40,42,20,44,32,46,4,48
c76f2fb03f9490c0 0 0 1442054,10,4,10,8,14,16,4,2,10,6,21,22,16,4,26,2,10,29,24,18,32,12,34,4,36,2,4,39,30,12,42,4,44,2,40,18,48,10,47,50,52,30,54,40,56
d74ce6f8d044ee00 0 0 1507590,10,8,11,14,4,2,8,6,20,4,19,22,14,4,26,2,8,2,29,31,24,16,34,12,2,36,32,12,38,16,42,8,44,2,40,47,48,16,50,12,52,10,54,4,56,2,59
00a802a82f782288 0 0 1638662,10,8,11,14,8,6,18,2,2,20,14,2,8,4,26,2,24,28,4,2,22,16,34,12,33,36,30,12,38,16,42,8,44,4,46,2,40,48,50,16,52,22,54,30,56,12,58,8,60,2,62
5cc39c5024249c48 0 0 1638662,10,8,10,15,8,6,18,2,4,20,10,4,8,2,24,27,22,16,30,12,32,8,34,2,2,36,28,12,40,8,42,2,38,16,46,8,48,2,44,51,52,22,54,38,56,12,58,10,60,4,62
fe9e2d2e09f05ac0 0 0 1638662,10,8,10,15,8,6,18,4,4,20,10,4,8,2,24,27,22,16,30,12,32,8,34,2,2,36,28,12,40,8,42,2,38,16,46,8,48,2,44,51,52,22,54,28,56,38,58,12,60,4,62
a57aa18e2fdab248 0 0 1704198,10,2,10,8,16,2,14,19,8,6,22,4,22,2,24,26,10,4,8,2,30,33,28,20,36,12,38,8,40,2,2,42,34,12,46,8,48,2,44,20,52,8,54,2,50,57,58,34,60,44,62,12,64
e5775ad2a1448888 0 0 2031878,10,2,10,8,16,2,14,19,8,6,22,4,24,2,23,27,10,4,8,2,30,33,28,20,36,12,38,8,40,2,2,42,34,12,46,8,48,2,44,20,52,8,54,2,50,57,58,28,60,34,62,44,64,12,66,8,68,6,70,4,72,2,75
a888d88808887888 0 0 1114374,6,12,12,10,6,16,2,4,10,8,22,6,18,14,26,4,24,28,30,14,32,10,34,6,36,4,38,2,20,40,42,14,44,18,46
6e49801ce10af0a0 0 0 1442054,12,10,14,2,10,16,10,4,2,20,8,6,24,4,4,26,22,18,14,30,28,8,34,4,32,18,38,8,40,4,36,42,44,18,46,22,48,28,50,10,52,8,54,4,56
6aaced84d65c5e48 0 0 1638662,6,4,8,15,10,8,18,4,4,20,14,2,8,4,25,26,22,16,2,30,28,12,34,8,36,6,38,2,32,16,42,12,44,8,46,6,48,2,40,50,52,16,54,28,56,12,58,6,60,2,62
e38a8c8080081a08 0 0 1442054,10,8,14,6,16,2,8,18,12,10,22,4,14,4,26,2,24,28,4,2,6,4,32,34,22,8,38,2,30,20,40,42,36,4,44,20,48,4,46,50,52,20,54,8,56
e6f3c888c4dec888 0 0 1966342,10,8,14,6,16,2,8,18,12,4,22,2,8,4,26,2,24,29,6,4,4,2,33,35,12,10,38,8,30,20,41,42,36,6,46,4,48,2,44,20,52,6,54,4,56,2,51,59,60,20,62,36,64,8,66,6,68,4,70,2,73
1339bf6a2ffa8000 0 0 1310982,10,8,14,6,16,2,8,18,12,10,22,4,10,24,4,2,6,2,28,30,22,8,34,2,26,20,36,38,32,2,40,20,44,2,42,46,48,20,50,8,52
672291b29d2808e8 0 0 1442054,10,8,14,6,16,2,8,18,12,10,22,4,10,24,4,2,6,2,28,30,22,8,34,2,26,20,36,38,32,2,40,20,44,2,42,46,48,20,50,32,52,8,54,2,56
e002198c5f8ea600 0 0 2228486,12,10,14,8,16,6,8,6,18,20,20,4,2,24,10,6,28,4,30,2,4,32,18,2,26,22,38,12,40,10,42,8,44,6,36,46,34,12,50,10,52,8,54,2,48,22,58,12,60,10,62,8,64,2,57,67,68,22,70,26,72,34,74,12,76,10,78,2,81
76eefaeea224aaa0 0 0 1638662,6,4,14,2,8,6,18,4,16,20,10,8,4,24,14,18,26,22,30,6,32,4,34,2,2,36,28,12,40,8,42,2,38,22,46,12,48,8,50,2,45,53,54,22,56,12,58,8,60,2,63
c7d1e43e393a1a80 0 0 2097414,6,4,14,2,8,4,18,2,16,20,10,8,24,6,26,4,4,28,8,2,14,32,30,22,36,6,38,4,40,2,2,42,34,12,46,8,48,6,50,2,44,22,54,12,56,8,58,6,60,2,52,62,64,22,66,30,68,12,70,8,72,6,74,2,76
6282cc4a3966a4c8 0 0 1704198,6,4,14,2,8,2,16,18,10,8,4,22,8,4,26,2,14,28,24,20,32,6,34,4,36,2,2,38,30,12,42,8,40,20,46,12,48,8,44,50,52,20,54,30,56,12,58,8,60,4,62,2,64
8655522ec28258e8 0 0 2162950,6,4,14,2,8,6,18,2,16,21,10,8,24,6,26,4,4,28,18,4,32,2,14,35,30,22,38,6,40,4,42,2,2,44,36,12,48,8,50,6,52,2,46,22,56,12,58,8,60,6,62,2,54,64,66,22,68,30,70,36,72,12,74,8,76,6,78
d44af77a5020dc40 0 0 1835270,6,4,14,2,8,6,18,4,16,20,4,2,10,8,25,26,8,4,14,31,28,22,34,6,36,4,38,2,2,40,32,12,44,8,46,2,42,22,50,12,52,8,54,2,49,57,58,22,60,28,62,12,64,10,66,2,69
6e6a216ab1e00ee0 0 0 2359558,6,4,14,2,8,4,18,2,16,20,4,2,10,8,26,6,28,4,25,30,8,6,34,4,36,2,14,39,32,22,42,6,44,4,46,2,2,48,40,12,52,8,54,6,56,2,50,22,60,12,62,8,64,6,66,2,58,68,70,22,72,32,74,40,76,12,78,10,80,4,82,2,84
4e085d14bff62cc0 0 0 2162950,8,6,14,4,16,2,6,4,20,2,18,22,4,2,10,8,28,4,26,30,28,6,34,2,5,36,32,24,40,8,42,6,44,4,46,2,3,48,38,12,52,10,54,4,50,24,58,12,60,10,62,4,57,65,66,32,68,12,70,10,72,8,74,6,76,2,79
f6137abc3c047c68 0 0 2162950,8,6,14,4,16,2,6,4,20,2,18,22,4,2,10,8,28,4,26,30,28,6,34,2,5,36,32,24,40,8,42,6,44,4,46,2,3,48,38,12,52,10,54,4,50,24,58,12,60,10,62,4,57,65,66,24,68,32,70,12,72,10,74,8,76,4,79
9f2a4b1ed8eaaa88 0 0 1966342,8,6,14,4,16,2,6,4,20,2,18,22,4,2,10,8,28,4,26,30,28,6,34,2,5,36,32,24,40,8,42,6,44,4,46,2,3,48,38,12,52,10,54,4,50,24,58,12,60,10,62,4,57,65,66,32,68,38,70,12,73
33c01546533a1680 0 0 2228486,8,6,14,4,16,2,6,4,20,2,18,22,4,2,10,8,28,4,26,30,28,6,34,2,5,36,32,24,40,8,42,6,44,4,46,2,3,48,38,12,52,10,54,4,50,24,58,12,60,10,62,4,57,65,66,24,68,32,70,38,72,12,74,6,76,4,78,2,81
9fd61fa69ed83428 0 0 2097414,8,6,14,4,16,2,8,2,18,20,4,2,10,8,26,4,28,2,24,30,26,6,34,2,5,36,32,22,40,8,42,6,44,4,46,2,3,48,38,12,52,10,54,4,50,22,58,12,60,10,62,4,57,65,66,32,68,12,70,10,72,8,74,6,77
59d3d052a57a8c68 0 0 2097414,8,6,14,4,16,2,9,18,4,2,10,8,22,25,24,6,28,4,30,2,5,32,26,20,36,8,38,6,40,4,42,2,3,44,34,12,48,10,50,4,46,20,54,12,56,10,58,4,53,61,62,20,64,26,66,12,68,10,70,8,72,4,74,2,77
8d433cd2f97c2288 0 0 2031878,8,6,14,4,16,2,8,2,18,20,4,2,10,8,26,4,28,2,24,30,26,6,34,2,5,36,32,22,40,8,42,6,44,4,46,2,3,48,38,12,52,10,54,4,50,22,58,12,60,10,62,4,57,65,66,32,68,38,70,12,72,2,75
186a6d68cd9c4e68 0 0 2031878,8,6,14,4,16,2,9,18,4,2,10,8,22,25,24,6,28,4,30,2,5,32,26,20,36,8,38,6,40,4,42,2,3,44,34,12,48,10,50,4,46,20,54,12,56,10,58,4,53,61,62,20,64,26,66,34,68,12,70,6,72,4,75
7c2307ec4d126c88 0 0 2031878,12,8,14,6,16,2,12,6,20,4,22,2,18,25,10,6,28,2,8,2,31,32,6,2,16,4,37,39,12,10,42,8,44,6,46,2,34,26,50,12,52,8,54,6,56,2,48,58,40,4,60,26,64,4,62,66,68,26,70,34,72,4,74
b9a7eeaa4a942e00 0 0 1573126,10,6,14,4,8,16,12,10,20,4,10,8,22,24,4,2,8,6,30,4,28,32,20,8,36,2,26,18,40,8,38,42,34,2,44,18,48,2,46,50,52,18,54,34,56,4,58,2,60
98174a906ed26e88 0 0 2490630,10,8,14,4,16,2,12,8,20,6,22,4,18,24,12,6,28,2,12,10,32,6,34,4,31,36,6,4,14,41,32,8,38,26,46,10,48,8,50,4,52,2,44,54,42,6,58,4,60,2,56,26,64,6,66,4,68,2,63,71,72,26,74,38,76,42,78,10,80,8,82,6,84,4,86,2,89
c687ec6e7174fec8 0 0 1638662,12,10,14,6,16,4,18,2,10,21,12,8,24,6,16,27,6,2,10,4,32,2,30,35,14,8,38,2,28,22,42,10,41,44,36,2,46,22,50,2,48,52,54,22,56,28,58,10,60,2,62
0ea84d28b0f80c88 0 0 2097414,12,6,8,4,14,16,10,8,20,6,22,2,8,2,24,26,6,4,14,4,32,2,30,34,12,10,38,8,40,6,42,4,44,2,28,18,48,12,50,6,46,52,36,6,54,18,58,6,56,60,62,18,64,28,66,36,68,8,70,6,72,4,74,2,76
d5f5a88891bea888 0 0 1573126,10,6,8,15,8,4,18,2,12,21,8,6,24,4,4,2,27,29,12,10,32,8,34,4,22,16,38,8,36,40,30,8,44,6,42,16,48,8,50,6,47,53,54,16,56,30,58,6,61
861c819c88743c48 0 0 1573126,8,6,14,4,16,2,6,2,18,20,10,6,4,2,24,26,10,4,11,30,28,22,34,8,36,6,38,4,40,2,3,42,32,12,46,4,44,22,50,12,52,4,48,54,56,28,58,12,60
96460e84d3d62228 0 0 1769734,8,6,14,4,16,2,6,2,18,20,10,6,24,4,4,2,27,28,10,4,11,32,30,22,36,8,38,6,40,4,42,2,3,44,34,12,48,4,46,22,52,12,54,4,50,56,58,22,60,30,62,12,64,6,66
052045982aaa9a48 0 0 1704198,8,6,14,4,16,2,6,2,18,20,10,6,4,2,24,26,10,4,11,30,28,22,34,8,36,6,38,4,40,2,3,42,32,12,46,4,44,22,50,12,52,4,48,54,56,28,58,32,60,12,62,4,64
e740e68298a6e628 0 0 1900806,8,6,14,4,16,2,6,2,18,20,10,6,24,4,4,2,27,28,10,4,11,32,30,22,36,8,38,6,40,4,42,2,3,44,34,12,48,4,46,22,52,12,54,4,50,56,58,22,60,30,62,34,64,12,66,6,68,4,70
350bd82a5668aaa8 0 0 2359558,12,6,8,6,16,4,14,19,10,6,10,8,24,2,23,27,12,2,14,4,32,2,31,35,12,10,38,8,40,4,42,2,28,20,46,12,48,6,45,50,36,12,54,6,56,2,52,20,60,12,62,6,64,2,59,67,68,20,70,28,72,12,74,10,76,8,78,6,80,4,82,2,85
b33114660702fa00 0 0 2359558,12,6,12,8,16,4,14,18,10,6,10,8,24,2,23,27,12,2,14,4,32,2,30,34,12,10,38,8,40,4,42,2,28,20,46,12,48,6,45,50,36,12,54,4,56,2,52,20,60,12,62,4,64,2,58,66,68,20,70,28,72,12,74,10,76,8,78,6,80,4,82,2,85
478fdf9467a06688 0 0 2031878,8,6,14,4,16,2,8,4,20,2,18,22,10,6,26,4,28,2,4,2,31,32,10,4,11,36,34,24,40,8,42,6,44,4,46,2,3,48,38,12,52,4,50,24,56,12,58,4,54,60,62,24,64,34,66,12,68,8,70,4,72,2,74
e80b05ec53e06680 0 0 2031878,8,6,14,4,16,2,8,4,20,2,18,22,10,6,26,4,28,2,4,2,31,32,10,4,11,36,34,24,40,8,42,6,44,4,46,2,3,48,38,12,52,4,50,24,56,12,58,4,54,60,62,24,64,34,66,38,68,12,70,8,72,2,74
4c65cc30acb6ba20 0 0 1966342,6,4,14,2,8,2,16,18,4,2,10,8,24,4,22,26,24,6,30,2,5,32,28,20,36,8,38,6,40,4,3,42,34,12,46,10,48,4,44,20,52,12,54,10,56,4,51,59,60,20,62,28,64,12,66,10,68,8,70,6,73
866db22e6ef81e88 0 0 1900806,6,4,14,2,8,2,16,18,4,2,10,8,24,4,22,26,24,6,30,2,5,32,28,20,36,8,38,6,40,4,3,42,34,12,46,10,48,4,44,20,52,12,54,10,56,4,51,59,60,20,62,28,64,34,66,12,68,2,71
4938316a2c3ef8c0 0 0 2162950,6,4,14,2,8,2,16,18,4,2,10,8,24,4,26,2,22,28,24,6,32,4,34,2,5,36,30,20,40,8,42,6,44,4,3,46,38,12,50,10,52,4,48,20,56,12,58,10,60,4,55,63,64,20,66,30,68,12,70,10,72,8,74,6,76,2,79
94166716c9f04a80 0 0 1966342,6,4,14,2,8,2,16,18,4,2,10,8,24,4,26,2,22,28,24,6,32,4,34,2,5,36,30,20,40,8,42,6,44,4,3,46,38,12,50,10,52,4,48,20,56,12,58,10,60,4,55,63,64,20,66,30,68,38,70,12,73
6b7445cc2ccc46c0 0 0 2294022,12,8,14,4,16,2,12,18,12,6,22,4,8,24,12,10,28,6,30,4,32,2,4,2,35,36,28,8,40,4,26,20,44,8,46,4,48,2,43,50,38,12,54,10,56,4,58,2,52,20,62,12,64,10,66,4,68,2,61,71,72,20,74,26,76,10,78,4,80,2,83
58fb1310fca0b888 0 0 2359558,10,4,14,2,10,8,18,6,16,21,18,4,8,6,24,27,12,10,30,6,4,2,32,34,30,8,38,6,40,2,28,22,44,8,46,6,48,4,50,2,42,53,36,12,56,10,58,4,60,2,54,22,64,12,66,10,68,4,70,2,63,73,74,22,76,28,78,36,80,12,82,4,85
989a6ab2c1c62200 0 0 1573126,6,2,8,4,16,2,14,18,10,6,22,4,4,2,25,26,10,4,11,30,28,20,34,8,36,6,38,4,3,40,32,12,44,4,42,20,48,12,50,4,46,52,54,20,56,28,58,12,60
30aa20980ef834e0 0 0 1704198,6,2,8,4,16,2,14,18,10,6,22,4,4,2,25,26,10,4,11,30,28,20,34,8,36,6,38,4,3,40,32,12,44,4,42,20,48,12,50,4,46,52,54,20,56,28,58,32,60,12,62,4,64
53c4783274ce7868 0 0 1573126,8,4,7,15,10,6,18,4,20,2,18,23,4,11,24,16,28,8,30,6,32,4,3,34,26,12,38,4,36,16,42,12,44,4,40,46,48,16,50,24,52,12,54,8,56,6,58,4,61
26129924c1721228 0 0 2228486,6,4,14,2,8,2,16,18,10,8,22,4,22,2,24,27,22,6,30,2,4,32,28,20,36,8,38,6,40,4,3,42,34,12,46,8,48,6,50,4,52,2,44,20,56,12,58,8,60,6,62,4,64,2,55,67,68,20,70,28,72,34,74,12,76,8,78,6,81
8ce35b64999082e8 0 0 2425094,12,6,14,4,16,2,12,8,20,4,22,2,18,24,8,6,28,4,30,2,12,2,32,34,12,10,38,6,40,4,4,2,42,44,38,8,48,6,50,4,52,2,36,26,56,8,58,6,54,60,46,12,64,10,66,4,62,26,70,12,72,10,74,4,68,76,78,26,80,36,82,10,84,4,86
6f7ca5d095ba5a20 0 0 1835270,8,6,14,2,10,8,16,18,14,4,10,22,12,8,26,4,6,2,28,30,12,10,34,8,36,2,24,20,40,10,42,6,44,2,38,46,32,12,50,8,48,20,54,12,56,8,52,58,60,20,62,24,64,32,66,12,68
ab75ea806a1e1828 0 0 1966342,12,10,14,2,10,8,18,6,20,2,16,22,18,4,26,2,10,29,14,8,32,6,34,2,6,4,36,39,30,24,42,8,44,4,46,2,20,49,40,12,52,6,50,24,56,12,58,6,55,61,62,24,64,30,66,12,68,8,70,6,73
11cb3cbc273ee4a8 0 0 2097414,10,4,8,6,16,4,18,2,14,21,12,6,17,24,12,10,28,8,30,4,32,2,4,2,35,36,16,2,26,22,42,12,44,8,41,47,38,12,50,10,48,22,54,12,56,10,53,59,60,22,62,26,64,38,66,12,68,10,70,8,72,6,74,2,76
6d78d95aa7e82ac0 0 0 1966342,12,4,8,4,16,2,14,18,10,6,22,2,22,4,26,2,25,28,12,10,32,8,34,6,36,2,36,4,39,40,30,20,44,4,16,47,42,12,50,10,52,4,48,20,56,12,58,10,60,4,54,62,64,20,66,30,68,12,70,10,72
7d3fee8e931ef0a0 0 0 1442054,10,4,14,2,12,10,18,4,16,20,2,18,6,2,4,26,24,22,30,6,32,2,14,34,28,8,38,4,36,22,42,8,44,4,40,46,48,22,50,24,52,10,54,8,56
670bb41483b0a0a0 0 0 1507590,10,4,14,2,12,10,18,4,16,20,2,18,6,2,4,26,24,22,30,6,32,2,14,34,28,8,38,4,36,22,42,8,44,4,40,46,48,22,50,24,52,28,54,10,56,8,58
9174d59a1acc7c00 0 0 1376518,10,8,14,6,2,16,12,10,4,20,8,6,24,4,26,2,4,28,22,18,32,10,34,4,36,2,2,38,30,8,40,18,44,8,42,46,48,18,50,22,52,8,54
3d3bb9802b445000 0 0 1245446,10,4,14,2,12,16,12,4,2,20,6,2,4,25,22,18,28,10,30,6,32,4,14,35,26,8,36,18,40,8,38,42,44,18,46,22,48,8,50
b36266e22cb690a0 0 0 1376518,10,4,14,2,12,16,12,4,2,20,6,2,4,25,22,18,28,10,30,6,32,4,14,35,26,8,36,18,40,8,38,42,44,18,46,22,48,26,50,8,52,4,54
50af585cd3ec6068 0 0 1835270,4,2,12,6,14,16,12,10,5,20,8,6,24,2,24,27,22,18,30,10,32,6,34,4,8,37,28,8,40,4,42,2,38,18,46,12,48,4,50,2,44,52,54,18,56,22,58,12,60,10,62,8,64,4,66,2,68
64e446a864a0a8a8 0 0 1835270,10,8,14,4,14,17,8,4,20,2,14,2,23,24,6,4,4,2,28,31,26,18,34,12,36,10,38,8,40,4,2,42,32,8,46,4,48,2,44,18,52,6,54,2,51,57,58,18,60,32,62,8,64,4,66,2,69
97c0b0e81f48b0e8 0 0 1442054,8,6,10,6,14,16,8,2,10,4,21,23,4,2,5,26,24,18,30,12,32,6,6,34,28,6,38,2,36,18,42,6,41,44,46,24,48,10,50,8,52,4,54,2,57
9cf72bb05cf47280 0 0 1442054,8,6,10,6,14,16,8,2,10,4,21,23,4,2,5,26,24,18,30,12,32,6,6,34,28,6,38,2,36,18,42,6,41,44,46,24,48,28,50,10,52,8,54,4,57
849b3bc4e63afcc0 0 0 1638662,10,8,14,6,16,2,4,18,10,4,14,4,24,2,22,26,10,14,4,2,28,20,34,12,36,10,32,38,30,12,42,10,40,20,46,10,48,8,50,6,52,4,44,54,56,28,58,30,60,4,62
4464b964d4d6ea40 0 0 1573126,10,6,14,4,16,2,2,18,8,2,10,4,22,24,8,11,26,20,30,12,32,8,5,34,28,12,38,8,36,20,42,10,44,6,46,2,40,49,50,20,52,26,54,28,56,8,58,2,60
21e6549c7388dc28 0 0 1573126,8,6,14,4,14,2,16,18,10,2,8,22,8,2,10,4,27,28,24,20,32,12,34,8,36,6,38,2,3,41,30,12,44,8,46,6,48,2,42,20,52,8,54,6,51,57,58,24,60
088d1b78e452f8a8 0 0 1507590,10,6,14,2,14,4,16,18,8,4,22,2,10,4,24,27,8,10,28,20,32,12,5,34,30,12,36,20,40,10,42,6,38,45,46,20,48,28,50,10,52,8,54,6,56,2,58
d9fc5f0a1262a8a8 0 0 1573126,8,6,14,4,16,2,14,18,10,4,22,2,8,2,24,26,9,10,28,20,32,12,34,10,3,36,30,12,40,10,38,20,44,8,46,6,48,4,42,51,52,28,54,30,56,10,58,2,60
ace0f468a872aaa0 0 0 1966342,10,6,14,2,14,4,16,18,8,4,10,22,10,4,8,2,27,28,24,20,32,12,34,10,36,6,38,4,5,41,30,12,44,10,46,6,48,4,42,20,52,10,54,6,51,57,58,20,60,24,62,30,64,10,66,8,68,6,70,2,72
8c0e9e3eeac8c8c8 0 0 1573126,8,6,10,8,16,6,18,4,14,20,12,10,16,24,4,2,6,4,28,30,24,8,34,6,36,4,38,2,26,22,42,4,40,44,32,4,46,22,50,12,52,8,54,6,56,2,48,58,60
c1e4088816008000 0 0 2228486,8,2,8,4,14,16,12,6,20,4,10,8,24,6,26,4,22,28,10,6,24,4,32,34,12,10,38,6,40,2,30,18,44,10,46,8,48,4,50,2,42,52,36,10,56,8,58,4,60,2,54,18,64,12,66,10,68,8,70,6,62,72,74,18,76,8,78,2,80
1b7f69f2de106a68 0 0 1900806,10,8,14,6,16,4,8,4,19,20,12,10,24,8,4,2,26,29,8,2,15,33,26,6,36,4,30,22,40,10,42,8,44,2,38,47,34,10,50,8,52,2,48,22,56,12,55,59,60,22,62,30,64,12,66,10,68,8,70
9f73a64a480ee268 0 0 1966342,8,6,10,8,16,6,18,4,14,20,6,4,12,4,24,26,10,2,16,30,12,10,34,8,36,6,38,4,40,2,28,22,44,10,42,46,32,10,48,22,52,12,54,8,56,6,58,2,50,60,62,22,64,28,66,8,68,6,70,4,72
fee8eca0f8888000 0 0 2162950,10,6,14,4,10,8,16,18,12,10,22,8,24,6,6,4,26,28,18,6,32,4,10,4,36,2,34,39,24,2,30,20,44,10,46,4,43,49,40,10,52,4,50,20,56,12,58,8,60,6,62,4,64,2,55,67,68,20,70,40,72,10,74,8,76,6,78
05717fae284208c8 0 0 2162950,10,8,14,6,8,6,18,2,16,20,12,10,24,8,26,6,4,2,28,31,18,4,14,4,35,36,26,4,32,22,42,10,44,8,46,4,48,2,40,50,38,10,54,8,56,4,58,2,52,22,62,12,64,6,66,4,60,68,70,22,72,32,74,38,76,12,78
abdce6e61b366ac0 0 0 2031878,10,8,14,6,12,8,18,6,20,2,16,22,12,10,26,6,28,4,30,2,18,33,6,2,10,6,38,4,36,40,26,8,44,6,46,2,34,24,50,2,49,53,42,2,54,24,58,12,60,2,57,63,64,34,66,54,68,12,70,6,72,2,75
f7ec31c47b5c8e48 0 0 1966342,12,8,14,2,10,8,18,4,16,21,18,6,24,4,26,2,6,4,29,30,8,6,34,2,25,36,12,10,40,8,42,4,44,2,32,22,48,10,47,51,38,10,52,22,56,10,58,4,55,61,62,22,64,32,66,52,68,10,70,4,73
cc0c51c4a60ca208 0 0 1769734,12,6,14,2,6,4,16,18,12,8,22,6,24,4,10,8,26,28,28,6,32,4,24,34,14,4,38,2,30,20,42,10,44,4,40,46,36,10,50,4,48,20,54,4,52,56,58,30,60,36,62,48,64,4,66
2906c2e2735cc8e8 0 0 2162950,10,6,14,4,16,2,4,2,19,20,12,10,24,6,26,4,4,28,10,8,32,2,32,4,34,36,30,22,40,10,42,8,44,6,46,4,2,49,38,10,52,8,54,6,56,4,58,2,50,22,62,10,64,4,66,2,61,68,70,22,72,30,74,10,76,4,78
23eebef61d1c4cc8 0 0 1573126,10,8,14,6,10,16,8,4,20,2,3,23,10,2,8,27,24,18,30,12,32,10,34,6,36,2,6,38,28,12,42,4,40,18,46,12,48,10,50,2,45,52,54,18,56,10,58,2,60
2fd8f0521bec2280 0 0 1638662,10,8,14,6,10,16,8,4,20,2,3,23,10,2,8,27,24,18,30,12,32,10,34,6,6,37,28,12,40,4,42,2,38,18,46,12,48,10,44,51,52,18,54,28,56,10,58,4,60,2,62
8e755a1e2798c0c0 0 0 2031878,10,2,10,8,16,6,18,2,14,20,8,6,24,4,26,2,3,28,8,11,30,22,34,12,36,10,38,8,40,4,6,43,32,12,46,8,44,22,50,12,52,10,54,8,56,6,58,4,49,61,62,30,64,32,66,44,68,12,70,8,72,2,75
008330a255f4b880 0 0 1900806,10,8,10,6,14,17,6,2,8,4,20,23,10,2,9,27,24,18,30,12,32,8,34,6,36,2,6,38,28,12,42,10,44,4,46,2,40,18,50,12,52,8,54,2,48,56,58,18,60,24,62,28,64,10,66,6,68,2,71
465a28b41ac67428 0 0 1769734,10,8,10,4,16,2,14,18,8,6,4,22,14,4,9,26,4,2,24,20,32,12,34,8,36,4,38,2,31,40,28,12,44,10,46,8,48,4,42,20,52,12,54,8,50,57,58,20,60,12,62,10,64,8,66
dd52fcd65ada6a40 0 0 1966342,12,6,14,2,6,4,16,18,8,6,22,4,24,2,10,8,26,28,28,6,32,4,22,2,34,36,14,4,40,2,30,20,44,10,46,4,42,48,38,10,52,4,50,20,56,4,54,58,60,20,62,30,64,38,66,50,68,6,70,4,72
e26281c28ec2d468 0 0 2425094,10,2,12,8,16,6,18,4,14,21,12,6,24,4,12,10,28,6,30,2,26,33,8,4,10,8,38,6,36,40,16,4,44,2,34,22,48,10,50,8,52,6,54,2,46,56,42,10,60,8,62,6,64,2,58,22,68,12,70,10,72,8,74,4,66,76,78,22,80,34,82,10,84,4,86
7af89792a9d42228 0 0 2818310,10,8,14,6,16,4,12,6,20,4,22,2,19,24,12,8,28,4,30,2,12,10,34,6,36,4,38,2,32,40,8,6,44,4,10,6,47,49,12,2,42,26,54,10,56,6,58,2,52,61,50,10,64,6,66,2,62,26,70,12,72,10,74,8,76,6,78,4,80,2,69,83,84,26,86,42,88,50,90,10,92,8,94,6,96,2,99
c27a6ad2c17a6688 0 0 1704198,10,6,14,4,10,4,16,18,10,8,22,6,24,2,12,10,28,6,26,30,24,28,16,2,32,20,38,12,36,41,34,12,42,20,46,2,45,48,50,32,52,34,54,42,56,10,58,6,60,4,62,2,64
0802b23030ba8a88 0 0 1442054,4,2,8,6,15,16,10,8,8,4,20,22,10,2,20,2,27,28,24,18,32,12,34,4,36,2,5,38,30,12,42,4,44,2,40,18,48,2,46,50,52,24,54,12,56
9b7213feb84c30c0 0 0 1638662,4,2,8,6,15,16,10,8,20,2,8,4,22,24,11,20,26,18,30,12,32,8,34,2,5,37,28,12,40,8,42,2,38,18,46,2,45,48,50,18,52,26,54,12,56,6,58,4,60,2,63
7c9695fc076aee00 0 0 1376518,8,6,4,14,10,8,8,4,18,20,18,2,10,24,4,2,22,16,30,12,32,2,28,34,26,12,38,2,36,16,42,2,40,44,46,22,48,36,50,8,52,2,54
8b4ad64a6d603060 0 0 1704198,10,8,14,4,16,2,10,18,8,6,4,22,10,4,9,26,4,2,24,20,32,12,34,4,36,2,31,38,28,12,42,10,44,8,46,4,40,20,50,12,48,53,54,20,56,24,58,12,60,10,62,8,64
d014a8ec54d4e0e0 0 0 1507590,8,6,4,14,8,4,10,18,10,8,10,2,22,24,4,2,20,16,30,12,32,8,34,2,28,36,26,12,40,8,42,2,38,16,46,2,44,48,50,16,52,20,54,38,56,2,58
c602020aeca828a0 0 0 1638662,10,8,10,4,14,16,8,6,20,4,4,2,22,25,14,4,28,2,8,31,26,18,34,12,36,10,38,2,4,40,32,12,42,18,46,12,48,10,50,4,52,2,45,54,56,42,58,4,60,2,62
c26a686ac048e2c0 0 0 1835270,4,2,8,6,15,16,10,8,20,6,8,4,22,24,10,6,28,2,22,2,31,32,26,18,36,12,38,8,40,2,5,42,34,12,46,8,48,2,44,18,52,2,50,54,56,26,58,34,60,44,62,8,64,6,66,2,68
91ec1ea07c2cfc60 0 0 2031878,8,4,12,10,16,8,18,6,20,2,14,22,8,6,26,4,10,6,28,30,10,8,34,6,36,4,26,2,38,41,16,6,32,24,46,8,48,6,45,50,42,8,54,6,52,24,58,4,60,2,56,63,64,24,66,32,68,52,70,10,72,8,74
bdbc9246df12f0e8 0 0 1704198,8,6,14,4,16,2,16,19,10,8,22,4,8,4,26,2,24,28,11,23,4,2,30,20,36,12,38,10,40,8,34,42,32,12,46,10,48,8,44,20,52,4,50,55,56,30,58,44,60,12,62,8,65
2208c268e2c862c8 0 0 1769734,10,2,10,8,16,4,18,2,14,20,8,6,24,4,2,26,8,18,28,22,32,12,34,10,36,8,38,4,4,40,30,12,42,22,46,12,48,10,50,8,44,52,54,22,56,28,58,30,60,12,62,10,64,2,66
0c86646e22a8c2c8 0 0 1573126,8,6,14,2,14,17,10,8,20,2,8,4,22,24,10,4,20,4,29,30,26,18,34,12,36,2,5,38,32,12,42,2,40,18,46,4,48,2,44,50,52,26,54,32,56,40,58,2,60
733b8c38e20ad460 0 0 2162950,12,8,14,4,4,2,16,18,12,2,2,22,10,8,26,6,28,2,4,31,6,4,34,2,24,20,38,12,40,8,42,4,37,44,32,12,48,8,50,6,52,2,46,20,56,12,58,10,60,8,62,6,55,65,66,20,68,24,70,12,72,10,74,8,76,6,79
fad8f1d2430e7808 0 0 2359558,12,8,14,2,4,2,17,18,12,4,22,2,2,24,10,8,28,6,30,4,32,2,4,35,6,4,26,20,40,12,42,8,44,2,38,47,36,12,50,8,52,6,54,4,56,2,48,20,60,12,62,10,64,8,66,6,59,69,70,20,72,26,74,36,76,12,78,10,80,8,82,6,85
1d6bdfda67eeaaa0 0 0 2097414,12,10,14,2,8,2,16,18,14,4,2,22,8,6,26,4,28,2,8,30,10,8,34,4,36,2,24,20,40,12,42,10,44,2,38,46,32,12,50,8,52,4,48,20,56,12,58,10,60,8,62,6,64,2,54,66,68,24,70,48,72,12,74,10,76
599b37c8ec842828 0 0 2228486,12,10,14,4,8,2,16,18,14,2,2,22,8,6,26,4,28,2,8,30,10,8,24,20,36,12,38,10,40,4,34,42,32,12,46,8,48,4,44,20,52,12,54,10,56,8,58,6,60,4,50,62,64,24,66,32,68,44,70,12,72,10,74,8,76,4,78,2,80
cb0a5338e4bc3068 0 0 2162950,12,8,14,4,14,6,18,4,16,20,12,2,6,4,24,26,10,8,30,6,32,2,4,35,26,2,28,22,40,12,42,8,44,4,39,46,36,12,50,8,52,6,54,2,48,22,58,12,60,10,62,8,64,6,57,67,68,22,70,28,72,10,74,6,76,2,79
fa12f1c40f6ab080 0 0 2294022,12,8,14,4,14,6,18,4,16,20,12,2,6,4,24,26,10,8,30,6,32,2,4,35,26,2,28,22,40,12,42,8,44,4,39,46,36,12,50,8,52,6,54,2,48,22,58,12,60,10,62,8,64,6,57,67,68,22,70,28,72,36,74,10,76,6,78,4,80,2,83
001c1e08776ee4a8 0 0 2425094,12,10,12,6,16,2,15,18,14,4,22,2,10,8,26,6,28,4,25,30,8,4,34,2,8,6,37,39,30,2,32,20,44,12,46,10,43,49,40,12,52,8,54,6,56,4,58,2,50,20,62,12,64,10,66,8,68,6,70,4,72,2,60,74,76,32,78,50,80,10,82,6,84,4,86
3f8c5926c6ecaa80 0 0 2490630,12,10,14,8,16,6,18,4,20,2,4,2,22,25,8,6,28,2,10,8,32,6,34,4,30,36,10,6,28,4,40,43,14,6,46,2,38,26,50,10,52,8,54,4,56,2,48,59,44,10,62,8,64,4,66,2,60,26,70,8,72,2,69,75,76,38,78,60,80,12,82,10,84,4,86,2,89
44b55b4a12f258a8 0 0 2097414,12,8,14,4,4,2,16,18,12,6,22,4,2,24,10,8,28,6,30,2,4,33,6,4,36,2,26,20,40,12,42,8,44,4,39,46,34,12,50,8,52,6,54,2,48,20,58,12,60,10,62,8,64,6,57,66,68,20,70,26,72,10,74,4,76
e3864f8663ac5e68 0 0 2228486,12,8,14,2,4,2,17,18,12,6,22,2,2,25,10,8,28,6,30,4,32,2,4,35,6,4,26,20,40,12,42,8,44,2,38,47,36,12,50,8,52,6,54,4,56,2,48,20,60,12,62,10,64,8,66,6,59,68,70,20,72,26,74,36,76,10,78,4,80
4ac284dc3faa0248 0 0 2359558,12,10,14,4,16,2,8,2,19,20,12,8,24,2,2,27,8,6,30,4,32,2,8,34,10,8,38,2,28,22,42,12,44,10,46,4,48,2,41,51,36,12,54,8,56,4,52,22,60,12,62,10,64,8,66,6,68,4,70,2,58,72,74,28,76,52,78,10,80,8,82,2,85
483207ea08d81200 0 0 2031878,12,10,8,2,15,16,12,8,20,2,2,23,8,6,26,4,28,2,8,30,10,8,34,4,24,18,38,12,40,10,37,43,32,12,46,8,48,4,44,18,52,12,54,10,56,8,58,6,50,60,62,24,64,32,66,44,68,10,70,4,72,2,75
834ab54ab5984c08 0 0 2294022,12,8,14,4,14,6,18,4,16,20,12,6,24,4,6,4,26,28,10,8,32,6,34,2,4,37,28,2,30,22,42,12,44,8,46,4,41,48,38,12,52,8,54,6,56,2,50,22,60,12,62,10,64,8,66,6,59,68,70,22,72,30,74,12,76,10,78,8,80,6,82
7f47538828e03820 0 0 2425094,12,8,14,4,14,6,18,4,16,20,12,6,24,4,6,4,26,28,10,8,32,6,34,2,4,37,28,2,30,22,42,12,44,8,46,4,41,48,38,12,52,8,54,6,56,2,50,22,60,12,62,10,64,8,66,6,59,68,70,22,72,30,74,38,76,12,78,10,80,8,82,6,84,4,86
1c2d03fea954aaa8 0 0 2359558,12,10,14,4,12,6,18,2,16,20,12,8,24,6,10,8,28,6,27,31,8,6,8,4,36,2,35,39,30,2,32,22,44,12,46,10,48,4,42,50,40,12,54,8,56,6,58,4,60,2,52,22,64,12,66,10,68,8,70,6,72,2,62,74,76,32,78,52,80,12,82,2,85
beaaf8cea5cc94a8 0 0 2425094,12,10,12,6,15,17,12,8,20,6,22,2,10,8,26,6,28,4,30,2,24,33,8,6,8,4,38,2,37,41,34,18,44,12,46,10,30,49,42,12,52,8,54,6,56,4,50,18,60,12,62,10,64,8,66,6,68,4,70,2,59,73,74,34,76,42,78,50,80,12,82,8,84,4,87
7f29b4fc887e00e8 0 0 1638662,9,12,12,6,16,4,10,4,19,21,10,8,24,4,6,26,20,2,22,14,32,6,30,34,28,12,38,10,40,4,42,2,36,14,46,12,48,10,50,2,44,53,54,22,56,36,58,10,60,6,63
4ad64e966cfab260 0 0 2097414,12,6,14,2,8,2,17,19,12,4,22,2,10,4,26,2,24,28,10,8,32,4,6,35,30,20,38,6,27,40,36,12,44,10,46,6,48,4,50,2,42,20,54,12,56,10,58,6,60,2,52,63,64,30,66,36,68,42,70,12,72,8,74,6,77
6cd6e8bc4de6b280 0 0 2425094,12,6,14,2,12,10,18,8,20,6,22,4,16,25,12,4,2,28,10,8,32,6,34,4,32,4,36,39,10,4,30,26,44,10,46,8,48,6,50,4,43,52,40,12,56,10,58,6,60,4,62,2,54,26,66,12,68,8,70,6,72,4,65,75,76,26,78,30,80,12,82,10,84,4,87
b5636984865c3c88 0 0 2294022,12,10,14,8,16,4,18,2,13,21,12,6,24,4,26,2,2,29,10,8,32,6,34,4,32,4,37,38,10,4,42,2,30,22,46,10,48,8,50,6,52,4,44,55,40,12,58,10,60,4,62,2,56,22,66,12,68,8,70,4,65,72,74,22,76,30,78,40,80,8,82
5cbff05adb8cee00 0 0 2228486,12,6,14,2,10,8,18,4,20,2,16,22,12,10,3,27,18,6,30,4,21,32,10,4,28,24,38,12,40,8,42,6,44,4,46,2,37,48,34,12,52,10,54,6,56,4,58,2,50,24,62,12,64,10,66,8,68,6,61,70,72,24,74,28,76,4,78,2,80
17e6eb9236d628c8 0 0 2359558,10,8,14,4,16,2,13,19,12,10,22,6,3,25,14,6,28,4,16,31,10,4,34,2,26,20,38,12,40,8,42,4,44,2,36,47,32,12,50,10,52,4,54,2,48,20,58,12,60,10,62,8,64,2,57,66,68,20,70,26,72,32,74,12,76,10,78,8,80,6,82,2,85
e7da10dacb609660 0 0 2097414,12,10,14,8,16,4,18,2,4,20,12,8,24,6,8,6,26,28,8,4,32,2,28,4,35,36,4,2,30,22,42,8,44,4,46,2,40,49,38,12,52,8,54,6,56,4,58,2,50,22,62,12,64,6,60,67,68,30,70,50,72,6,74,2,76
baefbde2f0b4eea0 0 0 2228486,12,10,14,8,16,4,18,2,4,20,12,8,24,6,8,2,26,29,8,6,32,4,8,4,36,2,34,39,4,2,30,22,44,8,46,6,48,4,42,50,40,12,54,8,56,6,58,4,60,2,52,22,64,12,66,2,62,68,70,30,72,40,74,52,76,4,78,2,80
a450d1500fc8d0c8 0 0 2097414,12,10,14,4,15,16,12,8,6,2,21,22,6,4,26,2,8,29,4,2,24,18,34,12,36,6,38,2,32,41,30,12,44,8,46,4,48,2,42,18,52,12,54,4,56,2,51,59,60,24,62,30,64,42,66,12,68,8,70,6,72,4,74,2,77
4d6723ca269a6248 0 0 1638662,12,8,14,2,12,16,12,10,20,8,22,6,8,24,6,4,28,2,2,30,10,8,34,2,26,18,38,12,36,40,32,6,44,2,42,18,48,12,50,4,46,52,54,18,56,26,58,12,60,8,62
a51cd3d015ac6c60 0 0 1835270,12,8,14,2,12,16,12,10,20,8,22,6,8,24,6,4,2,29,10,8,32,2,26,18,36,12,34,38,30,6,42,2,40,18,46,12,48,4,50,2,44,53,54,18,56,26,58,30,60,12,62,8,64,6,66,2,68
00f38086e9d6e6e0 0 0 2097414,12,10,14,8,16,6,18,4,7,20,6,2,12,25,10,8,28,2,2,30,10,6,34,4,36,2,26,22,40,10,42,8,44,4,46,2,38,49,32,8,52,2,50,22,56,12,58,8,60,6,62,4,54,64,66,22,68,26,70,10,72,8,74,4,76
d35f95605cd01ae0 0 0 2162950,12,10,14,8,16,6,18,4,7,20,6,2,12,25,10,8,2,29,10,6,32,4,34,2,26,22,38,10,40,8,42,4,44,2,36,47,30,8,50,2,48,22,54,12,56,8,58,6,60,4,62,2,52,65,66,22,68,26,70,30,72,10,74,4,76,2,78
33921ada9daab448 0 0 1900806,12,8,14,4,14,2,16,19,14,6,22,2,5,24,10,8,2,28,8,6,32,4,34,2,26,20,38,6,40,2,36,43,30,8,44,20,48,12,50,10,52,8,54,4,46,56,58,20,60,26,62,12,64,6,66,4,68,2,70
bc8416681a66ba80 0 0 1835270,12,10,14,6,16,4,8,2,18,21,14,8,24,2,9,27,10,6,30,4,2,32,8,4,28,22,38,10,40,6,42,4,37,44,34,6,48,2,46,22,52,12,54,6,56,2,50,58,60,22,62,28,64,8,66,4,69
9eeeda226c96b2c0 0 0 1966342,12,10,14,8,16,4,18,2,9,20,14,6,8,2,25,27,10,6,30,4,32,2,2,34,8,4,38,2,28,22,42,10,44,6,46,4,48,2,41,50,36,6,52,22,56,12,58,8,54,60,62,22,64,28,66,36,68,8,70,4,73
c0ba64526a989e20 0 0 1704198,12,10,14,4,16,2,9,18,12,8,22,6,24,4,8,2,26,29,6,4,2,32,10,8,36,2,30,20,40,6,42,4,39,44,34,6,46,20,50,12,52,10,54,2,49,57,58,30,60,46,62,12,65
c4fb070865104208 0 0 1769734,12,10,14,4,16,2,9,18,12,8,22,6,24,4,8,2,26,29,6,4,2,32,10,8,36,2,30,20,40,6,42,4,39,44,34,6,46,20,50,12,52,10,54,2,49,57,58,30,60,34,62,46,64,12,67
d9faf2d439669ac0 0 0 2097414,12,10,14,6,16,4,16,2,18,21,14,8,24,6,26,2,5,28,10,6,32,4,2,34,8,6,38,4,30,22,42,10,44,6,46,4,40,48,36,6,52,2,50,22,56,12,58,6,60,2,54,62,64,22,66,30,68,12,70,10,72,8,74,4,76
